running 400 / 2500
START 1 0 coordinate_mom
START 1 1 coordinate_mom
START 1 2 coordinate_mom
START 1 3 coordinate_mom
PROGRESS 400 / 2500
FINISHED 1 0 coordinate_mom completed 0.000235
FINISHED 1 1 coordinate_mom completed 0.000212
FINISHED 1 3 coordinate_mom completed 0.000258
FINISHED 1 2 coordinate_mom completed 0.00028
START 1 4 coordinate_mom
START 1 5 coordinate_mom
START 1 6 coordinate_mom
START 1 7 coordinate_mom
FINISHED 1 5 coordinate_momFINISHED 1 7 coordinate_mom completed 0.000205
 completed 0.000217
FINISHED 1 6 coordinate_mom completed 0.000191
FINISHED 1 4 coordinate_mom completed 0.000189
START 1 8 coordinate_mom
START 1 9 coordinate_mom
START 1 10 coordinate_mom
START 1 11 coordinate_mom
FINISHED 1 10 coordinate_mom completed 0.000269
FINISHED 1 9 coordinate_mom completed 0.000239
FINISHED 1 8 coordinate_mom completed 0.000355
FINISHED 1 11 coordinate_mom completed 0.000223
START 1 12 coordinate_mom
START 1 13 coordinate_mom
START 1 14 coordinate_mom
START 1 15 coordinate_mom
PROGRESS 412 / 2500
FINISHED 1 12FINISHED 1 14  coordinate_momFINISHED 1 13 coordinate_mom completed coordinate_mom  completed 0.0002050.000222
completed 
0.000236
FINISHED 1 15 coordinate_mom completed 0.000292
START 1 16 coordinate_mom
START 1 17 coordinate_mom
START 1 18 coordinate_mom
START 1 19 coordinate_mom
FINISHED 1 19 coordinate_mom completed 0.000222FINISHED 1 17 coordinate_mom
FINISHED  completed 1 16 coordinate_mom completed 0.0001990.000198

FINISHED 1 18 coordinate_mom completed 0.000228
START 1 20 coordinate_mom
START 1 21 coordinate_mom
START 1 22 coordinate_mom
START 1 23 coordinate_mom
FINISHED 1 22 coordinate_mom completed 0.000217
FINISHED 1 20 coordinate_mom completed 0.000204
FINISHED 1 21 coordinate_mom completed 0.000198
FINISHED 1 23 coordinate_mom completed 0.000197
START 1 24 coordinate_mom
START 1 25 coordinate_mom
START 1 26 coordinate_mom
START 1 27 coordinate_mom
PROGRESS 424 / 2500
FINISHED 1 25 coordinate_mom completed 0.000206
FINISHED 1 26 coordinate_mom completed 0.000231
FINISHED 1 24 coordinate_mom completed 0.000239
FINISHED 1 27 coordinate_mom completed 0.000227
START 1 28 coordinate_mom
START 1 29 coordinate_mom
START 1 30 coordinate_mom
START 1 31 coordinate_mom
FINISHEDFINISHEDFINISHED   1 30 coordinate_mom1 28 coordinate_mom  completed 0.0002281
completed  29 coordinate_mom completed FINISHED0.000223
 0.000213
1 31 coordinate_mom completed 0.000217
START 1 32 coordinate_mom
START 1 33 coordinate_mom
START 1 34 coordinate_mom
START 1 35 coordinate_mom
FINISHED 1 34 coordinate_mom completed FINISHED 0.000228
1FINISHED 1  3335 coordinate_mom completed coordinate_mom completed 0.000224
 0.000206
FINISHED 1 32 coordinate_mom completed 0.000196
START 1 36 coordinate_mom
START 1 37 coordinate_mom
START 1 38 coordinate_mom
START 1 39 coordinate_mom
PROGRESS 436 / 2500
FINISHED 1 36 coordinate_mom completedFINISHED 1 0.000219
 38 coordinate_mom completed 0.000257
FINISHED 1 37 coordinate_mom completed 0.00033
FINISHED 1 39 coordinate_mom completed 0.000317
START 1 40 coordinate_mom
START 1 41 coordinate_mom
START 1 42 coordinate_mom
START 1 43 coordinate_mom
FINISHED 1 43 coordinate_mom completed FINISHED 1 41 coordinate_mom0.000222
 completed 0.000208
FINISHED 1 40 coordinate_mom completed 0.000221
FINISHED 1 42 coordinate_mom completed 0.000261
START 1 44 coordinate_mom
START 1 45 coordinate_mom
START 1 46 coordinate_mom
START 1 47 coordinate_mom
FINISHED 1 47 coordinate_mom completed 0.000231
FINISHED 1 44 coordinate_mom completed 0.000198
FINISHED 1 46 coordinate_mom completed 0.00023
FINISHED 1 45 coordinate_mom completed 0.000192
START 1 48 coordinate_mom
START 1 49 coordinate_mom
START 1 50 coordinate_mom
START 1 51 coordinate_mom
PROGRESS 448 / 2500
FINISHED 1 50 coordinate_mom completed 0.000231
FINISHED 1 49 coordinate_mom completed 0.000208
FINISHED 1 48 coordinate_mom completed 0.000279
FINISHED 1 51 coordinate_mom completed 0.000272
START 1 52 coordinate_mom
START 1 53 coordinate_mom
START 1 54 coordinate_mom
START 1 55 coordinate_mom
FINISHED 1 54 coordinate_mom completed FINISHED 0.0001961FINISHED
FINISHED 52 coordinate_mom completed  1 53 coordinate_mom completed 0.000204
0.00022
 1 55 coordinate_mom completed 0.000223
START 1 56 coordinate_mom
START 1 57 coordinate_mom
START 1 58 coordinate_mom
START 1 59 coordinate_mom
FINISHED 1 57 coordinate_mom completed 0.000232
FINISHED 1 59 coordinate_mom completed FINISHED 1 58 coordinate_mom completed 0.000204
0.000212
FINISHED 1 56 coordinate_mom completed 0.00021
START 1 60 coordinate_mom
START 1 61 coordinate_mom
START 1 62 coordinate_mom
START 1 63 coordinate_mom
PROGRESS 460 / 2500
FINISHED 1 61 coordinate_mom completed 0.000232
FINISHED 1 60 coordinate_mom completed 0.000324
FINISHED 1 62 coordinate_mom completed 0.000271
FINISHED 1 63 coordinate_mom completed 0.000439
running 464 / 2500
START 1 64 coordinate_mom
START 1 65 coordinate_mom
START 1 66 coordinate_mom
START 1 67 coordinate_mom
FINISHED 1 67 coordinate_momFINISHED 1 66 coordinate_mom completed 0.000235
 completed 0.000228
FINISHED 1 64 coordinate_mom completed 0.000221
FINISHED 1 65 coordinate_mom completed 0.000254
START 1 68 coordinate_mom
START 1 69 coordinate_mom
START 1 70 coordinate_mom
START 1 71 coordinate_mom
FINISHED 1 69 coordinate_mom completed 0.000231
FINISHED 1 68 coordinate_mom completed 0.000524
FINISHED 1 70 coordinate_mom completed 0.000256
FINISHED 1 71 coordinate_mom completed 0.000259
START 1 72 coordinate_mom
START 1 73 coordinate_mom
START 1 74 coordinate_mom
START 1 75 coordinate_mom
PROGRESS 472 / 2500
FINISHED 1 74 coordinate_mom completed 0.000464
FINISHED 1 72 coordinate_mom completed 0.000255
FINISHED 1 75 coordinate_mom completed 0.000275
FINISHED 1 73 coordinate_mom completed 0.000274
START 1 76 coordinate_mom
START 1 77 coordinate_mom
START 1 78 coordinate_mom
START 1 79 coordinate_mom
FINISHED 1 78 coordinate_mom completed FINISHED 1 77 coordinate_mom completed 0.0002020.000222

FINISHED 1 76 coordinate_mom completed 0.000192
FINISHED 1 79 coordinate_mom completed 0.000218
START 1 80 coordinate_mom
START 1 81 coordinate_mom
START 1 82 coordinate_mom
START 1 83 coordinate_mom
FINISHED 1 82 coordinate_mom completed 0.000222
FINISHED 1 83 coordinate_mom FINISHED 1 FINISHEDcompleted  181  80coordinate_mom  coordinate_mom0.000217
 completedcompleted 0.000206
 0.000215
START 1 84 coordinate_mom
START 1 85 coordinate_mom
START 1 86 coordinate_mom
START 1 87 coordinate_mom
PROGRESS 484 / 2500
FINISHED 1 84 FINISHED 1 85 coordinate_mom completed 0.000211
coordinate_mom completed 0.000229
FINISHED 1 87 coordinate_mom completed 0.000262
FINISHED 1 86 coordinate_mom completed 0.000285
START 1 88 coordinate_mom
START 1 89 coordinate_mom
START 1 90 coordinate_mom
START 1 91 coordinate_mom
FINISHED 1 89 coordinate_mom completed 0.000217
FINISHED 1FINISHED 1 91  88 coordinate_mom completed coordinate_mom completed 0.000198
FINISHED 1 0.0002290 coordinate_mom completed 
0.000196
START 1 92 coordinate_mom
START 1 93 coordinate_mom
START 1 94 coordinate_mom
START 1 95 coordinate_mom
FINISHED 1 95 coordinate_mom completed FINISHED 1 94FINISHED 1 0.000222
93  coordinate_momcoordinate_mom completed completedFINISHED 1  0.00020292 coordinate_mom  completed
0.000205
 0.000206
START 1 96 coordinate_mom
START 1 97 coordinate_mom
START 1 98 coordinate_mom
START 1 99 coordinate_mom
PROGRESS 496 / 2500
FINISHED 1 97 coordinate_mom completed 0.000234
FINISHED 1 98 coordinate_mom completed 0.000216
FINISHED 1 96 coordinate_mom completed 0.000265
FINISHED 1 99 coordinate_mom completed 0.000263
START 1 0 geometric_mom
START 1 1 geometric_mom
START 1 2 geometric_mom
START 1 3 geometric_mom
FINISHED 1 2 geometric_mom completed 0.000728
FINISHED 1 1 geometric_mom completed 0.00162
FINISHED 1 0 geometric_mom completed 0.002912
FINISHED 1 3 geometric_mom completed 0.001124
START 1 4 geometric_mom
START 1 5 geometric_mom
START 1 6 geometric_mom
START 1 7 geometric_mom
FINISHED 1 5 geometric_mom completed 0.000646
FINISHED 1 4 geometric_mom completed 0.000966
FINISHED 1 6 geometric_mom completed 0.000941
FINISHED 1 7 geometric_mom completed 0.001558
START 1 8 geometric_mom
START 1 9 geometric_mom
START 1 10 geometric_mom
START 1 11 geometric_mom
PROGRESS 508 / 2500
FINISHED 1 8 geometric_mom completed 0.000804
FINISHED 1 10 geometric_mom completed 0.001419
FINISHED 1 9 geometric_mom completed 0.001417
FINISHED 1 11 geometric_mom completed 0.000777
running 512 / 2500
START 1 12 geometric_mom
START 1 13 geometric_mom
START 1 14 geometric_mom
START 1 15 geometric_mom
FINISHED 1 14 geometric_mom completed 0.000904
FINISHED 1 13 geometric_mom completed 0.002078
FINISHED 1 12 geometric_mom completed 0.002638
FINISHED 1 15 geometric_mom completed 0.000897
START 1 16 geometric_mom
START 1 17 geometric_mom
START 1 18 geometric_mom
START 1 19 geometric_mom
FINISHED 1 16 geometric_mom completed 0.000847
FINISHED 1 19 geometric_mom completed 0.001295
FINISHED 1 17 geometric_mom completed 0.000979
FINISHED 1 18 geometric_mom completed 0.002345
START 1 20 geometric_mom
START 1 21 geometric_mom
START 1 22 geometric_mom
START 1 23 geometric_mom
PROGRESS 520 / 2500
FINISHED 1 21 geometric_mom completed 0.00065
FINISHED 1 22 geometric_mom completed 0.000646
FINISHED 1 23 geometric_mom completed 0.000939
FINISHED 1 20 geometric_mom completed 0.000951
START 1 24 geometric_mom
START 1 25 geometric_mom
START 1 26 geometric_mom
START 1 27 geometric_mom
FINISHED 1 27 geometric_mom completed 0.000655
FINISHED 1 26 geometric_mom completed 0.00066
FINISHED 1 24 geometric_mom completed 0.00091
FINISHED 1 25 geometric_mom completed 0.006759
START 1 28 geometric_mom
START 1 29 geometric_mom
START 1 30 geometric_mom
START 1 31 geometric_mom
FINISHED 1 29 geometric_mom completed 0.000794
FINISHED 1 30 geometric_mom completed 0.000837
FINISHED 1 31 geometric_mom completed 0.000934
FINISHED 1 28 geometric_mom completed 0.000977
START 1 32 geometric_mom
START 1 33 geometric_mom
START 1 34 geometric_mom
START 1 35 geometric_mom
PROGRESS 532 / 2500
FINISHED 1 35 geometric_mom completed 0.000735
FINISHED 1 34 geometric_mom completed 0.000843
FINISHED 1 33 geometric_mom completed 0.00176
FINISHED 1 32 geometric_mom completed 0.004224
START 1 36 geometric_mom
START 1 37 geometric_mom
START 1 38 geometric_mom
START 1 39 geometric_mom
FINISHED 1 38 geometric_mom completed 0.00085
FINISHED 1 37 geometric_mom completed 0.000814
FINISHED 1 36 geometric_mom completed 0.00067
FINISHED 1 39 geometric_mom completed 0.000918
START 1 40 geometric_mom
START 1 41 geometric_mom
START 1 42 geometric_mom
START 1 43 geometric_mom
FINISHED 1 43 geometric_mom completed 0.000659
FINISHED 1 40 geometric_mom completed 0.000906
FINISHED 1 41 geometric_mom completed 0.001544
FINISHED 1 42 geometric_mom completed 0.000877
START 1 44 geometric_mom
START 1 45 geometric_mom
START 1 46 geometric_mom
START 1 47 geometric_mom
PROGRESS 544 / 2500
FINISHED 1 44 geometric_mom completed 0.000831
FINISHED 1 46 geometric_mom completed 0.000934
FINISHED 1 47 geometric_mom completed 0.001245
FINISHED 1 45 geometric_mom completed 0.002305
START 1 48 geometric_mom
START 1 49 geometric_mom
START 1 50 geometric_mom
START 1 51 geometric_mom
FINISHED 1 49 geometric_mom completed 0.000689
FINISHED 1 50 geometric_mom completed 0.000882
FINISHED 1 48 geometric_mom completed 0.000901
FINISHED 1 51 geometric_mom completed 0.000849
START 1 52 geometric_mom
START 1 53 geometric_mom
START 1 54 geometric_mom
START 1 55 geometric_mom
FINISHED 1 53 geometric_mom completed FINISHED0.000744
 1 52 geometric_mom completed 0.000757
FINISHED 1 54 geometric_mom completed 0.001161
FINISHED 1 55 geometric_mom completed 0.001643
START 1 56 geometric_mom
START 1 57 geometric_mom
START 1 58 geometric_mom
START 1 59 geometric_mom
PROGRESS 556 / 2500
FINISHED 1 56 geometric_mom completed 0.000843
FINISHED 1 59 geometric_mom completed 0.002467
FINISHED 1 57 geometric_mom completed 0.000925
FINISHED 1 58 geometric_mom completed 0.000887
running 560 / 2500
START 1 60 geometric_mom
START 1 61 geometric_mom
START 1 62 geometric_mom
START 1 63 geometric_mom
FINISHED 1 63 geometric_mom completed 0.00076
FINISHED 1 62 geometric_mom completed 0.000874
FINISHED 1 60 geometric_mom completed 0.000938
FINISHED 1 61 geometric_mom completed 0.001015
START 1 64 geometric_mom
START 1 65 geometric_mom
START 1 66 geometric_mom
START 1 67 geometric_mom
FINISHED 1 66 geometric_mom completed 0.000897
FINISHED 1 65 geometric_mom completed 0.000916
FINISHED 1 64 geometric_mom completed 0.001894
FINISHED 1 67 geometric_mom completed 0.004277
START 1 68 geometric_mom
START 1 69 geometric_mom
START 1 70 geometric_mom
START 1 71 geometric_mom
PROGRESS 568 / 2500
FINISHED 1 71 geometric_mom completed 0.000987
FINISHED 1 69 geometric_mom completed 0.002834
FINISHED 1 68 geometric_mom completed 0.000828
FINISHED 1 70 geometric_mom completed 0.001179
START 1 72 geometric_mom
START 1 73 geometric_mom
START 1 74 geometric_mom
START 1 75 geometric_mom
FINISHED 1 75 geometric_mom completed 0.000825
FINISHED 1 72 geometric_mom completed 0.000704
FINISHED 1 74 geometric_mom completed 0.000648
FINISHED 1 73 geometric_mom completed 0.002806
START 1 76 geometric_mom
START 1 77 geometric_mom
START 1 78 geometric_mom
START 1 79 geometric_mom
FINISHED 1 76 geometric_mom completed 0.000757
FINISHED 1 79 geometric_mom completed 0.001536
FINISHED 1 77 geometric_mom completed 0.000852
FINISHED 1 78 geometric_mom completed 0.000681
START 1 80 geometric_mom
START 1 81 geometric_mom
START 1 82 geometric_mom
START 1 83 geometric_mom
PROGRESS 580 / 2500
FINISHED 1 83 geometric_mom completed 0.000613
FINISHED 1 80 geometric_mom completed 0.003759
FINISHED 1 82 geometric_mom completed 0.000742
FINISHED 1 81 geometric_mom completed 0.001072
START 1 84 geometric_mom
START 1 85 geometric_mom
START 1 86 geometric_mom
START 1 87 geometric_mom
FINISHED 1 85 geometric_mom completed 0.000735
FINISHED 1 84 geometric_mom completed 0.001164
FINISHED 1 87 geometric_mom completed 0.002034
FINISHED 1 86 geometric_mom completed 0.002506
START 1 88 geometric_mom
START 1 89 geometric_mom
START 1 90 geometric_mom
START 1 91 geometric_mom
FINISHED 1 90 geometric_mom completed 0.000664
FINISHED 1 91 geometric_mom completed 0.000788
FINISHED 1 88 geometric_mom completed 0.001366
FINISHED 1 89 geometric_mom completed 0.001418
START 1 92 geometric_mom
START 1 93 geometric_mom
START 1 94 geometric_mom
START 1 95 geometric_mom
PROGRESS 592 / 2500
FINISHED 1 93 geometric_mom completed 0.000747
FINISHED 1 94 geometric_mom completed 0.0019
FINISHED 1 92 geometric_mom completed 0.003617
FINISHED 1 95 geometric_mom completed 0.000661
START 1 96 geometric_mom
START 1 97 geometric_mom
START 1 98 geometric_mom
START 1 99 geometric_mom
FINISHED 1 96 geometric_mom completed 0.000666
FINISHED 1 99 geometric_mom completed 0.000714
FINISHED 1 98 geometric_mom completed 0.000835
FINISHED 1 97 geometric_mom completed 0.001067
START 1 0 dl_clarabel
START 1 1 dl_clarabel
START 1 2 dl_clarabel
START 1 3 dl_clarabel
FINISHED 1 1 dl_clarabel completed 0.263042
FINISHED 1 3 dl_clarabel completed 0.298016
FINISHED 1 0 dl_clarabel completed 0.356665
FINISHED 1 2 dl_clarabel completed 0.359677
START 1 4 dl_clarabel
START 1 5 dl_clarabel
START 1 6 dl_clarabel
START 1 7 dl_clarabel
PROGRESS 604 / 2500
FINISHED 1 5 dl_clarabel completed 0.317645
FINISHED 1 7 dl_clarabel completed 0.336043
FINISHED 1 4 dl_clarabel completed 0.356855
FINISHED 1 6 dl_clarabel completed 0.361536
running 608 / 2500
START 1 8 dl_clarabel
START 1 9 dl_clarabel
START 1 10 dl_clarabel
START 1 11 dl_clarabel
FINISHED 1 11 dl_clarabel completed 0.286718
FINISHED 1 8 dl_clarabel completed 0.309234
FINISHED 1 9 dl_clarabel completed 0.314623
FINISHED 1 10 dl_clarabel completed 0.398073
START 1 12 dl_clarabel
START 1 13 dl_clarabel
START 1 14 dl_clarabel
START 1 15 dl_clarabel
FINISHED 1 12 dl_clarabel completed 0.203459
FINISHED 1 15 dl_clarabel completed 0.301468
START 1 16 dl_clarabel
FINISHED 1 14 dl_clarabel completed 0.332008
FINISHED 1 13 dl_clarabel completed 0.394254
START 1 17 dl_clarabel
START 1 18 dl_clarabel
START 1 19 dl_clarabel
PROGRESS 616 / 2500
FINISHED 1 16 dl_clarabel completed 0.335121
FINISHED 1 18 dl_clarabel completed 0.302949
FINISHED 1 19 dl_clarabel completed 0.3
START 1 20 dl_clarabel
FINISHED 1 17 dl_clarabel completed 0.307054
START 1 21 dl_clarabel
START 1 22 dl_clarabel
START 1 23 dl_clarabel
FINISHED 1 20 dl_clarabel completed 0.295452
FINISHED 1 23 dl_clarabel completed 0.259795
START 1 24 dl_clarabel
FINISHED 1 22 dl_clarabel completed 0.33557
FINISHED 1 21 dl_clarabel completed 0.347724
START 1 25 dl_clarabel
START 1 26 dl_clarabel
START 1 27 dl_clarabel
FINISHED 1 24 dl_clarabel completed 0.402355
START 1 28 dl_clarabel
FINISHED 1 27 dl_clarabel completed 0.284973
FINISHED 1 25 dl_clarabel completed 0.361507
FINISHED 1 26 dl_clarabel completed 0.379987
START 1 29 dl_clarabel
START 1 30 dl_clarabel
START 1 31 dl_clarabel
PROGRESS 628 / 2500
FINISHED 1 28 dl_clarabel completed 0.345095
START 1 32 dl_clarabel
FINISHED 1 31 dl_clarabel completed 0.341399
FINISHED 1 30 dl_clarabel completed 0.344226
FINISHED 1 29 dl_clarabel completed 0.410944
START 1 33 dl_clarabel
START 1 34 dl_clarabel
START 1 35 dl_clarabel
FINISHED 1 32 dl_clarabel completed 0.307312
FINISHED 1 35 dl_clarabel completed 0.299829
START 1 36 dl_clarabel
FINISHED 1 34 dl_clarabel completed 0.32492
FINISHED 1 33 dl_clarabel completed 0.345035
START 1 37 dl_clarabel
START 1 38 dl_clarabel
START 1 39 dl_clarabel
FINISHED 1 36 dl_clarabel completed 0.369245
START 1 40 dl_clarabel
FINISHED 1 39 dl_clarabel completed 0.340857
FINISHED 1 37 dl_clarabel completed 0.358403
FINISHED 1 38 dl_clarabel completed 0.445931
START 1 41 dl_clarabel
START 1 42 dl_clarabel
START 1 43 dl_clarabel
PROGRESS 640 / 2500
FINISHED 1 40 dl_clarabel completed 0.368335
FINISHED 1 42 dl_clarabel completed 0.339684
FINISHED 1 41 dl_clarabel completed 0.327797
FINISHED 1 43 dl_clarabel completed 0.359547
START 1 44 dl_clarabel
START 1 45 dl_clarabel
START 1 46 dl_clarabel
START 1 47 dl_clarabel
FINISHED 1 44 dl_clarabel completed 0.397382
START 1 48 dl_clarabel
FINISHED 1 47 dl_clarabel completed 0.310176
FINISHED 1 45 dl_clarabel completed 0.313509
FINISHED 1 46 dl_clarabel completed 0.357243
START 1 49 dl_clarabel
START 1 50 dl_clarabel
START 1 51 dl_clarabel
FINISHED 1 48 dl_clarabel completed 0.349025
START 1 52 dl_clarabel
FINISHED 1 51 dl_clarabel completed 0.331778
FINISHED 1 50 dl_clarabel completed 0.334253
FINISHED 1 49 dl_clarabel completed 0.353559
START 1 53 dl_clarabel
START 1 54 dl_clarabel
START 1 55 dl_clarabel
PROGRESS 652 / 2500
FINISHED 1 52 dl_clarabel completed 0.314062
FINISHED 1 53 dl_clarabel completed 0.298987
FINISHED 1 55 dl_clarabel completed 0.383376
FINISHED 1 54 dl_clarabel completed 0.371755
running 656 / 2500
START 1 56 dl_clarabel
START 1 57 dl_clarabel
START 1 58 dl_clarabel
START 1 59 dl_clarabel
FINISHED 1 58 dl_clarabel completed 0.307467
FINISHED 1 56 dl_clarabel completed 0.33211
FINISHED 1 59 dl_clarabel completed 0.333506
FINISHED 1 57 dl_clarabel completed 0.375648
START 1 60 dl_clarabel
START 1 61 dl_clarabel
START 1 62 dl_clarabel
START 1 63 dl_clarabel
FINISHED 1 63 dl_clarabel completed 0.307794
FINISHED 1 61 dl_clarabel completed 0.338738
FINISHED 1 60 dl_clarabel completed 0.352628
FINISHED 1 62 dl_clarabel completed 0.3569
START 1 64 dl_clarabel
START 1 65 dl_clarabel
START 1 66 dl_clarabel
START 1 67 dl_clarabel
PROGRESS 664 / 2500
FINISHED 1 65 dl_clarabel completed 0.30617
FINISHED 1 64 dl_clarabel completed 0.322004
FINISHED 1 66 dl_clarabel completed 0.30379
FINISHED 1 67 dl_clarabel completed 0.37393
START 1 68 dl_clarabel
START 1 69 dl_clarabel
START 1 70 dl_clarabel
START 1 71 dl_clarabel
FINISHED 1 68 dl_clarabel completed 0.317976
FINISHED 1 69 dl_clarabel completed 0.337537
FINISHED 1 70 dl_clarabel completed 0.337822
FINISHED 1 71 dl_clarabel completed 0.361798
START 1 72 dl_clarabel
START 1 73 dl_clarabel
START 1 74 dl_clarabel
START 1 75 dl_clarabel
FINISHED 1 74 dl_clarabel completed 0.23617
FINISHED 1 75 dl_clarabel completed 0.237146
FINISHED 1 72 dl_clarabel completed 0.329121
FINISHED 1 73 dl_clarabel completed 0.347688
START 1 76 dl_clarabel
START 1 77 dl_clarabel
START 1 78 dl_clarabel
START 1 79 dl_clarabel
PROGRESS 676 / 2500
FINISHED 1 78 dl_clarabel completed 0.295798
FINISHED 1 77 dl_clarabel completed 0.341529
FINISHED 1 79 dl_clarabel completed 0.320825
FINISHED 1 76 dl_clarabel completed 0.360761
START 1 80 dl_clarabel
START 1 81 dl_clarabel
START 1 82 dl_clarabel
START 1 83 dl_clarabel
FINISHED 1 81 dl_clarabel completed 0.343319
FINISHED 1 80 dl_clarabel completed 0.347192
START 1 84 dl_clarabel
START 1 85 dl_clarabel
FINISHED 1 83 dl_clarabel completed 0.329458
FINISHED 1 82 dl_clarabel completed 0.330425
START 1 86 dl_clarabel
START 1 87 dl_clarabel
FINISHED 1 84 dl_clarabel completed 0.344026
FINISHED 1 85 dl_clarabel completed 0.367537
START 1 88 dl_clarabel
START 1 89 dl_clarabel
FINISHED 1 86 dl_clarabel completed 0.328192
FINISHED 1 87 dl_clarabel completed 0.333347
PROGRESS 687 / 2500
START 1 90 dl_clarabel
START 1 91 dl_clarabel
FINISHED 1 88 dl_clarabel completed 0.246729
FINISHED 1 89 dl_clarabel completed 0.310113
START 1 92 dl_clarabel
START 1 93 dl_clarabel
FINISHED 1 91 dl_clarabel completed 0.256424
FINISHED 1 90 dl_clarabel completed 0.345842
START 1 94 dl_clarabel
START 1 95 dl_clarabel
FINISHED 1 93 dl_clarabel completed 0.301377
FINISHED 1 92 dl_clarabel completed 0.340683
START 1 96 dl_clarabel
START 1 97 dl_clarabel
FINISHED 1 94 dl_clarabel completed 0.305171
FINISHED 1 95 dl_clarabel completed 0.350258
START 1 98 dl_clarabel
START 1 99 dl_clarabel
FINISHED 1 96 dl_clarabel completed 0.284966
FINISHED 1 97 dl_clarabel completed 0.318234
PROGRESS 698 / 2500
START 1 0 random_block_selection
START 1 1 random_block_selection
FINISHED 1 98 dl_clarabel completed 0.279347
FINISHED 1 99 dl_clarabel completed 0.370677
START 1 2 random_block_selection
START 1 3 random_block_selection
FINISHED 1 1 random_block_selection completed 0.089576
FINISHED 1 0 random_block_selection completed 0.113606
START 1 4 random_block_selection
START 1 5 random_block_selection
FINISHED 1 2 random_block_selection completed 0.055018
FINISHED 1 3 random_block_selection completed 0.067555
START 1 6 random_block_selection
START 1 7 random_block_selection
FINISHED 1 5 random_block_selection completed 0.063856
FINISHED 1 4 random_block_selection completed 0.090518
START 1 8 random_block_selection
START 1 9 random_block_selection
FINISHED 1 7 random_block_selection completed 0.065699
FINISHED 1 6 random_block_selection completed 0.07817
PROGRESS 706 / 2500
FINISHED 1 9 random_block_selection completed 0.067641
FINISHED 1 8 random_block_selection completed 0.06606
running 710 / 2500
START 1 10 random_block_selection
START 1 11 random_block_selection
START 1 12 random_block_selection
START 1 13 random_block_selection
FINISHED 1 13 random_block_selection completed 0.469916
FINISHED 1 12 random_block_selection completed 0.528753
START 1 14 random_block_selection
FINISHED 1 11 random_block_selection completed 0.653377
FINISHED 1 10 random_block_selection completed 0.661503
START 1 15 random_block_selection
START 1 16 random_block_selection
START 1 17 random_block_selection
FINISHED 1 14 random_block_selection completed 0.078216
FINISHED 1 15 random_block_selection completed 0.053432
FINISHED 1 16 random_block_selection completed 0.05524
START 1 18 random_block_selection
FINISHED 1 17 random_block_selection completed 0.079335
START 1 19 random_block_selection
START 1 20 random_block_selection
START 1 21 random_block_selection
FINISHED 1 18 random_block_selection completed 0.070723
PROGRESS 718 / 2500
FINISHED 1 19 random_block_selection FINISHED 1 21completed 0.061999
 random_block_selection completed 0.063039
FINISHED 1 20 random_block_selection completed 0.078198
START 1 22 random_block_selection
START 1 23 random_block_selection
START 1 24 random_block_selection
START 1 25 random_block_selection
FINISHED 1 23 random_block_selection completed 0.053568
FINISHED 1 22 random_block_selection completed 0.063693
FINISHED 1 25 random_block_selection completed 0.076179
FINISHED 1 24 random_block_selection completed 0.091146
START 1 26 random_block_selection
START 1 27 random_block_selection
START 1 28 random_block_selection
START 1 29 random_block_selection
FINISHED 1 26 random_block_selection completed 0.054275
FINISHED 1 28 random_block_selection completed 0.067529
FINISHED 1 27 random_block_selection completed 0.075259
FINISHED 1 29 random_block_selection completed 0.100412
START 1 30 random_block_selection
START 1 31 random_block_selection
START 1 32 random_block_selection
START 1 33 random_block_selection
PROGRESS 730 / 2500
FINISHED 1 33 random_block_selection completed 0.066111
FINISHED 1 32 random_block_selection completed 0.080334
FINISHED 1 31 random_block_selection completed 0.0795
FINISHED 1 30 random_block_selection completed 0.065067
START 1 34 random_block_selection
START 1 35 random_block_selection
START 1 36 random_block_selection
START 1 37 random_block_selection
FINISHED 1 35 random_block_selection completed 0.053227
FINISHED 1 34 random_block_selection completed 0.064461
FINISHED 1 36 random_block_selection completed 0.065065
FINISHED 1 37 random_block_selection completed 0.089558
START 1 38 random_block_selection
START 1 39 random_block_selection
START 1 40 random_block_selection
START 1 41 random_block_selection
FINISHED 1 40 random_block_selection completed 0.051177
FINISHED 1 38 random_block_selection completed 0.065294
FINISHED 1 41 random_block_selection completed 0.06318
FINISHED 1 39 random_block_selection completed 0.089722
START 1 42 random_block_selection
START 1 43 random_block_selection
START 1 44 random_block_selection
START 1 45 random_block_selection
PROGRESS 742 / 2500
FINISHED 1 45 random_block_selection completed 0.06612
FINISHED 1 43 FINISHED 1 42 random_block_selection completed 0.064612
random_block_selection completed 0.086971
FINISHED 1 44 random_block_selection completed 0.090314
START 1 46 random_block_selection
START 1 47 random_block_selection
START 1 48 random_block_selection
START 1 49 random_block_selection
FINISHED 1 48 random_block_selection completed 0.051556
FINISHED 1 47 random_block_selection completed 0.054018
FINISHED 1 46 random_block_selection completed 0.054054
FINISHED 1 49 random_block_selection completed 0.063749
START 1 50 random_block_selection
START 1 51 random_block_selection
START 1 52 random_block_selection
START 1 53 random_block_selection
FINISHED 1 53 random_block_selection completed 0.076444
FINISHED 1 51 random_block_selection completed 0.079579
FINISHED 1 50 random_block_selection completed 0.079548
FINISHED 1 52 random_block_selection completed 0.101557
START 1 54 random_block_selection
START 1 55 random_block_selection
START 1 56 random_block_selection
START 1 57 random_block_selection
PROGRESS 754 / 2500
FINISHED 1 55 random_block_selection completed 0.067521
FINISHED 1 56 random_block_selection completed 0.103177
FINISHED 1 54 random_block_selection completed 0.079302
FINISHED 1 57 random_block_selection completed 0.054014
running 758 / 2500
START 1 58 random_block_selection
START 1 59 random_block_selection
START 1 60 random_block_selection
START 1 61 random_block_selection
FINISHED 1 60 random_block_selection completed 0.042445
FINISHED 1 61 random_block_selection completed 0.051274
FINISHED 1 58 random_block_selection completed 0.066548
FINISHED 1 59 random_block_selection completed 0.079109
START 1 62 random_block_selection
START 1 63 random_block_selection
START 1 64 random_block_selection
START 1 65 random_block_selection
FINISHED 1 63 random_block_selection completed 0.053082
FINISHED 1 64 random_block_selection completed 0.053521
FINISHED 1 62 random_block_selection completed 0.06705
FINISHED 1 65 random_block_selection completed 0.066756
START 1 66 random_block_selection
START 1 67 random_block_selection
START 1 68 random_block_selection
START 1 69 random_block_selection
PROGRESS 766 / 2500
FINISHED 1 66 random_block_selection completed 0.061345
FINISHED 1 67 FINISHED random_block_selection FINISHED 1 691 completed 0.049778
 random_block_selection68 random_block_selection completed 0.064929
 completed 0.065314
START 1 70 random_block_selection
START 1 71 random_block_selection
START 1 72 random_block_selection
START 1 73 random_block_selection
FINISHED 1 72 random_block_selection completed 0.051649
FINISHED 1 71FINISHED 1 73 random_block_selection completed  random_block_selection completed 0.066448
0.066467
FINISHED 1 70 random_block_selection completed 0.091476
START 1 74 random_block_selection
START 1 75 random_block_selection
START 1 76 random_block_selection
START 1 77 random_block_selection
FINISHED 1 76 random_block_selection completed 0.054709
FINISHED 1 77 random_block_selection completed 0.063947
FINISHED 1 74 random_block_selection completed 0.066467
FINISHED 1 75 random_block_selection completed 0.07654
START 1 78 random_block_selection
START 1 79 random_block_selection
START 1 80 random_block_selection
START 1 81 random_block_selection
PROGRESS 778 / 2500
FINISHED 1 79 random_block_selection completed 0.076025
FINISHED 1 78 random_block_selection completed 0.079931
FINISHED 1 80 random_block_selection completed 0.078678
FINISHED 1 81 random_block_selection completed 0.09728
START 1 82 random_block_selection
START 1 83 random_block_selection
START 1 84 random_block_selection
START 1 85 random_block_selection
FINISHED 1 83 random_block_selection completed 0.052146
FINISHED 1 85 random_block_selection completed 0.064177
FINISHED 1 82 random_block_selection completed 0.064695
FINISHED 1 84 random_block_selection completed 0.066107
START 1 86 random_block_selection
START 1 87 random_block_selection
START 1 88 random_block_selection
START 1 89 random_block_selection
FINISHED 1 89 random_block_selection completedFINISHED 1 88 random_block_selection completed 0.064787
 0.064886
FINISHED 1 87 random_block_selection completed 0.068044
FINISHED 1 86 random_block_selection completed 0.077841
START 1 90 random_block_selection
START 1 91 random_block_selection
START 1 92 random_block_selection
START 1 93 random_block_selection
PROGRESS 790 / 2500
FINISHED 1 93 random_block_selection completed 0.062576
FINISHED 1 91 random_block_selection completed 0.061469
FINISHED 1 92 random_block_selection completed 0.080308
FINISHED 1 90 random_block_selection completed 0.06136
START 1 94 random_block_selection
START 1 95 random_block_selection
START 1 96 random_block_selection
START 1 97 random_block_selection
FINISHED 1 94 random_block_selection completed 0.053176
FINISHED 1 96 random_block_selection completed 0.053231
FINISHED 1 97 random_block_selection completed 0.065782
FINISHED 1 95 random_block_selection completed 0.07574
START 1 98 random_block_selection
START 1 99 random_block_selection
START 1 0 algorithm_1
START 1 1 algorithm_1
FINISHED 1 99 random_block_selection completed 0.053966
FINISHED 1 98 random_block_selection completed 0.066518
FINISHED 1 0 algorithm_1 completed 0.114914
FINISHED 1 1 algorithm_1 completed 0.126605
START 1 2 algorithm_1
START 1 3 algorithm_1
START 1 4 algorithm_1
START 1 5 algorithm_1
PROGRESS 802 / 2500
FINISHED 1 2 algorithm_1 completed 0.090198
FINISHED 1 4 algorithm_1 completed 0.098187
FINISHED 1 5 algorithm_1 completed 0.131823
FINISHED 1 3 algorithm_1 completed 0.209321
running 806 / 2500
START 1 6 algorithm_1
START 1 7 algorithm_1
START 1 8 algorithm_1
START 1 9 algorithm_1
FINISHED 1 8 algorithm_1 completed 0.066232
FINISHED 1 7 algorithm_1 completed 0.089701
FINISHED 1 9 algorithm_1 completed 0.102015
FINISHED 1 6 algorithm_1 completed 0.139348
START 1 10 algorithm_1
START 1 11 algorithm_1
START 1 12 algorithm_1
START 1 13 algorithm_1
FINISHED 1 10 algorithm_1 completed 0.063279
FINISHED 1 12 algorithm_1 completed 0.18561
FINISHED 1 11 algorithm_1 completed 0.221422
FINISHED 1 13 algorithm_1 completed 0.26922
START 1 14 algorithm_1
START 1 15 algorithm_1
START 1 16 algorithm_1
PROGRESS 814 / 2500
FINISHED 1 16 algorithm_1 completed 0.137367
FINISHED 1 14 algorithm_1 completed 0.227333
START 1 17 algorithm_1
START 1 18 algorithm_1
FINISHED 1 15 algorithm_1 completed 0.264928
START 1 19 algorithm_1
START 1 20 algorithm_1
FINISHED 1 18 algorithm_1 completed 0.159332
FINISHED 1 17 algorithm_1 completed 0.218963
START 1 21 algorithm_1
START 1 22 algorithm_1
FINISHED 1 20 algorithm_1 completed 0.113796
FINISHED 1 19 algorithm_1 completed 0.149507
START 1 23 algorithm_1
START 1 24 algorithm_1
FINISHED 1 22 algorithm_1 completed 0.137134
FINISHED 1 21 algorithm_1 completed 0.217997
START 1 25 algorithm_1
FINISHED 1 24 algorithm_1 completed 0.101857
START 1 26 algorithm_1
START 1 27 algorithm_1
FINISHED 1 23 algorithm_1 completed 0.285968
FINISHED 1 25 algorithm_1 completed 0.153476
PROGRESS 824 / 2500
FINISHED 1 26 algorithm_1 completed 0.153706
FINISHED 1 27 algorithm_1 completed 0.152096
START 1 28 algorithm_1
START 1 29 algorithm_1
START 1 30 algorithm_1
START 1 31 algorithm_1
FINISHED 1 29 algorithm_1 completed 0.076558
FINISHED 1 30 algorithm_1 completed 0.088942
FINISHED 1 31 algorithm_1 completed 0.125788
FINISHED 1 28 algorithm_1 completed 0.148907
START 1 32 algorithm_1
START 1 33 algorithm_1
START 1 34 algorithm_1
START 1 35 algorithm_1
FINISHED 1 35 algorithm_1 completed 0.078097
FINISHED 1 33 algorithm_1 completed 0.114166
FINISHED 1 34 algorithm_1 completed 0.139845
FINISHED 1 32 algorithm_1 completed 0.186444
START 1 36 algorithm_1
START 1 37 algorithm_1
START 1 38 algorithm_1
START 1 39 algorithm_1
PROGRESS 836 / 2500
FINISHED 1 36 algorithm_1 completed 0.091714
FINISHED 1 39 algorithm_1 completed 0.084624
FINISHED 1 38 algorithm_1 completed 0.12628
FINISHED 1 37 algorithm_1 completed 0.136917
START 1 40 algorithm_1
START 1 41 algorithm_1
START 1 42 algorithm_1
START 1 43 algorithm_1
FINISHED 1 40 algorithm_1 completed 0.099191
FINISHED 1 41 algorithm_1 completed 0.136036
START 1 44 algorithm_1
START 1 45 algorithm_1
FINISHED 1 43 algorithm_1 completed 0.31234
FINISHED 1 42 algorithm_1 completed 0.365147
START 1 46 algorithm_1
START 1 47 algorithm_1
FINISHED 1 44 algorithm_1 completed 0.126437
FINISHED 1 45 algorithm_1 completed 0.200353
START 1 48 algorithm_1
START 1 49 algorithm_1
FINISHED 1 46 algorithm_1 completed 0.137841
FINISHED 1 47 algorithm_1 completed 0.164635
PROGRESS 846 / 2500
FINISHED 1 48 algorithm_1 completed 0.152602
FINISHED 1 49 algorithm_1 completed 0.175759
START 1 50 algorithm_1
START 1 51 algorithm_1
START 1 52 algorithm_1
START 1 53 algorithm_1
FINISHED 1 50 algorithm_1 completed 0.066104
FINISHED 1 51 algorithm_1 completed 0.07591
FINISHED 1 53 algorithm_1 completed 0.07672
FINISHED 1 52 algorithm_1 completed 0.16477
START 1 54 algorithm_1
START 1 55 algorithm_1
START 1 56 algorithm_1
START 1 57 algorithm_1
FINISHED 1 54 algorithm_1 completed 0.089514
FINISHED 1 57 algorithm_1 completed 0.103532
FINISHED 1 55 algorithm_1 completed 0.162966
START 1 58 algorithm_1
START 1 59 algorithm_1
START 1 60 algorithm_1
FINISHED 1 56 algorithm_1 completed 0.270754
PROGRESS 857 / 2500
FINISHED 1 58 algorithm_1 completed 0.078417
FINISHED 1 60 algorithm_1 completed 0.12518
FINISHED 1 59 algorithm_1 completed 0.233973
running 861 / 2500
START 1 61 algorithm_1
START 1 62 algorithm_1
START 1 63 algorithm_1
START 1 64 algorithm_1
FINISHED 1 61 algorithm_1 completed 0.075627
FINISHED 1 64 algorithm_1 completed 0.091799
FINISHED 1 63 algorithm_1 completed 0.112369
FINISHED 1 62 algorithm_1 completed 0.223502
START 1 65 algorithm_1
START 1 66 algorithm_1
START 1 67 algorithm_1
START 1 68 algorithm_1
FINISHED 1 65 algorithm_1 completed 0.113871
FINISHED 1 68 algorithm_1 completed 0.128658
FINISHED 1 67 algorithm_1 completed 0.153943
FINISHED 1 66 algorithm_1 completed 0.248918
START 1 69 algorithm_1
START 1 70 algorithm_1
START 1 71 algorithm_1
PROGRESS 869 / 2500
FINISHED 1 71 algorithm_1 completed 0.091284
FINISHED 1 69 algorithm_1 completed 0.153349
FINISHED 1 70 algorithm_1 completed 0.165822
START 1 72 algorithm_1
START 1 73 algorithm_1
START 1 74 algorithm_1
START 1 75 algorithm_1
FINISHED 1 75 algorithm_1 completed 0.11301
FINISHED 1 72 algorithm_1 completed 0.125538
FINISHED 1 74 algorithm_1 completed 0.150526
FINISHED 1 73 algorithm_1 completed 0.216942
START 1 76 algorithm_1
START 1 77 algorithm_1
START 1 78 algorithm_1
START 1 79 algorithm_1
FINISHED 1 79 algorithm_1 completed 0.091119
FINISHED 1 77 algorithm_1 completed 0.123554
FINISHED 1 78 algorithm_1 completed 0.125709
FINISHED 1 76 algorithm_1 completed 0.162406
START 1 80 algorithm_1
START 1 81 algorithm_1
START 1 82 algorithm_1
START 1 83 algorithm_1
PROGRESS 880 / 2500
FINISHED 1 82 algorithm_1 completed 0.065672
FINISHED 1 81 algorithm_1 completed 0.111581
FINISHED 1 80 algorithm_1 completed 0.197895
FINISHED 1 83 algorithm_1 completed 0.242527
START 1 84 algorithm_1
START 1 85 algorithm_1
START 1 86 algorithm_1
START 1 87 algorithm_1
FINISHED 1 85 algorithm_1 completed 0.076949
FINISHED 1 84 algorithm_1 completed 0.173905
FINISHED 1 86 algorithm_1 completed 0.184226
START 1 88 algorithm_1
START 1 89 algorithm_1
START 1 90 algorithm_1
FINISHED 1 87 algorithm_1 completed 0.176491
START 1 91 algorithm_1
FINISHED 1 88 algorithm_1 completed 0.123824
FINISHED 1 90 algorithm_1 completed 0.121821
FINISHED 1 89 algorithm_1 completed 0.164098
FINISHED 1 91 algorithm_1 completed 0.139851
START 1 92 algorithm_1
START 1 93 algorithm_1
START 1 94 algorithm_1
START 1 95 algorithm_1
PROGRESS 892 / 2500
FINISHED 1 93 algorithm_1 completed 0.096336
FINISHED 1 94 algorithm_1 completed 0.209415
FINISHED 1 92 algorithm_1 completed 0.23373
START 1 96 algorithm_1
FINISHED 1 95 algorithm_1 completed 0.277983
START 1 97 algorithm_1
START 1 98 algorithm_1
START 1 99 algorithm_1
FINISHED 1 96 algorithm_1 completed 0.110074
START 2 0 random_block_selection
FINISHED 1 97 algorithm_1 completed 0.113623
FINISHED 1 98 algorithm_1 completed 0.113557
FINISHED 1 99 algorithm_1 completed 0.185556
START 2 1 random_block_selection
START 2 2 random_block_selection
START 2 3 random_block_selection
FINISHED 2 0 random_block_selection completed 0.058176
START 2 4 random_block_selection
FINISHED 2 3 random_block_selection completed 0.07622
FINISHED 2 2 random_block_selection completed 0.100688
FINISHED 2 1 random_block_selection completed 0.272173
START 2 5 random_block_selection
START 2 6 random_block_selection
FINISHED 2 4 random_block_selection completed 0.164892
PROGRESS 904 / 2500
FINISHED 2 6 random_block_selection completed 0.085344
FINISHED 2 5 random_block_selection completed 0.095932
running 907 / 2500
START 2 7 random_block_selection
START 2 8 random_block_selection
START 2 9 random_block_selection
START 2 10 random_block_selection
FINISHED 2 10 random_block_selection completed 0.125127
FINISHED 2 8 random_block_selection completed 0.150166
FINISHED 2 7 random_block_selection completed 0.175155
FINISHED 2 9 random_block_selection completed 0.200274
START 2 11 random_block_selection
START 2 12 random_block_selection
START 2 13 random_block_selection
START 2 14 random_block_selection
FINISHED 2 14 random_block_selection completed 0.125101
FINISHED 2 13 random_block_selection completed 0.160076
FINISHED 2 11 random_block_selection completed 0.192136
FINISHED 2 12 random_block_selection completed 0.196914
START 2 15 random_block_selection
START 2 16 random_block_selection
START 2 17 random_block_selection
START 2 18 random_block_selection
PROGRESS 915 / 2500
FINISHED 2 18 random_block_selection completed FINISHED 20.064509
 15 random_block_selection completed 0.08849
FINISHED 2 16 random_block_selection completed 0.159081
START 2 19 random_block_selection
START 2 20 random_block_selection
START 2 21 random_block_selection
FINISHED 2 17 random_block_selection completed 0.279417
START 2 22 random_block_selection
FINISHED 2 19 random_block_selection completed 0.093371
FINISHED 2 20 random_block_selection completed 0.126136
FINISHED 2 21 random_block_selection completed 0.202265
START 2 23 random_block_selection
START 2 24 random_block_selection
START 2 25 random_block_selection
FINISHED 2 22 random_block_selection completed 0.23991
START 2 26 random_block_selection
FINISHED 2 23 random_block_selection completed 0.155303
FINISHED 2 25 random_block_selection completed 0.182769
START 2 27 random_block_selection
START 2 28 random_block_selection
FINISHED 2 24 random_block_selection completed 0.291245
FINISHED 2 26 random_block_selection completed 0.103423
PROGRESS 926 / 2500
FINISHED 2 27 random_block_selection completed 0.051481
FINISHED 2 28 random_block_selection completed 0.114047
START 2 29 random_block_selection
START 2 30 random_block_selection
START 2 31 random_block_selection
START 2 32 random_block_selection
FINISHED 2 29 random_block_selection completed 0.087938
FINISHED 2 31 random_block_selection completed 0.124398
FINISHED 2 32 random_block_selection completed 0.231299
FINISHED 2 30 random_block_selection completed 0.237316
START 2 33 random_block_selection
START 2 34 random_block_selection
START 2 35 random_block_selection
START 2 36 random_block_selection
FINISHED 2 33 random_block_selection completed 0.091511
FINISHED 2 34 random_block_selection completed 0.142316
START 2 37 random_block_selection
START 2 38 random_block_selection
FINISHED 2 35 random_block_selection completed 0.091198
FINISHED 2 36 random_block_selection completed 0.178121
PROGRESS 936 / 2500
FINISHED 2 37 random_block_selection completed 0.079906
FINISHED 2 38 random_block_selection completed 0.123976
START 2 39 random_block_selection
START 2 40 random_block_selection
START 2 41 random_block_selection
START 2 42 random_block_selection
FINISHED 2 42 random_block_selection completed 0.062637
FINISHED 2 40 random_block_selection completed 0.064259
FINISHED 2 39 random_block_selection completed 0.089271
FINISHED 2 41 random_block_selection completed 0.104842
START 2 43 random_block_selection
START 2 44 random_block_selection
START 2 45 random_block_selection
START 2 46 random_block_selection
FINISHED 2 44 random_block_selection completed 0.114046
FINISHED 2 46 random_block_selection FINISHED 2completed 0.126479
 43 random_block_selection completed 0.126639
FINISHED 2 45 random_block_selection completed 0.260869
START 2 47 random_block_selection
START 2 48 random_block_selection
START 2 49 random_block_selection
PROGRESS 947 / 2500
FINISHED 2 47 random_block_selection completed 0.083838
FINISHED 2 49 random_block_selection completed 0.187269
FINISHED 2 48 random_block_selection completed 0.187239
START 2 50 random_block_selection
START 2 51 random_block_selection
START 2 52 random_block_selection
START 2 53 random_block_selection
FINISHED 2 53 random_block_selection completed 0.136825
FINISHED 2 52 random_block_selection completed 0.158927
FINISHED 2 51 random_block_selectionFINISHED 2 50 random_block_selection completed  completed 0.172492
0.172616
START 2 54 random_block_selection
START 2 55 random_block_selection
START 2 56 random_block_selection
START 2 57 random_block_selection
FINISHED 2 57 random_block_selection completed 0.09796
FINISHED 2 56 random_block_selection completed 0.17514
FINISHED 2 54 random_block_selection completed 0.181478
FINISHED 2 55 random_block_selection completed 0.186215
START 2 58 random_block_selection
START 2 59 random_block_selection
START 2 60 random_block_selection
START 2 61 random_block_selection
FINISHED 2 58 random_block_selection completed 0.178758
PROGRESS 958 / 2500
FINISHED 2 60 random_block_selection completed 0.125214
FINISHED 2 59 random_block_selection completed 0.147119
FINISHED 2 61 random_block_selection completed 0.19634
running 962 / 2500
START 2 62 random_block_selection
START 2 63 random_block_selection
START 2 64 random_block_selection
START 2 65 random_block_selection
FINISHED 2 62 random_block_selection completed 0.099546
FINISHED 2 63 random_block_selection completed 0.111462
FINISHED 2 65 random_block_selection completed 0.113717
FINISHED 2 64 random_block_selection completed 0.181362
START 2 66 random_block_selection
START 2 67 random_block_selection
START 2 68 random_block_selection
START 2 69 random_block_selection
FINISHED 2 69 random_block_selection completed 0.074242
FINISHED 2 66 random_block_selection completed 0.074857
FINISHED 2 68 random_block_selection completed 0.147929
FINISHED 2 67 random_block_selection completed 0.17273
START 2 70 random_block_selection
START 2 71 random_block_selection
START 2 72 random_block_selection
START 2 73 random_block_selection
PROGRESS 970 / 2500
FINISHED 2 73 random_block_selection completed 0.088636
FINISHED 2 71 random_block_selection completed 0.140303
FINISHED 2 70 random_block_selection completed 0.161466
FINISHED 2 72 random_block_selection completed 0.188123
START 2 74 random_block_selection
START 2 75 random_block_selection
START 2 76 random_block_selection
START 2 77 random_block_selection
FINISHED 2 74 random_block_selection completed 0.114399
FINISHED 2 77 random_block_selection completed 0.151395
FINISHED 2 75 random_block_selection completed 0.213119
FINISHED 2 76 random_block_selection completed 0.268994
START 2 78 random_block_selection
START 2 79 random_block_selection
START 2 80 random_block_selection
START 2 81 random_block_selection
FINISHED 2 78 random_block_selection completed 0.066659
FINISHED 2 79 random_block_selection completed 0.126513
FINISHED 2 80 random_block_selection completed 0.202602
START 2 82 random_block_selection
START 2 83 random_block_selection
START 2 84 random_block_selection
FINISHED 2 81 random_block_selection completed 0.137411
PROGRESS 981 / 2500
FINISHED 2 84 random_block_selection completed 0.113357
FINISHED 2 82 random_block_selection completed 0.158443
FINISHED 2 83 random_block_selection completed 0.181393
START 2 85 random_block_selection
START 2 86 random_block_selection
START 2 87 random_block_selection
START 2 88 random_block_selection
FINISHED 2 86 random_block_selection completed 0.142533
FINISHED 2 85 random_block_selection completed 0.148781
FINISHED 2 87 random_block_selection completed 0.162591
FINISHED 2 88 random_block_selection completed 0.238063
START 2 89 random_block_selection
START 2 90 random_block_selection
START 2 91 random_block_selection
START 2 92 random_block_selection
FINISHED 2 89 random_block_selection completed 0.092255
FINISHED 2 91 random_block_selection completed 0.110665
FINISHED 2 90 random_block_selection completed 0.231348
START 2 93 random_block_selection
START 2 94 random_block_selection
START 2 95 random_block_selection
FINISHED 2 92 random_block_selection completed 0.086368
PROGRESS 993 / 2500
FINISHED 2 94 random_block_selection completed 0.101982
FINISHED 2 93 random_block_selection completed 0.140039
FINISHED 2 95 random_block_selection completed 0.165008
START 2 96 random_block_selection
START 2 97 random_block_selection
START 2 98 random_block_selection
START 2 99 random_block_selection
FINISHED 2 96 random_block_selection completed 0.090699
FINISHED 2 98 random_block_selection completed 0.110157
FINISHED 2 97 random_block_selection completed 0.151551
FINISHED 2 99 random_block_selection completed 0.166738
START 3 0 coordinate_mom
START 3 1 coordinate_mom
START 3 2 coordinate_mom
START 3 3 coordinate_mom
FINISHED 3 2 coordinate_mom completed 0.000307
FINISHED 3 3 coordinate_mom completed 0.000279
FINISHED 3 0 coordinate_mom completed 0.00029
FINISHED 3 1 coordinate_mom completed 0.000271
START 3 4 coordinate_mom
START 3 5 coordinate_mom
START 3 6 coordinate_mom
START 3 7 coordinate_mom
FINISHED 3 6 coordinate_mom completed 0.000349
PROGRESS 1004 / 2500
FINISHED 3 4 coordinate_mom completed 0.00029
FINISHED 3 7 coordinate_mom completed 0.000417
FINISHED 3 5 coordinate_mom completed 0.000312
running 1008 / 2500
START 3 8 coordinate_mom
START 3 9 coordinate_mom
START 3 10 coordinate_mom
START 3 11 coordinate_mom
FINISHED 3 10 coordinate_mom completed 0.000295
FINISHED 3 8 coordinate_momFINISHED 3 9 coordinate_mom completed  completed 0.00029
0.000283
FINISHED 3 11 coordinate_mom completed 0.0004
START 3 12 coordinate_mom
START 3 13 coordinate_mom
START 3 14 coordinate_mom
START 3 15 coordinate_mom
FINISHED 3 14FINISHED  coordinate_mom3 FINISHED 3 13  completedFINISHED 15 0.0003033 
12 coordinate_mom completed  0.000272
coordinate_mom completedcoordinate_mom completed  0.000293
0.000271
START 3 16 coordinate_mom
START 3 17 coordinate_mom
START 3 18 coordinate_mom
START 3 19 coordinate_mom
PROGRESS 1016 / 2500
FINISHED 3 18 coordinate_mom completed 0.000286
FINISHED 3 16 coordinate_mom completed 0.000358
FINISHED 3 19 coordinate_mom completed 0.000319
FINISHED 3 17 coordinate_mom completed 0.000341
START 3 20 coordinate_mom
START 3 21 coordinate_mom
START 3 22 coordinate_mom
START 3 23 coordinate_mom
FINISHED 3 21 coordinate_mom completed 0.000295
FINISHED 3 23 coordinate_mom completed 0.000288
FINISHED 3 20 coordinate_mom completed 0.000267
FINISHED 3 22 coordinate_mom completed 0.000271
START 3 24 coordinate_mom
START 3 25 coordinate_mom
START 3 26 coordinate_mom
START 3 27 coordinate_mom
FINISHED 3 25 coordinate_mom completed 0.0003
FINISHED 3 26 coordinate_mom completed 0.000273
FINISHED 3 27 coordinate_mom completed 0.000259
FINISHED 3 24 coordinate_mom completed 0.000268
START 3 28 coordinate_mom
START 3 29 coordinate_mom
START 3 30 coordinate_mom
START 3 31 coordinate_mom
FINISHED 3 30 coordinate_mom completed 0.000293
FINISHED 3 29 coordinate_mom completed 0.000326
FINISHED 3 31 coordinate_mom completed 0.000368
FINISHED 3 28 coordinate_mom completed 0.000364
PROGRESS 1028 / 2500
START 3 32 coordinate_mom
START 3 33 coordinate_mom
START 3 34 coordinate_mom
START 3 35 coordinate_mom
FINISHED 3 33 coordinate_mom completed 0.000306
FINISHED 3 35 coordinate_mom completed 0.000294
FINISHED 3 32 coordinate_mom completed 0.000281
FINISHED 3 34 coordinate_mom completed 0.000286
START 3 36 coordinate_mom
START 3 37 coordinate_mom
START 3 38 coordinate_mom
START 3 39 coordinate_mom
FINISHED 3 37 coordinate_mom completed 0.000295
FINISHED 3 39 coordinate_mom completed 0.000272
FINISHED 3 36 coordinate_mom completed 0.000297
FINISHED 3 38 coordinate_mom completed 0.000279
START 3 40 coordinate_mom
START 3 41 coordinate_mom
START 3 42 coordinate_mom
START 3 43 coordinate_mom
PROGRESS 1040 / 2500
FINISHED 3 41 coordinate_mom completed 0.000269
FINISHED 3 40 coordinate_mom completed 0.000326
FINISHED 3 42 coordinate_mom completed 0.000306
FINISHED 3 43 coordinate_mom completed 0.000364
START 3 44 coordinate_mom
START 3 45 coordinate_mom
START 3 46 coordinate_mom
START 3 47 coordinate_mom
FINISHED 3 44 coordinate_mom completed 0.000285FINISHED 3 45 coordinate_mom completed 0.000279

FINISHED 3 47 coordinate_mom completed 0.000312
FINISHED 3 46 coordinate_mom completed 0.000272
START 3 48 coordinate_mom
START 3 49 coordinate_mom
START 3 50 coordinate_mom
START 3 51 coordinate_mom
FINISHED 3 50 coordinate_mom completed 0.000289
FINISHED 3 49 coordinate_mom completed 0.000296
FINISHED 3 51 coordinate_mom completed 0.000284FINISHED 3 48 coordinate_mom 
completed 0.000292
START 3 52 coordinate_mom
START 3 53 coordinate_mom
START 3 54 coordinate_mom
START 3 55 coordinate_mom
FINISHED 3 54 coordinate_mom completed 0.000314
FINISHED 3 52 coordinate_mom completed 0.000362
FINISHED 3 53 coordinate_mom completed 0.000325
FINISHED 3 55 coordinate_mom completed 0.000407
PROGRESS 1052 / 2500
running 1056 / 2500
START 3 56 coordinate_mom
START 3 57 coordinate_mom
START 3 58 coordinate_mom
START 3 59 coordinate_mom
FINISHED 3 57 coordinate_mom completed FINISHED 3 56 coordinate_mom completed0.000283
 0.000268
FINISHED 3 59 coordinate_mom completed 0.000281
FINISHED 3 58 coordinate_mom completed 0.00037
START 3 60 coordinate_mom
START 3 61 coordinate_mom
START 3 62 coordinate_mom
START 3 63 coordinate_mom
FINISHED 3 61 coordinate_mom completed 0.000293
FINISHED 3 60 coordinate_mom completed 0.000268
FINISHED 3 62 coordinate_mom completed 0.000265
FINISHED 3 63 coordinate_mom completed 0.000259
START 3 64 coordinate_mom
START 3 65 coordinate_mom
START 3 66 coordinate_mom
START 3 67 coordinate_mom
PROGRESS 1064 / 2500
FINISHED 3 65 coordinate_mom completed 0.000316
FINISHED 3 64 coordinate_mom completed 0.000326
FINISHED 3 67 coordinate_mom completed 0.000334
FINISHED 3 66 coordinate_mom completed 0.000327
START 3 68 coordinate_mom
START 3 69 coordinate_mom
START 3 70 coordinate_mom
START 3 71 coordinate_mom
FINISHED 3 68 coordinate_mom completed 0.000287
FINISHED 3 70 coordinate_mom completed 0.000295
FINISHED 3 69 coordinate_mom completed 0.000274
FINISHED 3 71 coordinate_mom completed 0.000319
START 3 72 coordinate_mom
START 3 73 coordinate_mom
START 3 74 coordinate_mom
START 3 75 coordinate_mom
FINISHED 3 72 coordinate_mom completed 0.000298
FINISHED 3 75 coordinate_mom completed 0.000301
FINISHED 3 73 coordinate_mom completed 0.000332
FINISHED 3 74 coordinate_mom completed 0.000354
START 3 76 coordinate_mom
START 3 77 coordinate_mom
START 3 78 coordinate_mom
START 3 79 coordinate_mom
FINISHED 3 77 coordinate_mom completed 0.000292
FINISHED 3 76 coordinate_mom completed 0.000313
FINISHED 3 79 coordinate_mom completed 0.000368
FINISHED 3 78 coordinate_mom completed 0.000357
PROGRESS 1076 / 2500
START 3 80 coordinate_mom
START 3 81 coordinate_mom
START 3 82 coordinate_mom
START 3 83 coordinate_mom
FINISHED 3 80 coordinate_mom completed 0.000287
FINISHED 3 82 coordinate_mom completed 0.000266
FINISHED 3 83 coordinate_mom completed 0.00029
FINISHED 3 81 coordinate_mom completed 0.000393
START 3 84 coordinate_mom
START 3 85 coordinate_mom
START 3 86 coordinate_mom
START 3 87 coordinate_mom
FINISHED 3 84 coordinate_mom completed 0.000295
FINISHED 3 86 coordinate_mom completed 0.000272FINISHED 3 85 coordinate_mom completed 
FINISHED 3 87 coordinate_mom 0.000276
completed 0.000289
START 3 88 coordinate_mom
START 3 89 coordinate_mom
START 3 90 coordinate_mom
START 3 91 coordinate_mom
PROGRESS 1088 / 2500
FINISHED 3 90 coordinate_mom completed 0.00028
FINISHED 3 89 coordinate_mom completed 0.000308
FINISHED 3 91 coordinate_mom completed 0.000338
FINISHED 3 88 coordinate_mom completed 0.000315
START 3 92 coordinate_mom
START 3 93 coordinate_mom
START 3 94 coordinate_mom
START 3 95 coordinate_mom
FINISHED 3 94 coordinate_mom completed 0.000296
FINISHED 3 95 coordinate_mom completed 0.000549
FINISHED 3 92 coordinate_mom completed 0.000416
FINISHED 3 93 coordinate_mom completed 0.000336
START 3 96 coordinate_mom
START 3 97 coordinate_mom
START 3 98 coordinate_mom
START 3 99 coordinate_mom
FINISHED 3 99 coordinate_mom completed 0.000294
FINISHEDFINISHED 3 98 coordinate_mom completed 0.000268
 3 97 coordinate_mom completed 0.000291
FINISHED 3 96 coordinate_mom completed 0.000267
START 3 0 geometric_mom
START 3 1 geometric_mom
START 3 2 geometric_mom
START 3 3 geometric_mom
FINISHED 3 0 geometric_mom completed 0.000878
FINISHED 3 3 geometric_mom completed 0.001988
FINISHED 3 1 geometric_mom completed 0.000989
FINISHED 3 2 geometric_mom completed 0.000945
PROGRESS 1100 / 2500
running 1104 / 2500
START 3 4 geometric_mom
START 3 5 geometric_mom
START 3 6 geometric_mom
START 3 7 geometric_mom
FINISHED 3 7 geometric_mom completed 0.000753
FINISHED 3 4 geometric_mom completed 0.000826
FINISHED 3 6 geometric_mom completed 0.000833
FINISHED 3 5 geometric_mom completed 0.0011
START 3 8 geometric_mom
START 3 9 geometric_mom
START 3 10 geometric_mom
START 3 11 geometric_mom
FINISHED 3 11 geometric_mom completed 0.000709
FINISHED 3 8 geometric_mom completed 0.001033
FINISHED 3 10 geometric_mom completed 0.001077
FINISHED 3 9 geometric_mom completed 0.000928
START 3 12 geometric_mom
START 3 13 geometric_mom
START 3 14 geometric_mom
START 3 15 geometric_mom
FINISHED 3 12 geometric_mom completed 0.001154
FINISHED 3 15 geometric_mom completed 0.000895
FINISHED 3 13 geometric_mom completed 0.002337
FINISHED 3 14 geometric_mom completed 0.001094
PROGRESS 1112 / 2500
START 3 16 geometric_mom
START 3 17 geometric_mom
START 3 18 geometric_mom
START 3 19 geometric_mom
FINISHED 3 16 geometric_mom completed 0.000783
FINISHED 3 18 geometric_mom completed 0.000881
FINISHED 3 19 geometric_momFINISHED 3 completed 0.001001
 17 geometric_mom completed 0.001083
START 3 20 geometric_mom
START 3 21 geometric_mom
START 3 22 geometric_mom
START 3 23 geometric_mom
FINISHED 3 20 geometric_mom completed 0.000825
FINISHED 3 21 geometric_mom completed 0.000941
FINISHED 3 23 geometric_mom completed 0.000841
FINISHED 3 22 geometric_mom completed 0.001649
START 3 24 geometric_mom
START 3 25 geometric_mom
START 3 26 geometric_mom
START 3 27 geometric_mom
FINISHED 3 25 geometric_mom completed 0.001089
FINISHED 3 27 geometric_mom completed 0.001119
FINISHED 3 26 geometric_mom completed 0.00099
FINISHED 3 24 geometric_mom completed 0.00106
PROGRESS 1124 / 2500
START 3 28 geometric_mom
START 3 29 geometric_mom
START 3 30 geometric_mom
START 3 31 geometric_mom
FINISHED 3 31 geometric_mom completed FINISHED 3 28 geometric_mom completed 0.000952
0.00085
FINISHED 3 30 geometric_mom completed 0.001419
FINISHED 3 29 geometric_mom completed 0.001815
START 3 32 geometric_mom
START 3 33 geometric_mom
START 3 34 geometric_mom
START 3 35 geometric_mom
FINISHED FINISHED 3 34 geometric_mom completed 0.001189
3 35 geometric_mom completed 0.000885
FINISHED 3 32 geometric_mom completed 0.00184
FINISHED 3 33 geometric_mom completed 0.001066
START 3 36 geometric_mom
START 3 37 geometric_mom
START 3 38 geometric_mom
START 3 39 geometric_mom
PROGRESS 1136 / 2500
FINISHED 3 36 geometric_mom completed 0.003045
FINISHED 3 37 geometric_mom completed 0.001191
FINISHED 3 38 geometric_mom completed 0.000998
FINISHED 3 39 geometric_mom completed 0.001098
START 3 40 geometric_mom
START 3 41 geometric_mom
START 3 42 geometric_mom
START 3 43 geometric_mom
FINISHED 3 43 geometric_mom completed 0.000807
FINISHED 3 40 geometric_mom completed 0.000954
FINISHED 3 41 geometric_mom completed 0.000916
FINISHED 3 42 geometric_mom completed 0.001138
START 3 44 geometric_mom
START 3 45 geometric_mom
START 3 46 geometric_mom
START 3 47 geometric_mom
FINISHED 3 44 geometric_mom completed 0.001157
FINISHED 3 47 geometric_mom completed 0.001066
FINISHED 3 46 geometric_mom completed 0.001193
FINISHED 3 45 geometric_mom completed 0.001621
START 3 48 geometric_mom
START 3 49 geometric_mom
START 3 50 geometric_mom
START 3 51 geometric_mom
FINISHED 3 51 geometric_mom completed 0.002341
FINISHED 3 50 geometric_mom completed 0.001042
FINISHED 3 49 geometric_mom completed 0.001312
FINISHED 3 48 geometric_mom completed 0.001195
PROGRESS 1148 / 2500
START 3 52 geometric_mom
START 3 53 geometric_mom
START 3 54 geometric_mom
START 3 55 geometric_mom
FINISHED 3 54 geometric_mom completed 0.000864
FINISHED 3 52 geometric_mom completed 0.001212
FINISHED 3 55 geometric_mom completed 0.001513
FINISHED 3 53 geometric_mom completed 0.001083
START 3 56 geometric_mom
START 3 57 geometric_mom
START 3 58 geometric_mom
START 3 59 geometric_mom
FINISHED 3 58 geometric_mom completed 0.00089
FINISHED 3 57 geometric_mom completed 0.000989
FINISHED 3 56 geometric_mom completed 0.001239
FINISHED 3 59 geometric_mom completed 0.00114
START 3 60 geometric_mom
START 3 61 geometric_mom
START 3 62 geometric_mom
START 3 63 geometric_mom
FINISHED 3 61 geometric_mom completed 0.001417
FINISHED 3 60 geometric_mom completed 0.001514
PROGRESS 1160 / 2500
FINISHED 3 62 geometric_mom completed 0.00104
FINISHED 3 63 geometric_mom completed 0.001453
running 1164 / 2500
START 3 64 geometric_mom
START 3 65 geometric_mom
START 3 66 geometric_mom
START 3 67 geometric_mom
FINISHED 3 66 geometric_mom completed 0.001627
FINISHED 3 67 geometric_mom completed 0.001219
FINISHED 3 65 geometric_mom completed 0.000945
FINISHED 3 64 geometric_mom completed 0.00137
START 3 68 geometric_mom
START 3 69 geometric_mom
START 3 70 geometric_mom
START 3 71 geometric_mom
FINISHED 3 69 geometric_mom completed 0.00107
FINISHEDFINISHED  3 71 3 70 geometric_mom completed 0.001069geometric_mom completed 0.001143

FINISHED 3 68 geometric_mom completed 0.001118
START 3 72 geometric_mom
START 3 73 geometric_mom
START 3 74 geometric_mom
START 3 75 geometric_mom
FINISHED 3 75 geometric_mom completed 0.001025
FINISHED 3 74 geometric_mom completed 0.000984
FINISHED 3 73 geometric_mom completed 0.001124
FINISHED 3 72 geometric_mom completed 0.001471
PROGRESS 1172 / 2500
START 3 76 geometric_mom
START 3 77 geometric_mom
START 3 78 geometric_mom
START 3 79 geometric_mom
FINISHED 3 77 FINISHED 3geometric_mom  76 geometric_mom completed 0.001281
completed 0.001262
FINISHED 3 79 geometric_mom completed 0.001123
FINISHED 3 78 geometric_mom completed 0.001916
START 3 80 geometric_mom
START 3 81 geometric_mom
START 3 82 geometric_mom
START 3 83 geometric_mom
FINISHED 3 80 geometric_mom completed 0.000781
FINISHED 3 81 geometric_mom completed 0.000833
FINISHED 3 82 geometric_mom completed 0.001047
FINISHED 3 83 geometric_mom completed 0.001082
START 3 84 geometric_mom
START 3 85 geometric_mom
START 3 86 geometric_mom
START 3 87 geometric_mom
PROGRESS 1184 / 2500
FINISHED 3 84 geometric_mom completed 0.001208
FINISHED 3 87 geometric_mom completed 0.001045
FINISHED 3 85 geometric_mom completed 0.000992
FINISHED 3 86 geometric_mom completed 0.001121
START 3 88 geometric_mom
START 3 89 geometric_mom
START 3 90 geometric_mom
START 3 91 geometric_mom
FINISHED 3 90 geometric_mom completed 0.001375
FINISHED 3 88 geometric_mom completed 0.001391
FINISHED 3 91 geometric_mom completed 0.001422
FINISHED 3 89 geometric_mom completed 0.001166
START 3 92 geometric_mom
START 3 93 geometric_mom
START 3 94 geometric_mom
START 3 95 geometric_mom
FINISHED 3 92 geometric_mom completed 0.000894
FINISHED 3 95 geometric_mom completed 0.001104
FINISHED 3 94 geometric_mom completed 0.001113
FINISHED 3 93 geometric_mom completed 0.000894
START 3 96 geometric_mom
START 3 97 geometric_mom
START 3 98 geometric_mom
START 3 99 geometric_mom
FINISHED 3 99 geometric_mom completed 0.00291
FINISHED 3 96 geometric_mom completed 0.001163
FINISHED 3 97 geometric_mom completed 0.00138
PROGRESS 1196 / 2500
FINISHED 3 98 geometric_mom completed 0.00109
START 3 0 dl_clarabel
START 3 1 dl_clarabel
START 3 2 dl_clarabel
START 3 3 dl_clarabel
FINISHED 3 0 dl_clarabel completed 0.510912
FINISHED 3 2 dl_clarabel completed 0.525277
FINISHED 3 1 dl_clarabel completed 0.572798
FINISHED 3 3 dl_clarabel completed 0.598115
START 3 4 dl_clarabel
START 3 5 dl_clarabel
START 3 6 dl_clarabel
START 3 7 dl_clarabel
FINISHED 3 5 dl_clarabel completed 0.468913
FINISHED 3 7 dl_clarabel completed 0.539431
FINISHED 3 4 dl_clarabel completed 0.594397
FINISHED 3 6 dl_clarabel completed 0.605444
START 3 8 dl_clarabel
START 3 9 dl_clarabel
START 3 10 dl_clarabel
START 3 11 dl_clarabel
PROGRESS 1208 / 2500
FINISHED 3 11 dl_clarabel completed 0.623516
FINISHED 3 9 dl_clarabel completed 0.661282
FINISHED 3 8 dl_clarabel completed 0.738295
FINISHED 3 10 dl_clarabel completed 0.751068
running 1212 / 2500
START 3 12 dl_clarabel
START 3 13 dl_clarabel
START 3 14 dl_clarabel
START 3 15 dl_clarabel
FINISHED 3 12 dl_clarabel completed 0.518835
FINISHED 3 14 dl_clarabel completed 0.535275
FINISHED 3 15 dl_clarabel completed 0.578261
FINISHED 3 13 dl_clarabel completed 0.594562
START 3 16 dl_clarabel
START 3 17 dl_clarabel
START 3 18 dl_clarabel
START 3 19 dl_clarabel
FINISHED 3 17 dl_clarabel completed 0.49631
FINISHED 3 16 dl_clarabel completed 0.564278
FINISHED 3 18 dl_clarabel completed 0.575099
FINISHED 3 19 dl_clarabel completed 0.628972
START 3 20 dl_clarabel
START 3 21 dl_clarabel
START 3 22 dl_clarabel
START 3 23 dl_clarabel
PROGRESS 1220 / 2500
FINISHED 3 21 dl_clarabel completed 0.49408
FINISHED 3 20 dl_clarabel completed 0.538202
FINISHED 3 22 dl_clarabel completed 0.555854
FINISHED 3 23 dl_clarabel completed 0.570663
START 3 24 dl_clarabel
START 3 25 dl_clarabel
START 3 26 dl_clarabel
START 3 27 dl_clarabel
FINISHED 3 26 dl_clarabel completed 0.506808
FINISHED 3 24 dl_clarabel completed 0.545606
FINISHED 3 25 dl_clarabel completed 0.603761
FINISHED 3 27 dl_clarabel completed 0.486508
START 3 28 dl_clarabel
START 3 29 dl_clarabel
START 3 30 dl_clarabel
START 3 31 dl_clarabel
FINISHED 3 30 dl_clarabel completed 0.511814
FINISHED 3 28 dl_clarabel completed 0.552856
FINISHED 3 29 dl_clarabel completed 0.64444
START 3 32 dl_clarabel
START 3 33 dl_clarabel
START 3 34 dl_clarabel
FINISHED 3 31 dl_clarabel completed 0.551174
PROGRESS 1232 / 2500
START 3 35 dl_clarabel
FINISHED 3 32 dl_clarabel completed 0.557901
FINISHED 3 33 dl_clarabel completed 0.574366
FINISHED 3 34 dl_clarabel completed 0.59649
START 3 36 dl_clarabel
START 3 37 dl_clarabel
START 3 38 dl_clarabel
FINISHED 3 35 dl_clarabel completed 0.583058
START 3 39 dl_clarabel
FINISHED 3 37 dl_clarabel completed 0.5215
FINISHED 3 38 dl_clarabel completed 0.610403
FINISHED 3 36 dl_clarabel completed 0.620176
START 3 40 dl_clarabel
START 3 41 dl_clarabel
START 3 42 dl_clarabel
FINISHED 3 39 dl_clarabel completed 0.587665
START 3 43 dl_clarabel
FINISHED 3 40 dl_clarabel completed 0.482217
FINISHED 3 41 dl_clarabel completed 0.527378
FINISHED 3 42 dl_clarabel completed 0.56253
START 3 44 dl_clarabel
START 3 45 dl_clarabel
START 3 46 dl_clarabel
FINISHED 3 43 dl_clarabel completed 0.648313
PROGRESS 1243 / 2500
START 3 47 dl_clarabel
FINISHED 3 45 dl_clarabel completed 0.526015
FINISHED 3 46 dl_clarabel completed 0.598302
FINISHED 3 44 dl_clarabel completed 0.618864
START 3 48 dl_clarabel
START 3 49 dl_clarabel
START 3 50 dl_clarabel
FINISHED 3 47 dl_clarabel completed 0.531838
START 3 51 dl_clarabel
FINISHED 3 48 dl_clarabel completed 0.644061
START 3 52 dl_clarabel
FINISHED 3 49 dl_clarabel completed 0.548114
FINISHED 3 50 dl_clarabel completed 0.654814
START 3 53 dl_clarabel
START 3 54 dl_clarabel
FINISHED 3 51 dl_clarabel completed 0.597251
START 3 55 dl_clarabel
FINISHED 3 52 dl_clarabel completed 0.568076
START 3 56 dl_clarabel
FINISHED 3 53 dl_clarabel completed 0.576229
FINISHED 3 54 dl_clarabel completed 0.582569
PROGRESS 1255 / 2500
FINISHED 3 55 dl_clarabel completed 0.507107
FINISHED 3 56 dl_clarabel completed 0.508932
running 1257 / 2500
START 3 57 dl_clarabel
START 3 58 dl_clarabel
START 3 59 dl_clarabel
START 3 60 dl_clarabel
FINISHED 3 60 dl_clarabel completed 0.471547
FINISHED 3 58 dl_clarabel completed 0.481465
FINISHED 3 57 dl_clarabel completed 0.529272
FINISHED 3 59 dl_clarabel completed 0.615106
START 3 61 dl_clarabel
START 3 62 dl_clarabel
START 3 63 dl_clarabel
START 3 64 dl_clarabel
FINISHED 3 62 dl_clarabel completed 0.529675
FINISHED 3 63 dl_clarabel completed 0.535828
FINISHED 3 61 dl_clarabel completed 0.599502
FINISHED 3 64 dl_clarabel completed 0.627781
START 3 65 dl_clarabel
START 3 66 dl_clarabel
START 3 67 dl_clarabel
START 3 68 dl_clarabel
PROGRESS 1265 / 2500
FINISHED 3 65 dl_clarabel completed 0.517206
FINISHED 3 67 dl_clarabel completed 0.555225
FINISHED 3 68 dl_clarabel completed 0.565805
FINISHED 3 66 dl_clarabel completed 0.574197
START 3 69 dl_clarabel
START 3 70 dl_clarabel
START 3 71 dl_clarabel
START 3 72 dl_clarabel
FINISHED 3 69 dl_clarabel completed 0.512634
FINISHED 3 72 dl_clarabel completed 0.527315
FINISHED 3 70 dl_clarabel completed 0.574756
FINISHED 3 71 dl_clarabel completed 0.595773
START 3 73 dl_clarabel
START 3 74 dl_clarabel
START 3 75 dl_clarabel
START 3 76 dl_clarabel
FINISHED 3 76 dl_clarabel completed 0.49439
FINISHED 3 73 dl_clarabel completed 0.528991
FINISHED 3 75 dl_clarabel completed 0.581948
FINISHED 3 74 dl_clarabel completed 0.63494
START 3 77 dl_clarabel
START 3 78 dl_clarabel
START 3 79 dl_clarabel
START 3 80 dl_clarabel
PROGRESS 1277 / 2500
FINISHED 3 77 dl_clarabel completed 0.536003
FINISHED 3 79 dl_clarabel completed 0.618043
FINISHED 3 78 dl_clarabel completed 0.625516
FINISHED 3 80 dl_clarabel completed 0.665487
START 3 81 dl_clarabel
START 3 82 dl_clarabel
START 3 83 dl_clarabel
START 3 84 dl_clarabel
FINISHED 3 81 dl_clarabel completed 0.547896
FINISHED 3 82 dl_clarabel completed 0.57838
FINISHED 3 84 dl_clarabel completed 0.580416
FINISHED 3 83 dl_clarabel completed 0.607516
START 3 85 dl_clarabel
START 3 86 dl_clarabel
START 3 87 dl_clarabel
START 3 88 dl_clarabel
FINISHED 3 85 dl_clarabel completed 0.556673
FINISHED 3 86 dl_clarabel completed 0.573587
FINISHED 3 87 dl_clarabel completed 0.580889
FINISHED 3 88 dl_clarabel completed 0.673441
START 3 89 dl_clarabel
START 3 90 dl_clarabel
START 3 91 dl_clarabel
START 3 92 dl_clarabel
PROGRESS 1289 / 2500
FINISHED 3 91 dl_clarabel completed 0.602948
FINISHED 3 90 dl_clarabel completed 0.645557
FINISHED 3 89 dl_clarabel completed 0.672674
FINISHED 3 92 dl_clarabel completed 0.701426
START 3 93 dl_clarabel
START 3 94 dl_clarabel
START 3 95 dl_clarabel
START 3 96 dl_clarabel
FINISHED 3 95 dl_clarabel completed 0.524039
FINISHED 3 93 dl_clarabel completed 0.584447
FINISHED 3 94 dl_clarabel completed 0.621243
FINISHED 3 96 dl_clarabel completed 0.454537
START 3 97 dl_clarabel
START 3 98 dl_clarabel
START 3 99 dl_clarabel
START 3 0 random_block_selection
FINISHED 3 0 random_block_selection completed 0.211179
FINISHED 3 99 dl_clarabel completed 0.563271
FINISHED 3 98 dl_clarabel completed 0.616708
FINISHED 3 97 dl_clarabel completed 0.660609
START 3 1 random_block_selection
START 3 2 random_block_selection
START 3 3 random_block_selection
START 3 4 random_block_selection
FINISHED 3 3 random_block_selection completed 0.271297
PROGRESS 1301 / 2500
FINISHED 3 2 random_block_selection completed 0.339024
FINISHED 3 4 random_block_selection completed 0.377629
FINISHED 3 1 random_block_selection completed 0.419951
running 1305 / 2500
START 3 5 random_block_selection
START 3 6 random_block_selection
START 3 7 random_block_selection
START 3 8 random_block_selection
FINISHED 3 7 random_block_selection completed 0.124525
FINISHED 3 5 random_block_selection completed 0.267475
FINISHED 3 6 random_block_selection completed 0.271676
START 3 9 random_block_selection
FINISHED 3 8 random_block_selection completed 0.2925
START 3 10 random_block_selection
START 3 11 random_block_selection
START 3 12 random_block_selection
FINISHED 3 9 random_block_selection completed 0.25766
FINISHED 3 10 random_block_selection completed 0.158002
FINISHED 3 11 random_block_selection completed 0.242889
START 3 13 random_block_selection
START 3 14 random_block_selection
FINISHED 3 12 random_block_selection completed 0.325659
FINISHED 3 14 random_block_selection completed 0.161102
PROGRESS 1313 / 2500
FINISHED 3 13 random_block_selection completed 0.418469
START 3 15 random_block_selection
START 3 16 random_block_selection
START 3 17 random_block_selection
START 3 18 random_block_selection
FINISHED 3 15 random_block_selection completed 0.1002
FINISHED 3 16 random_block_selection completed 0.162612
FINISHED 3 18 random_block_selection completed 0.202888
START 3 19 random_block_selection
START 3 20 random_block_selection
FINISHED 3 17 random_block_selection completed 0.288389
START 3 21 random_block_selection
START 3 22 random_block_selection
FINISHED 3 19 random_block_selection completed 0.163657
START 3 23 random_block_selection
FINISHED 3 21 random_block_selection completed 0.187333
FINISHED 3 20 random_block_selection completed 0.494421
FINISHED 3 22 random_block_selection completed 0.294504
START 3 24 random_block_selection
START 3 25 random_block_selection
START 3 26 random_block_selection
FINISHED 3 23 random_block_selection completed 0.473115
FINISHED 3 26 random_block_selection completed 0.224788
FINISHED 3 25 random_block_selection completed 0.267062
PROGRESS 1323 / 2500
FINISHED 3 24 random_block_selection completed 0.403097
START 3 27 random_block_selection
START 3 28 random_block_selection
START 3 29 random_block_selection
START 3 30 random_block_selection
FINISHED 3 27 random_block_selection completed 0.076174
FINISHED 3 29 random_block_selection completed 0.090677
START 3 31 random_block_selection
START 3 32 random_block_selection
FINISHED 3 28 random_block_selection completed 0.370708
FINISHED 3 30 random_block_selection completed 0.511362
START 3 33 random_block_selection
START 3 34 random_block_selection
FINISHED 3 31 random_block_selection completed 0.147377
START 3 35 random_block_selection
FINISHED 3 33 random_block_selection completed 0.101937
FINISHED 3 32 random_block_selection completed 0.475366
START 3 36 random_block_selection
START 3 37 random_block_selection
FINISHED 3 34 random_block_selection completed 0.164776
FINISHED 3 35 random_block_selection completed 0.0784
FINISHED 3 36 random_block_selection completed 0.191177
PROGRESS 1335 / 2500
FINISHED 3 37 random_block_selection completed 0.307577
START 3 38 random_block_selection
START 3 39 random_block_selection
START 3 40 random_block_selection
START 3 41 random_block_selection
FINISHED 3 39 random_block_selection completed 0.183329
FINISHED 3 40 random_block_selection completed 0.194162
START 3 42 random_block_selection
FINISHED 3 41 random_block_selection completed 0.350205
FINISHED 3 38 random_block_selection completed 0.47509
START 3 43 random_block_selection
START 3 44 random_block_selection
START 3 45 random_block_selection
FINISHED 3 42 random_block_selection completed 0.236105
FINISHED 3 43 random_block_selection completed 0.0884
FINISHED 3 45 random_block_selection completed 0.148955
FINISHED 3 44 random_block_selection completed 0.186356
START 3 46 random_block_selection
START 3 47 random_block_selection
START 3 48 random_block_selection
START 3 49 random_block_selection
FINISHED 3 49 random_block_selection completed 0.12557
FINISHED 3 47 random_block_selection completed 0.121227
FINISHED 3 48 random_block_selection completed 0.226612
PROGRESS 1346 / 2500
FINISHED 3 46 random_block_selection completed 0.360862
START 3 50 random_block_selection
START 3 51 random_block_selection
START 3 52 random_block_selection
START 3 53 random_block_selection
FINISHED 3 51 random_block_selection completed 0.160646
FINISHED 3 53 random_block_selection completed 0.173109
FINISHED 3 50 random_block_selection completed 0.188581
FINISHED 3 52 random_block_selection completed 0.266842
START 3 54 random_block_selection
START 3 55 random_block_selection
START 3 56 random_block_selection
START 3 57 random_block_selection
FINISHED 3 55 random_block_selection completed 0.293804
FINISHED 3 54 random_block_selection completed 0.332094
FINISHED 3 56 random_block_selection completed 0.237856
START 3 58 random_block_selection
START 3 59 random_block_selection
FINISHED 3 57 random_block_selection completed 0.32959
FINISHED 3 59 random_block_selection completed 0.139439
PROGRESS 1358 / 2500
FINISHED 3 58 random_block_selection completed 0.404028
running 1360 / 2500
START 3 60 random_block_selection
START 3 61 random_block_selection
START 3 62 random_block_selection
START 3 63 random_block_selection
FINISHED 3 62 random_block_selection completed 0.175885
FINISHED 3 61 random_block_selection completed 0.247151
START 3 64 random_block_selection
FINISHED 3 63 random_block_selection completed 0.303842
FINISHED 3 60 random_block_selection completed 0.353915
START 3 65 random_block_selection
START 3 66 random_block_selection
START 3 67 random_block_selection
FINISHED 3 64 random_block_selection completed 0.249492
FINISHED 3 66 random_block_selection completed 0.089333
FINISHED 3 65 random_block_selection completed 0.23288
START 3 68 random_block_selection
START 3 69 random_block_selection
FINISHED 3 67 random_block_selection completed 0.282949
FINISHED 3 69 random_block_selection completed 0.195918
FINISHED 3 68 random_block_selection completed 0.198322
PROGRESS 1368 / 2500
START 3 70 random_block_selection
START 3 71 random_block_selection
START 3 72 random_block_selection
START 3 73 random_block_selection
FINISHED 3 71 random_block_selection completed 0.205322
FINISHED 3 70 random_block_selection completed 0.257794
START 3 74 random_block_selection
FINISHED 3 73 random_block_selection completed 0.291998
FINISHED 3 72 random_block_selection completed 0.296852
START 3 75 random_block_selection
START 3 76 random_block_selection
START 3 77 random_block_selection
FINISHED 3 74 random_block_selection completed 0.125922
START 3 78 random_block_selection
FINISHED 3 75 random_block_selection completed 0.132094
START 3 79 random_block_selection
FINISHED 3 77 random_block_selection completed 0.450116
FINISHED 3 76 random_block_selection completed 0.497642
FINISHED 3 78 random_block_selection completed 0.077795
FINISHED 3 79 random_block_selection completed 0.079889
PROGRESS 1376 / 2500
START 3 80 random_block_selection
START 3 81 random_block_selection
START 3 82 random_block_selection
START 3 83 random_block_selection
FINISHED 3 80 random_block_selection completed 0.1128
FINISHED 3 81 random_block_selection completed 0.223418
FINISHED 3 83 random_block_selection completed 0.270892
START 3 84 random_block_selection
FINISHED 3 82 random_block_selection completed 0.308372
START 3 85 random_block_selection
START 3 86 random_block_selection
START 3 87 random_block_selection
FINISHED 3 84 random_block_selection completed 0.199358
START 3 88 random_block_selection
FINISHED 3 86 random_block_selection completed 0.134622
START 3 89 random_block_selection
FINISHED 3 87 random_block_selection completed 0.303665
FINISHED 3 85 random_block_selection completed 0.329137
FINISHED 3 88 random_block_selection completed 0.205221
FINISHED 3 89 random_block_selection completed 0.204747
PROGRESS 1388 / 2500
START 3 90 random_block_selection
START 3 91 random_block_selection
START 3 92 random_block_selection
START 3 93 random_block_selection
FINISHED 3 91 random_block_selection completed 0.087505
FINISHED 3 92 random_block_selection completed 0.195073
FINISHED 3 93 random_block_selection completed 0.252601
FINISHED 3 90 random_block_selection completed 0.266308
START 3 94 random_block_selection
START 3 95 random_block_selection
START 3 96 random_block_selection
START 3 97 random_block_selection
FINISHED 3 94 random_block_selection completed 0.149789
FINISHED 3 95 random_block_selection completed 0.149708
START 3 98 random_block_selection
START 3 99 random_block_selection
FINISHED 3 96 random_block_selection completed 0.111968
FINISHED 3 97 random_block_selection completed 0.209394
FINISHED 3 98 random_block_selection completed 0.091436
FINISHED 3 99 random_block_selection completed 0.199621
PROGRESS 1397 / 2500
START 3 0 algorithm_1
START 3 1 algorithm_1
START 3 2 algorithm_1
START 3 3 algorithm_1
FINISHED 3 2 algorithm_1 completed 0.553934
START 3 4 algorithm_1
FINISHED 3 0 algorithm_1 completed 1.485814
START 3 5 algorithm_1
FINISHED 3 3 algorithm_1 completed 1.874539
START 3 6 algorithm_1
FINISHED 3 1 algorithm_1 completed 2.220026
START 3 7 algorithm_1
FINISHED 3 5 algorithm_1 completed 1.24491
FINISHED 3 4 algorithm_1 completed 2.453315
START 3 8 algorithm_1
START 3 9 algorithm_1
PROGRESS 1406 / 2500
FINISHED 3 7 algorithm_1 completed 2.187806
FINISHED 3 6 algorithm_1 completed 3.789685
FINISHED 3 9 algorithm_1 completed 2.190182
running 1407 / 2500
START 3 10 algorithm_1
START 3 11 algorithm_1
START 3 12 algorithm_1
FINISHED 3 8 algorithm_1 completed 3.94993
START 3 13 algorithm_1
FINISHED 3 12 algorithm_1 completed 1.306689
START 3 14 algorithm_1
FINISHED 3 13 algorithm_1 completed 1.188868
START 3 15 algorithm_1
FINISHED 3 11 algorithm_1 completed 2.257867
FINISHED 3 10 algorithm_1 completed 2.482062
START 3 16 algorithm_1
START 3 17 algorithm_1
FINISHED 3 17 algorithm_1 completed 1.472795
START 3 18 algorithm_1
FINISHED 3 14 algorithm_1 completed 3.273158
START 3 19 algorithm_1
FINISHED 3 15 algorithm_1 completed 3.328411
PROGRESS 1416 / 2500
START 3 20 algorithm_1
FINISHED 3 16 algorithm_1 completed 3.874094
START 3 21 algorithm_1
FINISHED 3 18 algorithm_1 completed 2.620725
FINISHED 3 19 algorithm_1 completed 2.014729
START 3 22 algorithm_1
START 3 23 algorithm_1
FINISHED 3 21 algorithm_1 completed 1.144177
START 3 24 algorithm_1
FINISHED 3 22 algorithm_1 completed 0.531235
START 3 25 algorithm_1
FINISHED 3 23 algorithm_1 completed 1.962264
FINISHED 3 20 algorithm_1 completed 3.63152
START 3 26 algorithm_1
START 3 27 algorithm_1
FINISHED 3 27 algorithm_1 completed 0.619127
START 3 28 algorithm_1
FINISHED 3 24 algorithm_1 completed 2.857566
START 3 29 algorithm_1
FINISHED 3 25 algorithm_1 completed 2.717264
FINISHED 3 26 algorithm_1 completed 1.823032
PROGRESS 1426 / 2500
START 3 30 algorithm_1
START 3 31 algorithm_1
FINISHED 3 29 algorithm_1 completed 0.72734
START 3 32 algorithm_1
FINISHED 3 32 algorithm_1 completed 0.431612
START 3 33 algorithm_1
FINISHED 3 30 algorithm_1 completed 1.182716
START 3 34 algorithm_1
FINISHED 3 28 algorithm_1 completed 3.506563
START 3 35 algorithm_1
FINISHED 3 31 algorithm_1 completed 2.512474
FINISHED 3 33 algorithm_1 completed 1.127818
START 3 36 algorithm_1
START 3 37 algorithm_1
FINISHED 3 35 algorithm_1 completed 1.047756
START 3 38 algorithm_1
FINISHED 3 34 algorithm_1 completed 2.110055
START 3 39 algorithm_1
FINISHED 3 36 algorithm_1 completed 1.117793
PROGRESS 1436 / 2500
START 3 40 algorithm_1
FINISHED 3 37 algorithm_1 completed 3.10801
FINISHED 3 39 algorithm_1 completed 1.543817
FINISHED 3 40 algorithm_1 completed 0.498753
START 3 41 algorithm_1
START 3 42 algorithm_1
START 3 43 algorithm_1
FINISHED 3 38 algorithm_1 completed 3.690802
START 3 44 algorithm_1
FINISHED 3 42 algorithm_1 completed 1.407491
START 3 45 algorithm_1
FINISHED 3 43 algorithm_1 completed 1.629941
START 3 46 algorithm_1
FINISHED 3 45 algorithm_1 completed 0.612718
START 3 47 algorithm_1
FINISHED 3 41 algorithm_1 completed 3.36015
START 3 48 algorithm_1
FINISHED 3 46 algorithm_1 completed 1.380946
START 3 49 algorithm_1
FINISHED 3 44 algorithm_1 completed 2.311002
PROGRESS 1446 / 2500
START 3 50 algorithm_1
FINISHED 3 49 algorithm_1 completed 1.808256
FINISHED 3 47 algorithm_1 completed 3.146042
START 3 51 algorithm_1
START 3 52 algorithm_1
FINISHED 3 48 algorithm_1 completed 3.063895
START 3 53 algorithm_1
FINISHED 3 52 algorithm_1 completed 0.841214
START 3 54 algorithm_1
FINISHED 3 53 algorithm_1 completed 2.195923
FINISHED 3 51 algorithm_1 completed 3.016059
START 3 55 algorithm_1
START 3 56 algorithm_1
FINISHED 3 54 algorithm_1 completed 2.469266
START 3 57 algorithm_1
FINISHED 3 56 algorithm_1 completed 1.569509
FINISHED 3 50 algorithm_1 completed 6.940069
START 3 58 algorithm_1
START 3 59 algorithm_1
FINISHED 3 55 algorithm_1 completed 2.548497
PROGRESS 1456 / 2500
FINISHED 3 57 algorithm_1 completed 2.888127
FINISHED 3 59 algorithm_1 completed 2.109781
running 1457 / 2500
START 3 60 algorithm_1
START 3 61 algorithm_1
START 3 62 algorithm_1
FINISHED 3 58 algorithm_1 completed 4.5078
START 3 63 algorithm_1
FINISHED 3 60 algorithm_1 completed 1.327872
START 3 64 algorithm_1
FINISHED 3 61 algorithm_1 completed 2.280097
START 3 65 algorithm_1
FINISHED 3 62 algorithm_1 completed 3.261179
START 3 66 algorithm_1
FINISHED 3 63 algorithm_1 completed 2.266516
START 3 67 algorithm_1
FINISHED 3 64 algorithm_1 completed 1.914162
FINISHED 3 65 algorithm_1 completed 1.165222
START 3 68 algorithm_1
START 3 69 algorithm_1
FINISHED 3 67 algorithm_1 completed 0.687342
FINISHED 3 66 algorithm_1 completed 1.299973
PROGRESS 1466 / 2500
START 3 70 algorithm_1
START 3 71 algorithm_1
FINISHED 3 69 algorithm_1 completed 1.126144
START 3 72 algorithm_1
FINISHED 3 71 algorithm_1 completed 1.608586
FINISHED 3 70 algorithm_1 completed 1.673673
FINISHED 3 68 algorithm_1 completed 3.359826
START 3 73 algorithm_1
START 3 74 algorithm_1
START 3 75 algorithm_1
FINISHED 3 72 algorithm_1 completed 2.298226
START 3 76 algorithm_1
FINISHED 3 74 algorithm_1 completed 3.901772
START 3 77 algorithm_1
FINISHED 3 73 algorithm_1 completed 4.240109
START 3 78 algorithm_1
FINISHED 3 76 algorithm_1 completed 3.047921
START 3 79 algorithm_1
FINISHED 3 77 algorithm_1 completed 0.817476
FINISHED 3 75 algorithm_1 completed 5.977348
FINISHED 3 78 algorithm_1 completed 1.282267
PROGRESS 1476 / 2500
START 3 80 algorithm_1
START 3 81 algorithm_1
START 3 82 algorithm_1
FINISHED 3 80 algorithm_1 completed 2.453518
START 3 83 algorithm_1
FINISHED 3 82 algorithm_1 completed 2.711414
START 3 84 algorithm_1
FINISHED 3 79 algorithm_1 completed 7.02253
START 3 85 algorithm_1
FINISHED 3 81 algorithm_1 completed 3.918225
START 3 86 algorithm_1
FINISHED 3 83 algorithm_1 completed 1.492721
START 3 87 algorithm_1
FINISHED 3 86 algorithm_1 completed 0.850555
START 3 88 algorithm_1
FINISHED 3 84 algorithm_1 completed 2.543149
START 3 89 algorithm_1
FINISHED 3 85 algorithm_1 completed 2.714091
FINISHED 3 88 algorithm_1 completed 0.612482
PROGRESS 1486 / 2500
START 3 90 algorithm_1
START 3 91 algorithm_1
FINISHED 3 87 algorithm_1 completed 1.966665
START 3 92 algorithm_1
FINISHED 3 92 algorithm_1 completed 1.187632
FINISHED 3 90 algorithm_1 completed 1.59791
START 3 93 algorithm_1
START 3 94 algorithm_1
FINISHED 3 89 algorithm_1 completed 3.626909
FINISHED 3 91 algorithm_1 completed 2.369056
START 3 95 algorithm_1
START 3 96 algorithm_1
FINISHED 3 93 algorithm_1 completed 1.381457
START 3 97 algorithm_1
FINISHED 3 96 algorithm_1 completed 1.604968
START 3 98 algorithm_1
FINISHED 3 94 algorithm_1 completed 2.961571
START 3 99 algorithm_1
FINISHED 3 95 algorithm_1 completed 3.023845
FINISHED 3 99 algorithm_1 completed 0.373015
PROGRESS 1496 / 2500
START 4 0 coordinate_mom
START 4 1 coordinate_mom
FINISHED 3 97 algorithm_1 completed 2.577346
START 4 2 coordinate_mom
FINISHED 4 1 coordinate_mom completed 0.000353
FINISHED 4 0 coordinate_mom completed 0.00033
START 4 3 coordinate_mom
START 4 4 coordinate_mom
FINISHED 4 2 coordinate_mom completed 0.00037
START 4 5 coordinate_mom
FINISHED 4 4 coordinate_mom completed 0.000365
FINISHED 4 3 coordinate_mom completed 0.000345
START 4 6 coordinate_mom
START 4 7 coordinate_mom
FINISHED 4 5 coordinate_mom completed 0.000484
START 4 8 coordinate_mom
FINISHED 4 6 coordinate_mom completed 0.000384
FINISHED 4 7 coordinate_mom completed 0.000411
START 4 9 coordinate_mom
START 4 10 coordinate_mom
FINISHED 3 98 algorithm_1 completed 3.669614
FINISHED 4 8 coordinate_mom completed 0.000618
FINISHED 4 9 coordinate_mom completed 0.000373
FINISHED 4 10 coordinate_mom completed 0.000347
PROGRESS 1508 / 2500
running 1511 / 2500
START 4 11 coordinate_mom
START 4 12 coordinate_mom
START 4 13 coordinate_mom
START 4 14 coordinate_mom
FINISHED 4 11 coordinate_mom completed 0.000448
FINISHED 4 12 coordinate_mom completed 0.00029
FINISHED 4 13 coordinate_mom completed 0.000451
FINISHED 4 14 coordinate_mom completed 0.00049
START 4 15 coordinate_mom
START 4 16 coordinate_mom
START 4 17 coordinate_mom
START 4 18 coordinate_mom
FINISHED 4 17 coordinate_mom completed 0.000458
FINISHED 4 16 coordinate_mom completed 0.00029
FINISHED 4 18 coordinate_mom completed 0.000428
FINISHED 4 15 coordinate_mom completed 0.000401
START 4 19 coordinate_mom
START 4 20 coordinate_mom
START 4 21 coordinate_mom
START 4 22 coordinate_mom
FINISHED 4 21 coordinate_mom completed 0.000375
FINISHED 4 22 coordinate_mom completed 0.000686
FINISHED 4 19 coordinate_mom completed 0.000633
FINISHED 4 20 coordinate_mom completed 0.000708
PROGRESS 1519 / 2500
START 4 23 coordinate_mom
START 4 24 coordinate_mom
START 4 25 coordinate_mom
START 4 26 coordinate_mom
FINISHED 4 25 FINISHED 4 23 coordinate_mom completed 0.0003
coordinate_mom completed 0.000338
FINISHED 4 24 coordinate_mom completed 0.000412
FINISHED 4 26 coordinate_mom completed 0.000365
START 4 27 coordinate_mom
START 4 28 coordinate_mom
START 4 29 coordinate_mom
START 4 30 coordinate_mom
FINISHED 4 28 coordinate_mom completed FINISHED0.000328
 4 30 coordinate_mom completed FINISHED 4 29 coordinate_mom completed FINISHED0.000319
 4 27 coordinate_mom completed 0.000321
0.00034
START 4 31 coordinate_mom
START 4 32 coordinate_mom
START 4 33 coordinate_mom
START 4 34 coordinate_mom
FINISHED 4 32 coordinate_mom completed 0.000658
FINISHED 4 33 coordinate_mom completed 0.000441
FINISHED 4 31 coordinate_mom completed 0.000686
FINISHED 4 34 coordinate_mom completed 0.000652
PROGRESS 1531 / 2500
START 4 35 coordinate_mom
START 4 36 coordinate_mom
START 4 37 coordinate_mom
START 4 38 coordinate_mom
FINISHED 4 38 coordinate_mom completed 0.000347
FINISHED 4 35 coordinate_mom completed 0.000359
FINISHED 4 37 coordinate_mom completed 0.000409
FINISHED 4 36 coordinate_mom completed 0.000559
START 4 39 coordinate_mom
START 4 40 coordinate_mom
START 4 41 coordinate_mom
START 4 42 coordinate_mom
FINISHED 4 39 coordinate_mom completed 0.000419
FINISHED 4 42 coordinate_mom completed 0.000401
FINISHED 4 40 coordinate_mom completed 0.000484
FINISHED 4 41 coordinate_mom completed 0.000406
START 4 43 coordinate_mom
START 4 44 coordinate_mom
START 4 45 coordinate_mom
START 4 46 coordinate_mom
FINISHED 4 45 coordinate_mom completed 0.000459
FINISHED 4 44 coordinate_mom completed 0.000516
FINISHED 4 43 coordinate_mom completed 0.000487
FINISHED 4 46 coordinate_mom completed 0.000783
PROGRESS 1543 / 2500
START 4 47 coordinate_mom
START 4 48 coordinate_mom
START 4 49 coordinate_mom
START 4 50 coordinate_mom
FINISHED 4 49 coordinate_mom completed 0.000352
FINISHED 4 48 coordinate_mom completed 0.000371
FINISHED 4 47 coordinate_mom completed 0.000352
FINISHED 4 50 coordinate_mom completed 0.00037
START 4 51 coordinate_mom
START 4 52 coordinate_mom
START 4 53 coordinate_mom
START 4 54 coordinate_mom
FINISHED 4 52 coordinate_mom completed 0.000362
FINISHED 4 53 coordinate_mom completed 0.000342
FINISHED 4 51 coordinate_mom completed 0.000406
FINISHED 4 54 coordinate_mom completed 0.000468
START 4 55 coordinate_mom
START 4 56 coordinate_mom
START 4 57 coordinate_mom
START 4 58 coordinate_mom
FINISHED 4 58 coordinate_mom FINISHED completed4 56  coordinate_mom completed 0.000382
0.0004
FINISHED 4 55 coordinate_mom completed 0.000651
FINISHED 4 57 coordinate_mom completed 0.000463
PROGRESS 1555 / 2500
running 1559 / 2500
START 4 59 coordinate_mom
START 4 60 coordinate_mom
START 4 61 coordinate_mom
START 4 62 coordinate_mom
FINISHED 4 60 coordinate_mom completed FINISHED0.00029
 FINISHEDFINISHED  44  61 coordinate_mom completed62  0.000279coordinate_mom completed 4
 0.000306
59 coordinate_mom completed 0.000314
START 4 63 coordinate_mom
START 4 64 coordinate_mom
START 4 65 coordinate_mom
START 4 66 coordinate_mom
FINISHED 4 64 coordinate_mom completed 0.00032
FINISHED 4 66 coordinate_mom completed 0.000289
FINISHED 4 63 coordinate_mom completed 0.000294
FINISHED 4 65 coordinate_mom completed 0.000313
START 4 67 coordinate_mom
START 4 68 coordinate_mom
START 4 69 coordinate_mom
START 4 70 coordinate_mom
FINISHED 4 68 coordinate_mom completed 0.000304
FINISHED 4 67 coordinate_mom completed 0.000349
FINISHED 4 69 coordinate_mom completed 0.00034
FINISHED 4 70 coordinate_mom completed 0.000395
PROGRESS 1567 / 2500
START 4 71 coordinate_mom
START 4 72 coordinate_mom
START 4 73 coordinate_mom
START 4 74 coordinate_mom
FINISHED 4FINISHED  4 FINISHED7172  FINISHEDcoordinate_mom  4 74completed 0.000305
4 73 coordinate_mom completed 0.000319
 coordinate_mom completed coordinate_mom completed  0.000289
0.00031
START 4 75 coordinate_mom
START 4 76 coordinate_mom
START 4 77 coordinate_mom
START 4 78 coordinate_mom
FINISHEDFINISHED 4 76 FINISHED 4  4 7875 coordinate_momcoordinate_mom   FINISHEDcompletedcoordinate_momcompleted    completed0.0003044 
0.000325 
0.00031177
 coordinate_mom completed 0.000291
START 4 79 coordinate_mom
START 4 80 coordinate_mom
START 4 81 coordinate_mom
START 4 82 coordinate_mom
FINISHED 4 81 coordinate_mom completed 0.00039
FINISHED 4 80 coordinate_mom completed 0.000357
FINISHED 4 82 coordinate_mom completed 0.000384
FINISHED 4 79 coordinate_mom completed 0.000455
PROGRESS 1579 / 2500
START 4 83 coordinate_mom
START 4 84 coordinate_mom
START 4 85 coordinate_mom
START 4 86 coordinate_mom
FINISHED 4 85 coordinate_mom completed 0.000362
FINISHED 4 84 coordinate_mom completed 0.000371
FINISHED 4 86 FINISHEDcoordinate_mom completed 0.000355
 4 83 coordinate_mom completed 0.000349
START 4 87 coordinate_mom
START 4 88 coordinate_mom
START 4 89 coordinate_mom
START 4 90 coordinate_mom
FINISHED 4 88 coordinate_mom completed 0.000345
FINISHED 4 90 coordinate_mom completed 0.000336
FINISHED 4 89 coordinate_mom completed 0.000309
FINISHED 4 87 coordinate_mom completed 0.000315
START 4 91 coordinate_mom
START 4 92 coordinate_mom
START 4 93 coordinate_mom
START 4 94 coordinate_mom
FINISHED 4 93 coordinate_mom completed 0.000463
FINISHED 4 94 coordinate_mom completed 0.000643
FINISHED 4 92 coordinate_mom completed 0.00053
FINISHED 4 91 coordinate_mom completed 0.000527
PROGRESS 1591 / 2500
START 4 95 coordinate_mom
START 4 96 coordinate_mom
START 4 97 coordinate_mom
START 4 98 coordinate_mom
FINISHED 4 98 coordinate_mom completed 0.000391
FINISHED 4 95 coordinate_mom completed 0.000361
FINISHED 4 97 coordinate_mom completed 0.000396
FINISHED 4 96 coordinate_mom completed 0.000354
START 4 99 coordinate_mom
START 4 0 geometric_mom
START 4 1 geometric_mom
START 4 2 geometric_mom
FINISHED 4 99 coordinate_mom completed 0.000381
FINISHED 4 1 geometric_mom completed 0.001305
FINISHED 4 0 geometric_mom completed 0.001452
FINISHED 4 2 geometric_mom completed 0.00173
START 4 3 geometric_mom
START 4 4 geometric_mom
START 4 5 geometric_mom
START 4 6 geometric_mom
FINISHED 4 5 geometric_mom completed 0.003574
FINISHED 4 4 geometric_mom completed 0.002174
FINISHED 4 3 geometric_mom completed 0.001451
FINISHED 4 6 geometric_mom completed 0.002243
PROGRESS 1603 / 2500
running 1607 / 2500
START 4 7 geometric_mom
START 4 8 geometric_mom
START 4 9 geometric_mom
START 4 10 geometric_mom
FINISHED 4 7 geometric_mom completed 0.001046
FINISHED 4 8 geometric_mom completed 0.001205
FINISHED 4 10 geometric_mom completed 0.001019
FINISHED 4 9 geometric_mom completed 0.001825
START 4 11 geometric_mom
START 4 12 geometric_mom
START 4 13 geometric_mom
START 4 14 geometric_mom
FINISHED 4 12 geometric_mom completed 0.001058
FINISHED 4 11 geometric_mom completed 0.001191
FINISHED 4 13 FINISHEDgeometric_mom completed  0.001205
4 14 geometric_mom completed 0.001188
START 4 15 geometric_mom
START 4 16 geometric_mom
START 4 17 geometric_mom
START 4 18 geometric_mom
FINISHED 4 16 geometric_mom completed 0.001664
FINISHED 4 15 geometric_mom completed 0.002347
FINISHED 4 17 geometric_mom completed 0.001284
FINISHED 4 18 geometric_mom completed 0.001367
PROGRESS 1615 / 2500
START 4 19 geometric_mom
START 4 20 geometric_mom
START 4 21 geometric_mom
START 4 22 geometric_mom
FINISHED 4 19 geometric_mom completed 0.000936
FINISHED 4 20 geometric_mom completed 0.001135
FINISHED 4 22 geometric_mom completed 0.001582
FINISHED 4 21 geometric_mom completed 0.001215
START 4 23 geometric_mom
START 4 24 geometric_mom
START 4 25 geometric_mom
START 4 26 geometric_mom
FINISHED 4 26 geometric_mom completed FINISHED0.001075
 4 24 geometric_mom completed 0.001146
FINISHED 4 23 geometric_mom completed 0.001406
FINISHED 4 25 geometric_mom completed 0.001557
START 4 27 geometric_mom
START 4 28 geometric_mom
START 4 29 geometric_mom
START 4 30 geometric_mom
FINISHED 4 28 geometric_mom completed 0.001396
FINISHED 4 27 geometric_mom completed 0.001261
FINISHED 4 30 geometric_mom completed 0.003437
FINISHED 4 29 geometric_mom completed 0.001449
PROGRESS 1627 / 2500
START 4 31 geometric_mom
START 4 32 geometric_mom
START 4 33 geometric_mom
START 4 34 geometric_mom
FINISHED 4 31 geometric_mom completed 0.001235
FINISHED 4 34 geometric_mom completed 0.00148
FINISHED 4 32 geometric_mom completed 0.001465
FINISHED 4 33 geometric_mom completed 0.001787
START 4 35 geometric_mom
START 4 36 geometric_mom
START 4 37 geometric_mom
START 4 38 geometric_mom
FINISHED 4 38 geometric_mom completed 0.001188
FINISHED 4 36 geometric_mom completed 0.001445
FINISHED 4 37 geometric_mom completed 0.001508
FINISHED 4 35 geometric_mom completed 0.001096
START 4 39 geometric_mom
START 4 40 geometric_mom
START 4 41 geometric_mom
START 4 42 geometric_mom
FINISHED 4 41 geometric_mom completed 0.001628
FINISHED 4 39 geometric_mom completed 0.001959
FINISHED 4 40 geometric_mom completed 0.002002
FINISHED 4 42 geometric_mom completed 0.001804
PROGRESS 1639 / 2500
START 4 43 geometric_mom
START 4 44 geometric_mom
START 4 45 geometric_mom
START 4 46 geometric_mom
FINISHED 4 44 geometric_mom completed 0.001195
FINISHED 4 43 geometric_mom completed 0.001708
FINISHED 4 45 geometric_mom completed 0.001159
FINISHED 4 46 geometric_mom completed 0.001163
START 4 47 geometric_mom
START 4 48 geometric_mom
START 4 49 geometric_mom
START 4 50 geometric_mom
FINISHED 4 47 geometric_mom completed FINISHED 4 49 geometric_mom completed FINISHED 0.0014724
 0.001593
50FINISHED geometric_mom  completed 40.001452
 48 geometric_mom completed 0.001423
START 4 51 geometric_mom
START 4 52 geometric_mom
START 4 53 geometric_mom
START 4 54 geometric_mom
FINISHED 4 53 geometric_mom completed 0.003064
FINISHED 4 51 geometric_mom completed 0.001391
FINISHED 4 52 geometric_mom completed 0.001929
FINISHED 4 54 geometric_mom completed 0.001825
PROGRESS 1651 / 2500
running 1655 / 2500
START 4 55 geometric_mom
START 4 56 geometric_mom
START 4 57 geometric_mom
START 4 58 geometric_mom
FINISHED 4 56 geometric_mom completed 0.000962
FINISHEDFINISHED 4 58 geometric_mom completed 0.000878
 4 57 geometric_mom completed 0.000991
FINISHED 4 55 geometric_mom completed 0.00114
START 4 59 geometric_mom
START 4 60 geometric_mom
START 4 61 geometric_mom
START 4 62 geometric_mom
FINISHED 4 61 geometric_mom completed 0.000939
FINISHED 4 60 geometric_momFINISHED 4 completed  0.0009459
 geometric_mom completed 0.001117
FINISHED 4 62 geometric_mom completed 0.001477
START 4 63 geometric_mom
START 4 64 geometric_mom
START 4 65 geometric_mom
START 4 66 geometric_mom
FINISHED 4 64 geometric_mom completed 0.001077
FINISHED 4 63 geometric_mom completed 0.00127
FINISHED 4 65 geometric_mom completed 0.001508
FINISHED 4 66 geometric_mom completed 0.001266
PROGRESS 1663 / 2500
START 4 67 geometric_mom
START 4 68 geometric_mom
START 4 69 geometric_mom
START 4 70 geometric_mom
FINISHED 4 69 geometric_mom completed 0.001207
FINISHED 4 70 geometric_mom completed 0.002978
FINISHED FINISHED4 68 geometric_mom completed  0.0016
4 67 geometric_mom completed 0.00133
START 4 71 geometric_mom
START 4 72 geometric_mom
START 4 73 geometric_mom
START 4 74 geometric_mom
FINISHED 4 71 geometric_mom completed 0.001291
FINISHED 4 72 geometric_mom completed 0.001149
FINISHED 4 74 geometric_mom completed 0.001244
FINISHED 4 73 geometric_mom completed 0.001176
START 4 75 geometric_mom
START 4 76 geometric_mom
START 4 77 geometric_mom
START 4 78 geometric_mom
FINISHED 4 76 geometric_mom completed 0.001632
FINISHED 4 77 geometric_mom completed 0.002191
FINISHED 4 75 geometric_mom completed 0.002067
FINISHED 4 78 geometric_mom completed 0.001659
PROGRESS 1675 / 2500
START 4 79 geometric_mom
START 4 80 geometric_mom
START 4 81 geometric_mom
START 4 82 geometric_mom
FINISHED 4 79 geometric_mom completed 0.000906
FINISHED 4 80 geometric_mom completed FINISHED 4 82 geometric_mom completed 0.0011
0.001058
FINISHED 4 81 geometric_mom completed 0.001346
START 4 83 geometric_mom
START 4 84 geometric_mom
START 4 85 geometric_mom
START 4 86 geometric_mom
FINISHED 4 86 geometric_mom completed 0.001259
FINISHED 4 84 geometric_mom completed FINISHED 4 85 geometric_mom completed 0.00175
0.001685
FINISHED 4 83 geometric_mom completed 0.001537
START 4 87 geometric_mom
START 4 88 geometric_mom
START 4 89 geometric_mom
START 4 90 geometric_mom
FINISHED 4 87 geometric_mom completed 0.00191
FINISHED 4 90 geometric_mom completed 0.00184
FINISHED 4 89 geometric_mom completed 0.00209
FINISHED 4 88 geometric_mom completed 0.002278
PROGRESS 1687 / 2500
START 4 91 geometric_mom
START 4 92 geometric_mom
START 4 93 geometric_mom
START 4 94 geometric_mom
FINISHED FINISHED 4 934 92 geometric_mom geometric_mom completed  completed0.001334
 0.001276
FINISHED 4 91 geometric_mom completed 0.001567
FINISHED 4 94 geometric_mom completed 0.001679
START 4 95 geometric_mom
START 4 96 geometric_mom
START 4 97 geometric_mom
START 4 98 geometric_mom
FINISHED 4 98 geometric_mom completed 0.00104
FINISHED 4 95 geometric_mom completed 0.001159
FINISHED 4 97 geometric_mom completed 0.001064
FINISHED 4 96 geometric_mom completed 0.001307
START 4 99 geometric_mom
START 4 0 dl_clarabel
START 4 1 dl_clarabel
START 4 2 dl_clarabel
FINISHED 4 99 geometric_mom completed 0.001409
PROGRESS 1699 / 2500
START 4 3 dl_clarabel
FINISHED 4 1 dl_clarabel completed 0.787652
FINISHED 4 2 dl_clarabel completed 0.863369
FINISHED 4 0 dl_clarabel completed 0.874676
START 4 4 dl_clarabel
START 4 5 dl_clarabel
START 4 6 dl_clarabel
FINISHED 4 3 dl_clarabel completed 0.883113
FINISHED 4 5 dl_clarabel completed 0.686772
FINISHED 4 6 dl_clarabel completed 0.912081
FINISHED 4 4 dl_clarabel completed 0.913331
START 4 7 dl_clarabel
START 4 8 dl_clarabel
START 4 9 dl_clarabel
START 4 10 dl_clarabel
FINISHED 4 8 dl_clarabel completed 0.802709
FINISHED 4 7 dl_clarabel completed 0.805966
START 4 11 dl_clarabel
START 4 12 dl_clarabel
FINISHED 4 10 dl_clarabel completed 0.787038
FINISHED 4 9 dl_clarabel completed 0.790357
PROGRESS 1711 / 2500
FINISHED 4 11 dl_clarabel completed 0.674845
FINISHED 4 12 dl_clarabel completed 0.678854
running 1713 / 2500
START 4 13 dl_clarabel
START 4 14 dl_clarabel
START 4 15 dl_clarabel
START 4 16 dl_clarabel
FINISHED 4 14 dl_clarabel completed 0.631185
FINISHED 4 16 dl_clarabel completed 0.666391
FINISHED 4 13 dl_clarabel completed 0.711728
FINISHED 4 15 dl_clarabel completed 0.715011
START 4 17 dl_clarabel
START 4 18 dl_clarabel
START 4 19 dl_clarabel
START 4 20 dl_clarabel
FINISHED 4 17 dl_clarabel completed 0.628397
FINISHED 4 19 dl_clarabel completed 0.717688
FINISHED 4 18 dl_clarabel completed 0.743203
FINISHED 4 20 dl_clarabel completed 0.748553
START 4 21 dl_clarabel
START 4 22 dl_clarabel
START 4 23 dl_clarabel
START 4 24 dl_clarabel
FINISHED 4 21 dl_clarabel completed 0.779528
PROGRESS 1721 / 2500
START 4 25 dl_clarabel
FINISHED 4 23 dl_clarabel completed 0.783493
FINISHED 4 22 dl_clarabel completed 0.808674
FINISHED 4 24 dl_clarabel completed 0.837529
START 4 26 dl_clarabel
START 4 27 dl_clarabel
START 4 28 dl_clarabel
FINISHED 4 25 dl_clarabel completed 0.829947
FINISHED 4 27 dl_clarabel completed 0.640879
FINISHED 4 26 dl_clarabel completed 0.643769
START 4 29 dl_clarabel
FINISHED 4 28 dl_clarabel completed 0.824555
START 4 30 dl_clarabel
START 4 31 dl_clarabel
START 4 32 dl_clarabel
FINISHED 4 29 dl_clarabel completed 0.804844
START 4 33 dl_clarabel
FINISHED 4 32 dl_clarabel completed 0.776195
FINISHED 4 30 dl_clarabel completed 0.807087
FINISHED 4 31 dl_clarabel completed 0.838672
START 4 34 dl_clarabel
START 4 35 dl_clarabel
START 4 36 dl_clarabel
PROGRESS 1733 / 2500
FINISHED 4 33 dl_clarabel completed 0.87589
FINISHED 4 34 dl_clarabel completed 0.758557
START 4 37 dl_clarabel
FINISHED 4 35 dl_clarabel completed 0.860403
FINISHED 4 36 dl_clarabel completed 0.926943
START 4 38 dl_clarabel
START 4 39 dl_clarabel
START 4 40 dl_clarabel
FINISHED 4 37 dl_clarabel completed 0.850574
FINISHED 4 40 dl_clarabel completed 0.640168
START 4 41 dl_clarabel
FINISHED 4 39 dl_clarabel completed 0.816734
FINISHED 4 38 dl_clarabel completed 0.907427
START 4 42 dl_clarabel
START 4 43 dl_clarabel
START 4 44 dl_clarabel
FINISHED 4 41 dl_clarabel completed 0.664697
START 4 45 dl_clarabel
FINISHED 4 43 dl_clarabel completed 0.788998
FINISHED 4 42 dl_clarabel completed 0.811169
START 4 46 dl_clarabel
START 4 47 dl_clarabel
FINISHED 4 44 dl_clarabel completed 0.778331
FINISHED 4 45 dl_clarabel completed 0.682196
PROGRESS 1745 / 2500
FINISHED 4 46 dl_clarabel completed 0.732288
FINISHED 4 47 dl_clarabel completed 0.748625
START 4 48 dl_clarabel
START 4 49 dl_clarabel
START 4 50 dl_clarabel
START 4 51 dl_clarabel
FINISHED 4 48 dl_clarabel completed 0.772747
FINISHED 4 49 dl_clarabel completed 0.832659
FINISHED 4 51 dl_clarabel completed 0.6593
START 4 52 dl_clarabel
START 4 53 dl_clarabel
FINISHED 4 50 dl_clarabel completed 0.788914
START 4 54 dl_clarabel
START 4 55 dl_clarabel
FINISHED 4 52 dl_clarabel completed 0.727631
FINISHED 4 53 dl_clarabel completed 0.769284
START 4 56 dl_clarabel
START 4 57 dl_clarabel
FINISHED 4 54 dl_clarabel completed 0.779826
FINISHED 4 55 dl_clarabel completed 0.829954
PROGRESS 1756 / 2500
FINISHED 4 57 dl_clarabel completed 0.666017
FINISHED 4 56 dl_clarabel completed 0.679092
running 1758 / 2500
START 4 58 dl_clarabel
START 4 59 dl_clarabel
START 4 60 dl_clarabel
START 4 61 dl_clarabel
FINISHED 4 60 dl_clarabel completed 0.529573
FINISHED 4 59 dl_clarabel completed 0.656469
FINISHED 4 61 dl_clarabel completed 0.688428
FINISHED 4 58 dl_clarabel completed 0.705165
START 4 62 dl_clarabel
START 4 63 dl_clarabel
START 4 64 dl_clarabel
START 4 65 dl_clarabel
FINISHED 4 63 dl_clarabel completed 0.658549
FINISHED 4 62 dl_clarabel completed 0.664427
START 4 66 dl_clarabel
START 4 67 dl_clarabel
FINISHED 4 65 dl_clarabel completed 0.798225
FINISHED 4 64 dl_clarabel completed 0.859495
PROGRESS 1766 / 2500
FINISHED 4 66 dl_clarabel completed 0.698518
FINISHED 4 67 dl_clarabel completed 0.790306
START 4 68 dl_clarabel
START 4 69 dl_clarabel
START 4 70 dl_clarabel
START 4 71 dl_clarabel
FINISHED 4 69 dl_clarabel completed 0.5862
START 4 72 dl_clarabel
FINISHED 4 68 dl_clarabel completed FINISHED 4 70 dl_clarabel completed 0.773916
0.773648
START 4 73 dl_clarabel
START 4 74 dl_clarabel
FINISHED 4 71 dl_clarabel completed 0.77099
START 4 75 dl_clarabel
FINISHED 4 72 dl_clarabel completed 0.767647
START 4 76 dl_clarabel
FINISHED 4 74 dl_clarabel completed 0.825296
FINISHED 4 73 dl_clarabel completed 0.84608
START 4 77 dl_clarabel
START 4 78 dl_clarabel
FINISHED 4 75 dl_clarabel completed 0.793416
FINISHED 4 76 dl_clarabel completed 0.800648
PROGRESS 1776 / 2500
FINISHED 4 78 dl_clarabel completed 0.731904
FINISHED 4 77 dl_clarabel completed 0.863773
START 4 79 dl_clarabel
START 4 80 dl_clarabel
START 4 81 dl_clarabel
START 4 82 dl_clarabel
FINISHED 4 81 dl_clarabel completed 0.556107
START 4 83 dl_clarabel
FINISHED 4 80 dl_clarabel completed 0.800894
FINISHED 4 79 dl_clarabel completed 0.80313
START 4 84 dl_clarabel
START 4 85 dl_clarabel
FINISHED 4 82 dl_clarabel completed 0.765155
START 4 86 dl_clarabel
FINISHED 4 83 dl_clarabel completed 0.834411
START 4 87 dl_clarabel
FINISHED 4 85 dl_clarabel completed 0.734104
FINISHED 4 84 dl_clarabel completed 0.842912
START 4 88 dl_clarabel
START 4 89 dl_clarabel
FINISHED 4 86 dl_clarabel completed 0.746047
FINISHED 4 87 dl_clarabel completed 0.830583
PROGRESS 1787 / 2500
FINISHED 4 88 dl_clarabel completed 0.837993
FINISHED 4 89 dl_clarabel completed 0.888389
START 4 90 dl_clarabel
START 4 91 dl_clarabel
START 4 92 dl_clarabel
START 4 93 dl_clarabel
FINISHED 4 90 dl_clarabel completed 0.887668
FINISHED 4 91 dl_clarabel completed 0.917215
FINISHED 4 92 dl_clarabel completed 0.97866
FINISHED 4 93 dl_clarabel completed 0.890741
START 4 94 dl_clarabel
START 4 95 dl_clarabel
START 4 96 dl_clarabel
START 4 97 dl_clarabel
FINISHED 4 96 dl_clarabel completed 0.79806
FINISHED 4 94 dl_clarabel completed 0.843197
FINISHED 4 95 dl_clarabel completed 0.868042
START 4 98 dl_clarabel
START 4 99 dl_clarabel
START 4 0 random_block_selection
FINISHED 4 97 dl_clarabel completed 0.819651
PROGRESS 1798 / 2500
FINISHED 4 98 dl_clarabel completed 0.80207
FINISHED 4 99 dl_clarabel completed 0.824585
START 4 1 random_block_selection
START 4 2 random_block_selection
START 4 3 random_block_selection
FINISHED 4 0 random_block_selection completed 1.000104
START 4 4 random_block_selection
FINISHED 4 2 random_block_selection completed 0.627849
FINISHED 4 3 random_block_selection completed 0.669994
START 4 5 random_block_selection
FINISHED 4 1 random_block_selection completed 0.859749
FINISHED 4 4 random_block_selection completed 0.616282
START 4 6 random_block_selection
START 4 7 random_block_selection
START 4 8 random_block_selection
FINISHED 4 5 random_block_selection completed 0.318165
START 4 9 random_block_selection
FINISHED 4 6 random_block_selection completed 0.581564
FINISHED 4 7 random_block_selection completed 0.587882
START 4 10 random_block_selection
START 4 11 random_block_selection
FINISHED 4 8 random_block_selection completed 0.924666
FINISHED 4 9 random_block_selection completed 0.502964
FINISHED 4 11 random_block_selection completed 0.426666
PROGRESS 1808 / 2500
FINISHED 4 10 random_block_selection completed 1.096769
running 1812 / 2500
START 4 12 random_block_selection
START 4 13 random_block_selection
START 4 14 random_block_selection
START 4 15 random_block_selection
FINISHED 4 12 random_block_selection completed 0.228015
START 4 16 random_block_selection
FINISHED 4 14 random_block_selection completed 0.610166
FINISHED 4 13 random_block_selection completed 0.702721
START 4 17 random_block_selection
START 4 18 random_block_selection
FINISHED 4 15 random_block_selection completed 1.109283
FINISHED 4 16 random_block_selection completed 0.173075
START 4 19 random_block_selection
START 4 20 random_block_selection
FINISHED 4 17 random_block_selection completed 0.40262
FINISHED 4 18 random_block_selection completed 0.477691
START 4 21 random_block_selection
START 4 22 random_block_selection
FINISHED 4 19 random_block_selection completed 0.658594
FINISHED 4 20 random_block_selection completed 0.981356
FINISHED 4 21 random_block_selection completed 0.460333
FINISHED 4 22 random_block_selection completed 0.57935
PROGRESS 1819 / 2500
START 4 23 random_block_selection
START 4 24 random_block_selection
START 4 25 random_block_selection
START 4 26 random_block_selection
FINISHED 4 26 random_block_selection completed 0.260951
FINISHED 4 25 random_block_selection completed 0.325292
FINISHED 4 23 random_block_selection completed 0.329433
FINISHED 4 24 random_block_selection completed 0.527851
START 4 27 random_block_selection
START 4 28 random_block_selection
START 4 29 random_block_selection
START 4 30 random_block_selection
FINISHED 4 27 random_block_selection completed 0.230665
START 4 31 random_block_selection
FINISHED 4 28 random_block_selection completed 0.704465
FINISHED 4 30 random_block_selection completed 0.397292
START 4 32 random_block_selection
START 4 33 random_block_selection
FINISHED 4 29 random_block_selection completed 1.231809
FINISHED 4 31 random_block_selection completed 0.395206
PROGRESS 1831 / 2500
FINISHED 4 33 random_block_selection completed 0.774698
FINISHED 4 32 random_block_selection completed 0.832851
START 4 34 random_block_selection
START 4 35 random_block_selection
START 4 36 random_block_selection
START 4 37 random_block_selection
FINISHED 4 35 random_block_selection completed 0.40238
START 4 38 random_block_selection
FINISHED 4 34 random_block_selection completed 0.544438
START 4 39 random_block_selection
FINISHED 4 37 random_block_selection completed 0.925448
FINISHED 4 36 random_block_selection completed 1.47465
START 4 40 random_block_selection
START 4 41 random_block_selection
FINISHED 4 39 random_block_selection completed 0.434867
FINISHED 4 38 random_block_selection completed 0.931693
START 4 42 random_block_selection
FINISHED 4 41 random_block_selection completed 0.159764
START 4 43 random_block_selection
FINISHED 4 40 random_block_selection completed 0.415017
FINISHED 4 42 random_block_selection completed 0.222625
PROGRESS 1842 / 2500
FINISHED 4 43 random_block_selection completed 0.594891
START 4 44 random_block_selection
START 4 45 random_block_selection
START 4 46 random_block_selection
START 4 47 random_block_selection
FINISHED 4 47 random_block_selection completed 0.419116
FINISHED 4 45 random_block_selection completed 0.512022
START 4 48 random_block_selection
FINISHED 4 44 random_block_selection completed 0.583843
START 4 49 random_block_selection
START 4 50 random_block_selection
FINISHED 4 46 random_block_selection completed 1.00359
START 4 51 random_block_selection
FINISHED 4 49 random_block_selection completed 0.326841
START 4 52 random_block_selection
FINISHED 4 50 random_block_selection completed 0.515334
FINISHED 4 48 random_block_selection completed 0.776589
START 4 53 random_block_selection
START 4 54 random_block_selection
FINISHED 4 51 random_block_selection completed 0.325738
FINISHED 4 52 random_block_selection completed 0.347222
PROGRESS 1852 / 2500
FINISHED 4 53 random_block_selection completed 0.72108
FINISHED 4 54 random_block_selection completed 0.721501
running 1855 / 2500
START 4 55 random_block_selection
START 4 56 random_block_selection
START 4 57 random_block_selection
START 4 58 random_block_selection
FINISHED 4 57 random_block_selection completed 0.349238
FINISHED 4 58 random_block_selection completed 0.354075
FINISHED 4 56 random_block_selection completed 0.409335
FINISHED 4 55 random_block_selection completed 0.525417
START 4 59 random_block_selection
START 4 60 random_block_selection
START 4 61 random_block_selection
START 4 62 random_block_selection
FINISHED 4 60 random_block_selection completed 0.392662
FINISHED 4 59 random_block_selection completed 0.456191
START 4 63 random_block_selection
START 4 64 random_block_selection
FINISHED 4 62 random_block_selection completed 0.349727
FINISHED 4 61 random_block_selection completed 0.654669
FINISHED 4 63 random_block_selection completed 0.300679
FINISHED 4 64 random_block_selection completed 0.426372
PROGRESS 1863 / 2500
START 4 65 random_block_selection
START 4 66 random_block_selection
START 4 67 random_block_selection
START 4 68 random_block_selection
FINISHED 4 68 random_block_selection completed 0.269435
FINISHED 4 66 random_block_selection completed 0.347748
START 4 69 random_block_selection
START 4 70 random_block_selection
FINISHED 4 65 random_block_selection completed 0.589519
START 4 71 random_block_selection
FINISHED 4 67 random_block_selection completed 0.949276
START 4 72 random_block_selection
FINISHED 4 69 random_block_selection completed 0.394681
START 4 73 random_block_selection
FINISHED 4 71 random_block_selection completed 0.42842
FINISHED 4 70 random_block_selection completed 0.872001
START 4 74 random_block_selection
START 4 75 random_block_selection
FINISHED 4 72 random_block_selection completed 0.642505
FINISHED 4 73 random_block_selection completed 0.64894
FINISHED 4 75 random_block_selection completed 0.512083
PROGRESS 1873 / 2500
FINISHED 4 74 random_block_selection completed 0.735332
START 4 76 random_block_selection
START 4 77 random_block_selection
START 4 78 random_block_selection
START 4 79 random_block_selection
FINISHED 4 78 random_block_selection completed 0.264018
FINISHED 4 76 random_block_selection completed 0.329276
FINISHED 4 77FINISHED 4 79 random_block_selection completed 0.51496
 random_block_selection completed 0.514938
START 4 80 random_block_selection
START 4 81 random_block_selection
START 4 82 random_block_selection
START 4 83 random_block_selection
FINISHED 4 81 random_block_selection completed 0.338441
START 4 84 random_block_selection
FINISHED 4 82 random_block_selection completed 0.440095
FINISHED 4 83 random_block_selection completed 0.612164
FINISHED 4 80 random_block_selection completed 1.006689
START 4 85 random_block_selection
START 4 86 random_block_selection
FINISHED 4 84 random_block_selection completed 0.34629
PROGRESS 1884 / 2500
FINISHED 4 85 random_block_selection completed 0.771335
FINISHED 4 86 random_block_selection completed 0.817342
START 4 87 random_block_selection
START 4 88 random_block_selection
START 4 89 random_block_selection
START 4 90 random_block_selection
FINISHED 4 89 random_block_selection completed 0.327344
FINISHED 4 90 random_block_selection completed 0.372922
START 4 91 random_block_selection
START 4 92 random_block_selection
FINISHED 4 87 random_block_selection completed 0.532626
START 4 93 random_block_selection
FINISHED 4 88 random_block_selection completed 0.779207
START 4 94 random_block_selection
FINISHED 4 93 random_block_selection completed 0.417117
FINISHED 4 94 random_block_selection completed 0.2147
START 4 95 random_block_selection
START 4 96 random_block_selection
FINISHED 4 91 random_block_selection completed 1.266181
FINISHED 4 92 random_block_selection completed 1.445151
PROGRESS 1893 / 2500
FINISHED 4 96 random_block_selection completed 0.637443
FINISHED 4 95 random_block_selection completed 0.785294
START 4 97 random_block_selection
START 4 98 random_block_selection
START 4 99 random_block_selection
START 4 0 algorithm_1
FINISHED 4 98 random_block_selection completed 0.160398
START 4 1 algorithm_1
FINISHED 4 99 random_block_selection completed 0.509189
START 4 2 algorithm_1
FINISHED 4 97 random_block_selection completed 1.232408
START 4 3 algorithm_1
FINISHED 4 2 algorithm_1 completed 2.356415
START 4 4 algorithm_1
FINISHED 4 0 algorithm_1 completed 5.85605
START 4 5 algorithm_1
FINISHED 4 5 algorithm_1 completed 3.238681
START 4 6 algorithm_1
FINISHED 4 4 algorithm_1 completed 6.683708
PROGRESS 1903 / 2500
FINISHED 4 1 algorithm_1 completed 11.690837
FINISHED 4 3 algorithm_1 completed 11.753225
running 1905 / 2500
FINISHED 4 6 algorithm_1 completed 4.665094
START 4 7 algorithm_1
START 4 8 algorithm_1
START 4 9 algorithm_1
START 4 10 algorithm_1
FINISHED 4 9 algorithm_1 completed 1.184326
START 4 11 algorithm_1
FINISHED 4 7 algorithm_1 completed 2.580076
FINISHED 4 8 algorithm_1 completed 2.651443
START 4 12 algorithm_1
START 4 13 algorithm_1
FINISHED 4 11 algorithm_1 completed 4.017328
START 4 14 algorithm_1
FINISHED 4 14 algorithm_1 completed 4.039624
FINISHED 4 12 algorithm_1 completed 8.199714
FINISHED 4 10 algorithm_1 completed 11.433971
PROGRESS 1912 / 2500
START 4 15 algorithm_1
START 4 16 algorithm_1
START 4 17 algorithm_1
FINISHED 4 17 algorithm_1 completed 5.604386
START 4 18 algorithm_1
FINISHED 4 16 algorithm_1 completed 7.121944
START 4 19 algorithm_1
FINISHED 4 13 algorithm_1 completed 17.064917
START 4 20 algorithm_1
FINISHED 4 15 algorithm_1 completed 11.135987
START 4 21 algorithm_1
FINISHED 4 20 algorithm_1 completed 6.731298
FINISHED 4 18 algorithm_1 completed 9.117589
PROGRESS 1918 / 2500
START 4 22 algorithm_1
START 4 23 algorithm_1
FINISHED 4 19 algorithm_1 completed 11.712356
START 4 24 algorithm_1
FINISHED 4 21 algorithm_1 completed 12.545034
START 4 25 algorithm_1
FINISHED 4 22 algorithm_1 completed 8.412287
START 4 26 algorithm_1
FINISHED 4 23 algorithm_1 completed 8.747556
START 4 27 algorithm_1
FINISHED 4 25 algorithm_1 completed 3.481903
START 4 28 algorithm_1
FINISHED 4 24 algorithm_1 completed 9.109496
START 4 29 algorithm_1
PROGRESS 1926 / 2500
FINISHED 4 26 algorithm_1 completed 10.241015
START 4 30 algorithm_1
FINISHED 4 28 algorithm_1 completed 10.829889
START 4 31 algorithm_1
FINISHED 4 30 algorithm_1 completed 6.414986
START 4 32 algorithm_1
FINISHED 4 27 algorithm_1 completed 17.459186
START 4 33 algorithm_1
FINISHED 4 29 algorithm_1 completed 17.936581
PROGRESS 1930 / 2500
START 4 34 algorithm_1
FINISHED 4 33 algorithm_1 completed 4.661106
FINISHED 4 31 algorithm_1 completed 8.227751
START 4 35 algorithm_1
START 4 36 algorithm_1
FINISHED 4 34 algorithm_1 completed 3.270132
START 4 37 algorithm_1
FINISHED 4 35 algorithm_1 completed 3.98728
START 4 38 algorithm_1
FINISHED 4 36 algorithm_1 completed 4.985403
START 4 39 algorithm_1
FINISHED 4 32 algorithm_1 completed 11.819338
START 4 40 algorithm_1
FINISHED 4 40 algorithm_1 completed 2.242384
START 4 41 algorithm_1
FINISHED 4 41 algorithm_1 completed 4.645701
FINISHED 4 38 algorithm_1 completed 10.576676
PROGRESS 1938 / 2500
START 4 42 algorithm_1
START 4 43 algorithm_1
FINISHED 4 42 algorithm_1 completed 4.394401
START 4 44 algorithm_1
FINISHED 4 39 algorithm_1 completed 16.904417
START 4 45 algorithm_1
FINISHED 4 37 algorithm_1 completed 25.239954
START 4 46 algorithm_1
FINISHED 4 44 algorithm_1 completed 10.471304
PROGRESS 1943 / 2500
START 4 47 algorithm_1
FINISHED 4 43 algorithm_1 completed 17.854065
START 4 48 algorithm_1
FINISHED 4 48 algorithm_1 completed 2.616813
START 4 49 algorithm_1
FINISHED 4 47 algorithm_1 completed 5.851773
START 4 50 algorithm_1
FINISHED 4 46 algorithm_1 completed 16.238781
START 4 51 algorithm_1
FINISHED 4 45 algorithm_1 completed 23.992233
FINISHED 4 49 algorithm_1 completed 10.152441
PROGRESS 1949 / 2500
START 4 52 algorithm_1
START 4 53 algorithm_1
FINISHED 4 50 algorithm_1 completed 11.197512
START 4 54 algorithm_1
FINISHED 4 51 algorithm_1 completed 5.73445
START 4 55 algorithm_1
FINISHED 4 54 algorithm_1 completed 5.393164
START 4 56 algorithm_1
FINISHED 4 55 algorithm_1 completed 7.212231
START 4 57 algorithm_1
FINISHED 4 52 algorithm_1 completed 15.418734
PROGRESS 1954 / 2500
FINISHED 4 57 algorithm_1 completed 3.882521
FINISHED 4 53 algorithm_1 completed 16.279976
running 1957 / 2500
START 4 58 algorithm_1
START 4 59 algorithm_1
START 4 60 algorithm_1
FINISHED 4 60 algorithm_1 completed 2.60938
START 4 61 algorithm_1
FINISHED 4 56 algorithm_1 completed 18.394093
START 4 62 algorithm_1
FINISHED 4 59 algorithm_1 completed 7.625579
START 4 63 algorithm_1
PROGRESS 1960 / 2500
FINISHED 4 63 algorithm_1 completed 5.149974
FINISHED 4 62 algorithm_1 completed 6.220159
START 4 64 algorithm_1
START 4 65 algorithm_1
FINISHED 4 58 algorithm_1 completed 18.267482
START 4 66 algorithm_1
FINISHED 4 61 algorithm_1 completed 15.310169
START 4 67 algorithm_1
FINISHED 4 65 algorithm_1 completed 5.684652
START 4 68 algorithm_1
FINISHED 4 64 algorithm_1 completed 11.911661
START 4 69 algorithm_1
FINISHED 4 66 algorithm_1 completed 9.543801
PROGRESS 1966 / 2500
START 4 70 algorithm_1
FINISHED 4 69 algorithm_1 completed 2.748891
START 4 71 algorithm_1
FINISHED 4 68 algorithm_1 completed 9.782023
START 4 72 algorithm_1
FINISHED 4 67 algorithm_1 completed 11.516306
START 4 73 algorithm_1
FINISHED 4 71 algorithm_1 completed 4.035207
START 4 74 algorithm_1
FINISHED 4 72 algorithm_1 completed 7.466141
START 4 75 algorithm_1
FINISHED 4 70 algorithm_1 completed 9.38034
START 4 76 algorithm_1
FINISHED 4 73 algorithm_1 completed 9.919111
START 4 77 algorithm_1
FINISHED 4 75 algorithm_1 completed 3.881287
START 4 78 algorithm_1
FINISHED 4 76 algorithm_1 completed 4.137611
START 4 79 algorithm_1
FINISHED 4 74 algorithm_1 completed 9.512773
FINISHED 4 77 algorithm_1 completed 3.006869
PROGRESS 1976 / 2500
START 4 80 algorithm_1
START 4 81 algorithm_1
FINISHED 4 78 algorithm_1 completed 6.913378
START 4 82 algorithm_1
FINISHED 4 79 algorithm_1 completed 7.268236
START 4 83 algorithm_1
FINISHED 4 81 algorithm_1 completed 8.25245
START 4 84 algorithm_1
FINISHED 4 80 algorithm_1 completed 9.182486
START 4 85 algorithm_1
FINISHED 4 83 algorithm_1 completed 5.106982
START 4 86 algorithm_1
FINISHED 4 85 algorithm_1 completed 3.448845
START 4 87 algorithm_1
PROGRESS 1984 / 2500
FINISHED 4 84 algorithm_1 completed 6.829248
START 4 88 algorithm_1
FINISHED 4 87 algorithm_1 completed 4.484569
START 4 89 algorithm_1
FINISHED 4 82 algorithm_1 completed 13.754025
START 4 90 algorithm_1
FINISHED 4 88 algorithm_1 completed 6.161977
START 4 91 algorithm_1
FINISHED 4 90 algorithm_1 completed 3.896164
START 4 92 algorithm_1
FINISHED 4 86 algorithm_1 completed 17.578972
START 4 93 algorithm_1
PROGRESS 1990 / 2500
FINISHED 4 91 algorithm_1 completed 9.411862
START 4 94 algorithm_1
FINISHED 4 92 algorithm_1 completed 14.08117
START 4 95 algorithm_1
FINISHED 4 93 algorithm_1 completed 9.218411
START 4 96 algorithm_1
FINISHED 4 94 algorithm_1 completed 8.178483
START 4 97 algorithm_1
FINISHED 4 96 algorithm_1 completed 7.502891
PROGRESS 1994 / 2500
START 4 98 algorithm_1
FINISHED 4 89 algorithm_1 completed 29.671484
START 4 99 algorithm_1
FINISHED 4 95 algorithm_1 completed 17.695183
START 5 0 coordinate_mom
FINISHED 5 0 coordinate_mom completed 0.000408
START 5 1 coordinate_mom
FINISHED 5 1 coordinate_mom completed 0.000399
START 5 2 coordinate_mom
FINISHED 5 2 coordinate_mom completed 0.000414
START 5 3 coordinate_mom
FINISHED 5 3 coordinate_mom completed 0.000407
START 5 4 coordinate_mom
FINISHED 4 99 algorithm_1 completed 11.014162
FINISHED 5 4 coordinate_mom completed 0.00042
START 5 5 coordinate_mom
START 5 6 coordinate_mom
FINISHED 5 5 coordinate_mom completed 0.000428
FINISHED 5 6 coordinate_mom completed 0.000378
START 5 7 coordinate_mom
START 5 8 coordinate_mom
FINISHED 5 7 coordinate_mom completed 0.00046
FINISHED 5 8 coordinate_mom completed 0.000676
PROGRESS 2005 / 2500
FINISHED 4 97 algorithm_1 completed 21.346406
FINISHED 4 98 algorithm_1 completed 16.260825
running 2008 / 2500
START 5 9 coordinate_mom
START 5 10 coordinate_mom
START 5 11 coordinate_mom
START 5 12 coordinate_mom
FINISHED 5FINISHED 5  11 coordinate_mom10 coordinate_mom completed  FINISHED completed 0.00036350.000338
 
9 coordinate_mom completed 0.000327
FINISHED 5 12 coordinate_mom completed 0.000341
START 5 13 coordinate_mom
START 5 14 coordinate_mom
START 5 15 coordinate_mom
START 5 16 coordinate_mom
FINISHED 5 15 FINISHED 5 14coordinate_mom FINISHED FINISHED 55 16 13 coordinate_momcoordinate_mom  completedcompleted   0.000329coordinate_mom0.000319 
 completed completed
0.000327
 0.000346
START 5 17 coordinate_mom
START 5 18 coordinate_mom
START 5 19 coordinate_mom
START 5 20 coordinate_mom
FINISHED 5 19 coordinate_mom completed 0.000441
FINISHED 5 17 coordinate_mom completed 0.000415
FINISHED 5 18 coordinate_mom completed 0.000691
FINISHED 5 20 coordinate_mom completed 0.000411
PROGRESS 2017 / 2500
START 5 21 coordinate_mom
START 5 22 coordinate_mom
START 5 23 coordinate_mom
START 5 24 coordinate_mom
FINISHED 5 23 coordinate_mom completed 0.00033FINISHED 
5 22 coordinate_mom completed FINISHED 0.000308
5 21 coordinate_mom completed 0.000308
FINISHED 5 24 coordinate_mom completed 0.00039
START 5 25 coordinate_mom
START 5 26 coordinate_mom
START 5 27 coordinate_mom
START 5 28 coordinate_mom
FINISHED 5 27 coordinate_mom FINISHED 5 26 coordinate_mom completed 0.000332completedFINISHED 5 
 0.00030525
 FINISHED 5coordinate_mom completed 0.000323
 28 coordinate_mom completed 0.000314
START 5 29 coordinate_mom
START 5 30 coordinate_mom
START 5 31 coordinate_mom
START 5 32 coordinate_mom
FINISHED 5 32 coordinate_mom completed 0.000409
FINISHED 5 31 coordinate_mom completed 0.000331
FINISHED 5 30 coordinate_mom completed 0.000442
FINISHED 5 29 coordinate_mom completed 0.000398
PROGRESS 2029 / 2500
START 5 33 coordinate_mom
START 5 34 coordinate_mom
START 5 35 coordinate_mom
START 5 36 coordinate_mom
FINISHED 5 33 coordinate_mom completed 0.000343
FINISHED 5 36 coordinate_mom completed 0.000305
FINISHED 5 34 coordinate_mom completed 0.000341
FINISHED 5 35 coordinate_mom completed 0.000357
START 5 37 coordinate_mom
START 5 38 coordinate_mom
START 5 39 coordinate_mom
START 5 40 coordinate_mom
FINISHED 5 39 coordinate_mom completedFINISHED 5 37FINISHED 5 0.000316 FINISHED 
5coordinate_mom completed  38 40 coordinate_mom coordinate_mom completed 0.000311 
0.000335completed 0.000313

START 5 41 coordinate_mom
START 5 42 coordinate_mom
START 5 43 coordinate_mom
START 5 44 coordinate_mom
FINISHED 5 41 coordinate_mom completed 0.000455
FINISHED 5 42 coordinate_mom completed 0.000367
FINISHED 5 43 coordinate_mom completed 0.000349
FINISHED 5 44 coordinate_mom completed 0.000669
PROGRESS 2041 / 2500
START 5 45 coordinate_mom
START 5 46 coordinate_mom
START 5 47 coordinate_mom
START 5 48 coordinate_mom
FINISHED 5 46 coordinate_mom completed 0.000314
FINISHED 5 45 coordinate_mom completed 0.000307
FINISHED 5 47 coordinate_mom completed 0.00031
FINISHED 5 48 coordinate_mom completed 0.000403
START 5 49 coordinate_mom
START 5 50 coordinate_mom
START 5 51 coordinate_mom
START 5 52 coordinate_mom
FINISHED 5 50 coordinate_mom completed FINISHED 0.000343
5 49 coordinate_mom completed 0.000318
FINISHED 5 51 coordinate_mom completed 0.000439
FINISHED 5 52 coordinate_mom completed 0.000399
START 5 53 coordinate_mom
START 5 54 coordinate_mom
START 5 55 coordinate_mom
START 5 56 coordinate_mom
FINISHED 5 55 coordinate_mom completed 0.000416
FINISHED 5 54 coordinate_mom completed 0.000417
FINISHED 5 56 coordinate_mom completed 0.000389
FINISHED 5 53 coordinate_mom completed 0.000402
PROGRESS 2053 / 2500
running 2057 / 2500
START 5 57 coordinate_mom
START 5 58 coordinate_mom
START 5 59 coordinate_mom
START 5 60 coordinate_mom
FINISHED 5 59 FINISHEDcoordinate_mom completed  0.000306FINISHED5FINISHED
  58 coordinate_mom completed  50.000321 
605 57 coordinate_mom completed 0.000349 
coordinate_mom completed 0.000327
START 5 61 coordinate_mom
START 5 62 coordinate_mom
START 5 63 coordinate_mom
START 5 64 coordinate_mom
FINISHED 5 62 coordinate_mom completed 0.000331
FINISHED 5 61 coordinate_mom completed 0.000314
FINISHED 5 63 coordinate_mom completed 0.000354
FINISHED 5 64 coordinate_mom completed 0.000389
START 5 65 coordinate_mom
START 5 66 coordinate_mom
START 5 67 coordinate_mom
START 5 68 coordinate_mom
FINISHED 5 68 coordinate_mom completed 0.000638
FINISHED 5 66 coordinate_mom completed 0.00044
FINISHED 5 65 coordinate_mom completedFINISHED 0.000363
 5 67 coordinate_mom completed 0.00035
PROGRESS 2065 / 2500
START 5 69 coordinate_mom
START 5 70 coordinate_mom
START 5 71 coordinate_mom
START 5 72 coordinate_mom
FINISHED 5 69 coordinate_mom completed 0.000312
FINISHED 5 71 coordinate_mom FINISHED 5 70 coordinate_mom completed 0.000303
completed 0.00033
FINISHED 5 72 coordinate_mom completed 0.000289
START 5 73 coordinate_mom
START 5 74 coordinate_mom
START 5 75 coordinate_mom
START 5 76 coordinate_mom
FINISHED 5 74 coordinate_mom completed 0.000316
FINISHED 5 73 coordinate_mom completed 0.000333
FINISHED 5 75 coordinate_mom completed 0.000301
FINISHED 5 76 coordinate_mom completed 0.000336
START 5 77 coordinate_mom
START 5 78 coordinate_mom
START 5 79 coordinate_mom
START 5 80 coordinate_mom
FINISHED 5 77 coordinate_mom completed 0.000334
FINISHED 5 78 coordinate_mom completed 0.000353
FINISHED 5 80 coordinate_mom completed 0.000457
FINISHED 5 79 coordinate_mom completed 0.000443
PROGRESS 2077 / 2500
START 5 81 coordinate_mom
START 5 82 coordinate_mom
START 5 83 coordinate_mom
START 5 84 coordinate_mom
FINISHED 5FINISHED  845 83 coordinate_mom FINISHED 5  FINISHEDcompletedcoordinate_mom completed 820.000357 5  81 
coordinate_momcoordinate_mom completed 0.000329
 completed  0.000324
0.000331
START 5 85 coordinate_mom
START 5 86 coordinate_mom
START 5 87 coordinate_mom
START 5 88 coordinate_mom
FINISHED 5 86 coordinate_mom completed 0.000327
FINISHED 5 85FINISHED 5 88 coordinate_mom completed 0.000302
 coordinate_mom completed 0.000308
FINISHED 5 87 coordinate_mom completed 0.000382
START 5 89 coordinate_mom
START 5 90 coordinate_mom
START 5 91 coordinate_mom
START 5 92 coordinate_mom
FINISHED 5 89 coordinate_mom completed 0.000332
FINISHED 5 90 coordinate_mom completed 0.000725
FINISHED 5 91 coordinate_mom completed 0.000695
FINISHED 5 92 coordinate_mom completed 0.000365
PROGRESS 2089 / 2500
START 5 93 coordinate_mom
START 5 94 coordinate_mom
START 5 95 coordinate_mom
START 5 96 coordinate_mom
FINISHED 5 96 coordinate_mom completed 0.000361
FINISHED 5 93 coordinate_mom completed 0.000329
FINISHED 5 95 coordinate_mom completed 0.000347
FINISHED 5 94 coordinate_mom completed 0.000366
START 5 97 coordinate_mom
START 5 98 coordinate_mom
START 5 99 coordinate_mom
START 5 0 geometric_mom
FINISHED 5 99 coordinate_mom completed 0.000329
FINISHED 5 98 coordinate_mom completed 0.00037
FINISHED 5 97 coordinate_mom completed 0.000374
FINISHED 5 0 geometric_mom completed 0.001073
START 5 1 geometric_mom
START 5 2 geometric_mom
START 5 3 geometric_mom
START 5 4 geometric_mom
FINISHED 5 2 geometric_mom completed 0.001129
FINISHED 5 3 geometric_mom completed 0.001196
FINISHED 5 1 geometric_mom completed 0.000981
FINISHED 5 4 geometric_mom completed 0.002202
PROGRESS 2101 / 2500
running 2105 / 2500
START 5 5 geometric_mom
START 5 6 geometric_mom
START 5 7 geometric_mom
START 5 8 geometric_mom
FINISHED 5 6 geometric_mom completed 0.001252
FINISHED 5 5 geometric_mom completed 0.001291
FINISHED 5 8 geometric_mom completed 0.001217
FINISHED 5 7 geometric_mom completed 0.000884
START 5 9 geometric_mom
START 5 10 geometric_mom
START 5 11 geometric_mom
START 5 12 geometric_mom
FINISHED 5 10 geometric_mom completed 0.000952
FINISHED 5 11 geometric_mom completed 0.001199
FINISHED 5 9 geometric_mom completed 0.001555
FINISHED 5 12 geometric_mom completed 0.001267
START 5 13 geometric_mom
START 5 14 geometric_mom
START 5 15 geometric_mom
START 5 16 geometric_mom
FINISHED 5 13 geometric_mom completed 0.002284
FINISHED 5 16 geometric_mom completed 0.001201
FINISHED 5 15 geometric_mom completed 0.00122
FINISHED 5 14 geometric_mom completed 0.001984
PROGRESS 2113 / 2500
START 5 17 geometric_mom
START 5 18 geometric_mom
START 5 19 geometric_mom
START 5 20 geometric_mom
FINISHED 5 18 geometric_mom completed 0.000872
FINISHED 5 17 geometric_mom completed 0.001021
FINISHED 5 19 geometric_mom completed 0.001044
FINISHED 5 20 geometric_mom completed 0.001434
START 5 21 geometric_mom
START 5 22 geometric_mom
START 5 23 geometric_mom
START 5 24 geometric_mom
FINISHED 5 22 geometric_mom completed 0.001463
FINISHED 5 21 geometric_mom completed 0.001217
FINISHED 5 23 geometric_mom completed 0.001208
FINISHED 5 24 geometric_mom completed 0.001196
START 5 25 geometric_mom
START 5 26 geometric_mom
START 5 27 geometric_mom
START 5 28 geometric_mom
FINISHED 5 26 geometric_mom completed 0.001355
FINISHED 5 25 geometric_mom completed 0.001124
FINISHED 5 27 geometric_mom completed 0.002358
FINISHED 5 28 geometric_mom completed 0.001158
PROGRESS 2125 / 2500
START 5 29 geometric_mom
START 5 30 geometric_mom
START 5 31 geometric_mom
START 5 32 geometric_mom
FINISHED 5 30 geometric_mom completed 0.001141
FINISHED 5 29 geometric_mom completed 0.000888
FINISHED 5 31 geometric_mom completed 0.001014
FINISHED 5 32 geometric_mom completed 0.00129
START 5 33 geometric_mom
START 5 34 geometric_mom
START 5 35 geometric_mom
START 5 36 geometric_mom
FINISHED 5 33 geometric_mom completed 0.001196
FINISHED 5 35 geometric_mom completed 0.001066
FINISHED 5 36 geometric_mom completed 0.000887
FINISHED 5 34 geometric_mom completed 0.001082
START 5 37 geometric_mom
START 5 38 geometric_mom
START 5 39 geometric_mom
START 5 40 geometric_mom
FINISHED 5 38 geometric_mom completed 0.000999
FINISHED 5 37 geometric_mom completed 0.001021
FINISHED 5 40 geometric_mom completed 0.000836
FINISHED 5 39 geometric_mom completed 0.001348
PROGRESS 2137 / 2500
START 5 41 geometric_mom
START 5 42 geometric_mom
START 5 43 geometric_mom
START 5 44 geometric_mom
FINISHED 5 42 geometric_mom completed 0.001071
FINISHED 5 43 geometric_mom completed FINISHED 5 41 0.000988
geometric_mom completed 0.00111
FINISHED 5 44 geometric_mom completed 0.001073
START 5 45 geometric_mom
START 5 46 geometric_mom
START 5 47 geometric_mom
START 5 48 geometric_mom
FINISHED 5 46 geometric_mom completed 0.000887
FINISHED 5 45 geometric_mom completed 0.001055
FINISHED 5 47 geometric_mom completed 0.001504
FINISHED 5 48 geometric_mom completed 0.001625
START 5 49 geometric_mom
START 5 50 geometric_mom
START 5 51 geometric_mom
START 5 52 geometric_mom
FINISHED 5 51 geometric_mom completed 0.001151
FINISHED 5 50 geometric_mom completed 0.001249
FINISHED 5 49 geometric_mom completed 0.001654
FINISHED 5 52 geometric_mom completed 0.001973
PROGRESS 2149 / 2500
START 5 53 geometric_mom
START 5 54 geometric_mom
START 5 55 geometric_mom
START 5 56 geometric_mom
FINISHED 5 53 geometric_mom completed 0.00086
FINISHED 5 55 geometric_mom completed 0.001207
FINISHED 5 54 geometric_mom completed 0.001524
FINISHED 5 56 geometric_mom completed 0.000899
START 5 57 geometric_mom
START 5 58 geometric_mom
START 5 59 geometric_mom
START 5 60 geometric_mom
FINISHED 5 59 geometric_mom completed 0.001051
FINISHED 5 58 geometric_mom completed 0.001127
FINISHED 5 57 geometric_mom completed 0.002256
FINISHED 5 60 geometric_mom completed 0.001383
START 5 61 geometric_mom
START 5 62 geometric_mom
START 5 63 geometric_mom
START 5 64 geometric_mom
FINISHED 5 64 geometric_mom completed 0.001153
FINISHED 5 62 geometric_mom completed 0.001057
FINISHED 5 63 geometric_mom completed 0.001516
FINISHED 5 61 geometric_mom completed 0.001602
PROGRESS 2161 / 2500
running 2165 / 2500
START 5 65 geometric_mom
START 5 66 geometric_mom
START 5 67 geometric_mom
START 5 68 geometric_mom
FINISHED 5 68 geometric_mom completed 0.000843
FINISHED 5 67 geometric_mom completed 0.000945
FINISHED 5 65 geometric_mom completed 0.001093
FINISHED 5 66 geometric_mom completed 0.00126
START 5 69 geometric_mom
START 5 70 geometric_mom
START 5 71 geometric_mom
START 5 72 geometric_mom
FINISHED 5 71 geometric_mom completed 0.001463
FINISHED 5 72 geometric_mom completed 0.000907
FINISHED 5 69 geometric_mom completed 0.00113
FINISHED 5 70 geometric_mom completed 0.001143
START 5 73 geometric_mom
START 5 74 geometric_mom
START 5 75 geometric_mom
START 5 76 geometric_mom
FINISHED 5 75 geometric_mom completed 0.000887
FINISHED 5 74 geometric_mom completed 0.001357
FINISHED 5 76 geometric_mom completed 0.001285
FINISHED 5 73 geometric_mom completed 0.001332
PROGRESS 2173 / 2500
START 5 77 geometric_mom
START 5 78 geometric_mom
START 5 79 geometric_mom
START 5 80 geometric_mom
FINISHED 5 77 geometric_mom completed 0.001234
FINISHED 5 78 geometric_mom completed 0.001674
FINISHED 5 79 geometric_mom completed 0.001122
FINISHED 5 80 geometric_mom completed 0.001181
START 5 81 geometric_mom
START 5 82 geometric_mom
START 5 83 geometric_mom
START 5 84 geometric_mom
FINISHED 5 82 geometric_mom completed 0.001105
FINISHED 5 81 geometric_mom completed 0.001239
FINISHED 5 83 geometric_mom completed 0.000978
FINISHED 5 84 geometric_mom completed 0.001135
START 5 85 geometric_mom
START 5 86 geometric_mom
START 5 87 geometric_mom
START 5 88 geometric_mom
FINISHED 5 87 geometric_mom completed 0.00196
FINISHED 5 85 geometric_mom completed 0.001093
FINISHED 5 86 geometric_mom completed 0.001519
FINISHED 5 88 geometric_mom completed 0.002153
PROGRESS 2185 / 2500
START 5 89 geometric_mom
START 5 90 geometric_mom
START 5 91 geometric_mom
START 5 92 geometric_mom
FINISHED 5 89 geometric_mom completed 0.000938
FINISHED 5 92 geometric_mom completed 0.001105
FINISHED 5 90 geometric_mom completed 0.001155
FINISHED 5 91 geometric_mom completed 0.001579
START 5 93 geometric_mom
START 5 94 geometric_mom
START 5 95 geometric_mom
START 5 96 geometric_mom
FINISHED 5 93 geometric_mom completed 0.001245
FINISHED 5 94 geometric_mom completed 0.001057
FINISHED 5 95 geometric_mom completed 0.001296
FINISHED 5 96 geometric_mom completed 0.001503
START 5 97 geometric_mom
START 5 98 geometric_mom
START 5 99 geometric_mom
START 5 0 dl_clarabel
FINISHED 5 98 geometric_mom completed 0.002104
FINISHED 5 99 geometric_mom completed 0.001192
FINISHED 5 97 geometric_mom completed 0.001075
PROGRESS 2197 / 2500
FINISHED 5 0 dl_clarabel completed 0.660165
START 5 1 dl_clarabel
START 5 2 dl_clarabel
START 5 3 dl_clarabel
START 5 4 dl_clarabel
FINISHED 5 3 dl_clarabel completed 0.624254
FINISHED 5 2 dl_clarabel completed 0.708081
FINISHED 5 1 dl_clarabel completed 0.746946
FINISHED 5 4 dl_clarabel completed 0.783117
START 5 5 dl_clarabel
START 5 6 dl_clarabel
START 5 7 dl_clarabel
START 5 8 dl_clarabel
FINISHED 5 5 dl_clarabel completed 0.698192
FINISHED 5 6 dl_clarabel completed 0.815973
START 5 9 dl_clarabel
FINISHED 5 7 dl_clarabel completed 0.653462
START 5 10 dl_clarabel
START 5 11 dl_clarabel
FINISHED 5 8 dl_clarabel completed 0.78983
FINISHED 5 9 dl_clarabel completed 0.840685
PROGRESS 2209 / 2500
FINISHED 5 10 dl_clarabel completed 0.869702
FINISHED 5 11 dl_clarabel completed 0.905765
running 2212 / 2500
START 5 12 dl_clarabel
START 5 13 dl_clarabel
START 5 14 dl_clarabel
START 5 15 dl_clarabel
FINISHED 5 14 dl_clarabel completed 0.683618
FINISHED 5 12 dl_clarabel completed 0.727244
FINISHED 5 13 dl_clarabel completed 0.736418
FINISHED 5 15 dl_clarabel completed 0.744468
START 5 16 dl_clarabel
START 5 17 dl_clarabel
START 5 18 dl_clarabel
START 5 19 dl_clarabel
FINISHED 5 17 dl_clarabel completed 0.697788
FINISHED 5 19 dl_clarabel completed 0.784988
FINISHED 5 16 dl_clarabel completed 0.794366
FINISHED 5 18 dl_clarabel completed 0.865222
START 5 20 dl_clarabel
START 5 21 dl_clarabel
START 5 22 dl_clarabel
START 5 23 dl_clarabel
PROGRESS 2220 / 2500
FINISHED 5 20 dl_clarabel completed 0.95786
FINISHED 5 21 dl_clarabel completed 0.95598
FINISHED 5 22 dl_clarabel completed 1.025181
FINISHED 5 23 dl_clarabel completed 1.031786
START 5 24 dl_clarabel
START 5 25 dl_clarabel
START 5 26 dl_clarabel
START 5 27 dl_clarabel
FINISHED 5 26 dl_clarabel completed 0.813749
FINISHED 5 27 dl_clarabel completed 0.816646
FINISHED 5 25 dl_clarabel completed 0.954143
START 5 28 dl_clarabel
START 5 29 dl_clarabel
FINISHED 5 24 dl_clarabel completed 0.996428
START 5 30 dl_clarabel
START 5 31 dl_clarabel
FINISHED 5 29 dl_clarabel completed 0.938636
FINISHED 5 28 dl_clarabel completed 0.96023
FINISHED 5 31 dl_clarabel completed 0.928724
START 5 32 dl_clarabel
START 5 33 dl_clarabel
FINISHED 5 30 dl_clarabel completed 0.99271
FINISHED 5 33 dl_clarabel completed 0.731272
PROGRESS 2232 / 2500
FINISHED 5 32 dl_clarabel completed 0.829143
START 5 34 dl_clarabel
START 5 35 dl_clarabel
START 5 36 dl_clarabel
START 5 37 dl_clarabel
FINISHED 5 35 dl_clarabel completed 0.825669
FINISHED 5 37 dl_clarabel completed 0.83926
FINISHED 5 34 dl_clarabel completed 0.945618
FINISHED 5 36 dl_clarabel completed 0.97384
START 5 38 dl_clarabel
START 5 39 dl_clarabel
START 5 40 dl_clarabel
START 5 41 dl_clarabel
FINISHED 5 40 dl_clarabel completed 0.772865
FINISHED 5 39 dl_clarabel completed 0.94847
START 5 42 dl_clarabel
FINISHED 5 38 dl_clarabel completed 1.037706
FINISHED 5 41 dl_clarabel completed 0.894499
START 5 43 dl_clarabel
START 5 44 dl_clarabel
FINISHED 5 42 dl_clarabel completed 1.007583
FINISHED 5 44 dl_clarabel completed 0.919879
PROGRESS 2242 / 2500
FINISHED 5 43 dl_clarabel completed 0.972443
START 5 45 dl_clarabel
START 5 46 dl_clarabel
START 5 47 dl_clarabel
START 5 48 dl_clarabel
FINISHED 5 48 dl_clarabel completed 0.657024
START 5 49 dl_clarabel
FINISHED 5 45 dl_clarabel completed 0.853686
FINISHED 5 46 dl_clarabel completed 0.910862
FINISHED 5 47 dl_clarabel completed 0.911637
START 5 50 dl_clarabel
START 5 51 dl_clarabel
START 5 52 dl_clarabel
FINISHED 5 49 dl_clarabel completed 0.896587
FINISHED 5 50 dl_clarabel completed 0.907978
FINISHED 5 51 dl_clarabel completed 0.925616
START 5 53 dl_clarabel
FINISHED 5 52 dl_clarabel completed 0.960052
START 5 54 dl_clarabel
START 5 55 dl_clarabel
START 5 56 dl_clarabel
FINISHED 5 53 dl_clarabel completed 1.030265
FINISHED 5 56 dl_clarabel completed 0.916296
FINISHED 5 55 dl_clarabel completed 1.021234
PROGRESS 2253 / 2500
FINISHED 5 54 dl_clarabel completed 1.107988
running 2257 / 2500
START 5 57 dl_clarabel
START 5 58 dl_clarabel
START 5 59 dl_clarabel
START 5 60 dl_clarabel
FINISHED 5 60 dl_clarabel completed 0.574504
FINISHED 5 57 dl_clarabel completed 0.687833
FINISHED 5 58 dl_clarabel completed 0.736624
FINISHED 5 59 dl_clarabel completed 0.751635
START 5 61 dl_clarabel
START 5 62 dl_clarabel
START 5 63 dl_clarabel
START 5 64 dl_clarabel
FINISHED 5 62 dl_clarabel completed 0.838824
FINISHED 5 64 dl_clarabel completed 0.860052
FINISHED 5 61 dl_clarabel completed 0.867591
FINISHED 5 63 dl_clarabel completed 0.882675
START 5 65 dl_clarabel
START 5 66 dl_clarabel
START 5 67 dl_clarabel
START 5 68 dl_clarabel
FINISHED 5 66 dl_clarabel completed 0.956745
FINISHED 5 68 dl_clarabel completed 1.049318
FINISHED 5 65 dl_clarabel completed 1.088565
FINISHED 5 67 dl_clarabel completed 1.106785
PROGRESS 2265 / 2500
START 5 69 dl_clarabel
START 5 70 dl_clarabel
START 5 71 dl_clarabel
START 5 72 dl_clarabel
FINISHED 5 72 dl_clarabel completed 0.750124
FINISHED 5 70 dl_clarabel completed 0.874499
FINISHED 5 71 dl_clarabel completed 0.890084
FINISHED 5 69 dl_clarabel completed 0.898328
START 5 73 dl_clarabel
START 5 74 dl_clarabel
START 5 75 dl_clarabel
START 5 76 dl_clarabel
FINISHED 5 74 dl_clarabel completed 0.926038
FINISHED 5 73 dl_clarabel completed 0.943178
START 5 77 dl_clarabel
FINISHED 5 76 dl_clarabel completed 0.889609
FINISHED 5 75 dl_clarabel completed 0.919193
START 5 78 dl_clarabel
START 5 79 dl_clarabel
FINISHED 5 77 dl_clarabel completed 0.920174
FINISHED 5 78 dl_clarabel completed 0.835262
FINISHED 5 79 dl_clarabel completed 1.027824
PROGRESS 2277 / 2500
START 5 80 dl_clarabel
START 5 81 dl_clarabel
START 5 82 dl_clarabel
START 5 83 dl_clarabel
FINISHED 5 81 dl_clarabel completed 0.868686
FINISHED 5 82 dl_clarabel completed 0.920839
FINISHED 5 83 dl_clarabel completed 0.915129
FINISHED 5 80 dl_clarabel completed 0.931929
START 5 84 dl_clarabel
START 5 85 dl_clarabel
START 5 86 dl_clarabel
START 5 87 dl_clarabel
FINISHED 5 86 dl_clarabel completed 0.945585
FINISHED 5 84 dl_clarabel completed 0.959716
FINISHED 5 85 dl_clarabel completed 0.967517
FINISHED 5 87 dl_clarabel completed 1.020074
START 5 88 dl_clarabel
START 5 89 dl_clarabel
START 5 90 dl_clarabel
START 5 91 dl_clarabel
FINISHED 5 90 dl_clarabel completed 1.049876
FINISHED 5 91 dl_clarabel completed 1.106335
FINISHED 5 88 dl_clarabel completed 1.1165
FINISHED 5 89 dl_clarabel completed 1.154741
PROGRESS 2288 / 2500
START 5 92 dl_clarabel
START 5 93 dl_clarabel
START 5 94 dl_clarabel
START 5 95 dl_clarabel
FINISHED 5 94 dl_clarabel completed 0.63982
START 5 96 dl_clarabel
FINISHED 5 95 dl_clarabel completed 0.833592
FINISHED 5 93 dl_clarabel completed 0.913619
FINISHED 5 92 dl_clarabel completed 0.952904
START 5 97 dl_clarabel
START 5 98 dl_clarabel
START 5 99 dl_clarabel
FINISHED 5 96 dl_clarabel completed 0.793218
START 5 0 random_block_selection
FINISHED 5 98 dl_clarabel completed 0.789308
FINISHED 5 97 dl_clarabel completed 0.873264
FINISHED 5 99 dl_clarabel completed 0.908577
START 5 1 random_block_selection
START 5 2 random_block_selection
FINISHED 5 2 random_block_selection completed 0.275886
FINISHED 5 1 random_block_selection completed 0.745611
FINISHED 5 0 random_block_selection completed 1.129505
PROGRESS 2300 / 2500
running 2303 / 2500
START 5 3 random_block_selection
START 5 4 random_block_selection
START 5 5 random_block_selection
START 5 6 random_block_selection
FINISHED 5 4 random_block_selection completed 0.36489
START 5 7 random_block_selection
FINISHED 5 6 random_block_selection completed 0.783488
FINISHED 5 3 random_block_selection completed 1.01054
START 5 8 random_block_selection
START 5 9 random_block_selection
FINISHED 5 5 random_block_selection completed 1.608864
START 5 10 random_block_selection
FINISHED 5 7 random_block_selection completed 1.04045
START 5 11 random_block_selection
FINISHED 5 8 random_block_selection completed 1.090975
START 5 12 random_block_selection
FINISHED 5 9 random_block_selection completed 1.65857
FINISHED 5 12 random_block_selection completed 0.646674
FINISHED 5 11 random_block_selection completed 1.54586
PROGRESS 2309 / 2500
START 5 13 random_block_selection
START 5 14 random_block_selection
START 5 15 random_block_selection
FINISHED 5 10 random_block_selection completed 2.516384
START 5 16 random_block_selection
FINISHED 5 15 random_block_selection completed 0.369916
START 5 17 random_block_selection
FINISHED 5 14 random_block_selection completed 0.75336
FINISHED 5 16 random_block_selection completed 0.412097
START 5 18 random_block_selection
START 5 19 random_block_selection
FINISHED 5 13 random_block_selection completed 1.067409
START 5 20 random_block_selection
FINISHED 5 19 random_block_selection completed 0.730956
FINISHED 5 17 random_block_selection completed 1.208155
START 5 21 random_block_selection
START 5 22 random_block_selection
FINISHED 5 20 random_block_selection completed 1.829192
FINISHED 5 18 random_block_selection completed 2.367076
FINISHED 5 22 random_block_selection completed 0.703395
PROGRESS 2319 / 2500
FINISHED 5 21 random_block_selection completed 1.505599
START 5 23 random_block_selection
START 5 24 random_block_selection
START 5 25 random_block_selection
START 5 26 random_block_selection
FINISHED 5 26 random_block_selection completed 0.663034
START 5 27 random_block_selection
FINISHED 5 23 random_block_selection completed 0.932566
START 5 28 random_block_selection
FINISHED 5 24 random_block_selection completed 1.059886
START 5 29 random_block_selection
FINISHED 5 27 random_block_selection completed 0.825182
START 5 30 random_block_selection
FINISHED 5 25 random_block_selection completed 2.503463
START 5 31 random_block_selection
FINISHED 5 28 random_block_selection completed 2.183744
FINISHED 5 29 random_block_selection completed 2.175398
START 5 32 random_block_selection
FINISHED 5 31 random_block_selection completed 1.218401
PROGRESS 2331 / 2500
FINISHED 5 32 random_block_selection completed 1.089208
START 5 33 random_block_selection
START 5 34 random_block_selection
START 5 35 random_block_selection
FINISHED 5 30 random_block_selection completed 3.69404
START 5 36 random_block_selection
FINISHED 5 35 random_block_selection completed 0.244721
FINISHED 5 34 random_block_selection completed 0.288379
FINISHED 5 33 random_block_selection completed 0.305667
START 5 37 random_block_selection
START 5 38 random_block_selection
START 5 39 random_block_selection
FINISHED 5 36 random_block_selection completed 0.956799
FINISHED 5 39 random_block_selection completed 0.835492
START 5 40 random_block_selection
START 5 41 random_block_selection
FINISHED 5 41 random_block_selection completed 0.117177
FINISHED 5 38 random_block_selection completed 1.989382
START 5 42 random_block_selection
FINISHED 5 40 random_block_selection completed 0.590705
FINISHED 5 37 random_block_selection completed 2.694356
FINISHED 5 42 random_block_selection completed 0.460212
PROGRESS 2341 / 2500
START 5 43 random_block_selection
START 5 44 random_block_selection
START 5 45 random_block_selection
START 5 46 random_block_selection
FINISHED 5 46 random_block_selection completed 1.030945
FINISHED 5 43 random_block_selection completed 1.19835
START 5 47 random_block_selection
START 5 48 random_block_selection
FINISHED 5 44 random_block_selection completed 2.018989
START 5 49 random_block_selection
FINISHED 5 48 random_block_selection completed 1.249507
START 5 50 random_block_selection
FINISHED 5 45 random_block_selection completed 3.58849
START 5 51 random_block_selection
FINISHED 5 49 random_block_selection completed 1.160768
FINISHED 5 47 random_block_selection completed 2.071898
START 5 52 random_block_selection
START 5 53 random_block_selection
FINISHED 5 51 random_block_selection completed 0.761089
FINISHED 5 52 random_block_selection completed 0.610753
FINISHED 5 53 random_block_selection completed 1.077583
PROGRESS 2350 / 2500
FINISHED 5 50 random_block_selection completed 2.070287
running 2354 / 2500
START 5 54 random_block_selection
START 5 55 random_block_selection
START 5 56 random_block_selection
START 5 57 random_block_selection
FINISHED 5 54 random_block_selection completed 0.281943
START 5 58 random_block_selection
FINISHED 5 56 random_block_selection completed 0.665098
START 5 59 random_block_selection
FINISHED 5 55 random_block_selection completed 1.364243
START 5 60 random_block_selection
FINISHED 5 59 random_block_selection completed 0.687586
FINISHED 5 57 random_block_selection completed 2.021741
START 5 61 random_block_selection
START 5 62 random_block_selection
FINISHED 5 58 random_block_selection completed 1.156631
START 5 63 random_block_selection
FINISHED 5 60 random_block_selection completed 1.17861
FINISHED 5 63 random_block_selection completed 0.593265
FINISHED 5 62 random_block_selection completed 1.186291
PROGRESS 2360 / 2500
FINISHED 5 61 random_block_selection completed 1.657841
START 5 64 random_block_selection
START 5 65 random_block_selection
START 5 66 random_block_selection
START 5 67 random_block_selection
FINISHED 5 67 random_block_selection completed 1.059327
FINISHED 5 65 random_block_selection completed 1.442521
START 5 68 random_block_selection
START 5 69 random_block_selection
FINISHED 5 66 random_block_selection completed 1.732724
FINISHED 5 64 random_block_selection completed 1.773674
START 5 70 random_block_selection
START 5 71 random_block_selection
FINISHED 5 69 random_block_selection completed 0.480231
START 5 72 random_block_selection
FINISHED 5 70 random_block_selection completed 1.088563
START 5 73 random_block_selection
FINISHED 5 72 random_block_selection completed 0.594266
FINISHED 5 71 random_block_selection completed 1.465105
FINISHED 5 68 random_block_selection completed 2.229987
PROGRESS 2370 / 2500
FINISHED 5 73 random_block_selection completed 1.029666
START 5 74 random_block_selection
START 5 75 random_block_selection
START 5 76 random_block_selection
START 5 77 random_block_selection
FINISHED 5 76 random_block_selection completed 0.455689
START 5 78 random_block_selection
FINISHED 5 74 random_block_selection completed 0.828005
START 5 79 random_block_selection
FINISHED 5 75 random_block_selection completed 1.247785
START 5 80 random_block_selection
FINISHED 5 78 random_block_selection completed 0.205716
START 5 81 random_block_selection
FINISHED 5 77 random_block_selection completed 1.616176
START 5 82 random_block_selection
FINISHED 5 79 random_block_selection completed 1.065488
START 5 83 random_block_selection
FINISHED 5 82 random_block_selection completed 0.459444
FINISHED 5 80 random_block_selection completed 1.376659
FINISHED 5 81 random_block_selection completed 1.179568
PROGRESS 2381 / 2500
START 5 84 random_block_selection
START 5 85 random_block_selection
START 5 86 random_block_selection
FINISHED 5 83 random_block_selection completed 1.232283
START 5 87 random_block_selection
FINISHED 5 84 random_block_selection completed 0.222697
START 5 88 random_block_selection
FINISHED 5 86 random_block_selection completed 0.999674
START 5 89 random_block_selection
FINISHED 5 89 random_block_selection completed 0.208292
FINISHED 5 85 random_block_selection completed 2.105443
START 5 90 random_block_selection
START 5 91 random_block_selection
FINISHED 5 87 random_block_selection completed 2.439128
START 5 92 random_block_selection
FINISHED 5 91 random_block_selection completed 0.256746
START 5 93 random_block_selection
FINISHED 5 90 random_block_selection completed 1.141267
FINISHED 5 88 random_block_selection completed 3.171126
FINISHED 5 92 random_block_selection completed 1.413267
PROGRESS 2390 / 2500
FINISHED 5 93 random_block_selection completed 1.150303
START 5 94 random_block_selection
START 5 95 random_block_selection
START 5 96 random_block_selection
START 5 97 random_block_selection
FINISHED 5 94 random_block_selection completed 0.525488
FINISHED 5 97 random_block_selection completed 0.563677
START 5 98 random_block_selection
START 5 99 random_block_selection
FINISHED 5 95 random_block_selection completed 1.464328
START 5 0 algorithm_1
FINISHED 5 99 random_block_selection completed 0.466199
START 5 1 algorithm_1
FINISHED 5 96 random_block_selection completed 2.348859
FINISHED 5 98 random_block_selection completed 1.113548
START 5 2 algorithm_1
START 5 3 algorithm_1
PROGRESS 2400 / 2500
running 2400 / 2500
FINISHED 5 2 algorithm_1 completed 16.671165
PROGRESS 2401 / 2500
START 5 4 algorithm_1
FINISHED 5 1 algorithm_1 completed 23.739047
START 5 5 algorithm_1
FINISHED 5 3 algorithm_1 completed 26.022097
START 5 6 algorithm_1
PROGRESS 2403 / 2500
FINISHED 5 4 algorithm_1 completed 19.932586
START 5 7 algorithm_1
FINISHED 5 0 algorithm_1 completed 49.406602
START 5 8 algorithm_1
PROGRESS 2405 / 2500
FINISHED 5 7 algorithm_1 completed 20.163816
START 5 9 algorithm_1
FINISHED 5 6 algorithm_1 completed 34.253239
START 5 10 algorithm_1
FINISHED 5 5 algorithm_1 completed 37.439574
START 5 11 algorithm_1
FINISHED 5 9 algorithm_1 completed 1.926559
START 5 12 algorithm_1
PROGRESS 2409 / 2500
FINISHED 5 12 algorithm_1 completed 8.055605
START 5 13 algorithm_1
FINISHED 5 8 algorithm_1 completed 23.45872
START 5 14 algorithm_1
PROGRESS 2411 / 2500
FINISHED 5 13 algorithm_1 completed 14.974188
START 5 15 algorithm_1
FINISHED 5 14 algorithm_1 completed 17.165883
START 5 16 algorithm_1
FINISHED 5 10 algorithm_1 completed 36.602435
START 5 17 algorithm_1
PROGRESS 2414 / 2500
PROGRESS 2414 / 2500
FINISHED 5 16 algorithm_1 completed 30.082145
START 5 18 algorithm_1
FINISHED 5 17 algorithm_1 completed 28.110824
START 5 19 algorithm_1
FINISHED 5 11 algorithm_1 completed 72.652128
START 5 20 algorithm_1
PROGRESS 2417 / 2500
FINISHED 5 15 algorithm_1 completed 55.817943
START 5 21 algorithm_1
FINISHED 5 20 algorithm_1 completed 10.50037
START 5 22 algorithm_1
PROGRESS 2419 / 2500
FINISHED 5 18 algorithm_1 completed 33.988363
START 5 23 algorithm_1
FINISHED 5 19 algorithm_1 completed 31.879696
START 5 24 algorithm_1
FINISHED 5 22 algorithm_1 completed 15.457091
START 5 25 algorithm_1
FINISHED 5 21 algorithm_1 completed 26.210579
PROGRESS 2423 / 2500
START 5 26 algorithm_1
FINISHED 5 23 algorithm_1 completed 19.138171
START 5 27 algorithm_1
FINISHED 5 24 algorithm_1 completed 17.828114
START 5 28 algorithm_1
FINISHED 5 26 algorithm_1 completed 9.218354
FINISHED 5 27 algorithm_1 completed 5.314128
START 5 29 algorithm_1
START 5 30 algorithm_1
PROGRESS 2427 / 2500
FINISHED 5 30 algorithm_1 completed 18.232478
START 5 31 algorithm_1
PROGRESS 2428 / 2500
FINISHED 5 28 algorithm_1 completed 27.230385
START 5 32 algorithm_1
PROGRESS 2429 / 2500
FINISHED 5 31 algorithm_1 completed 22.080488
START 5 33 algorithm_1
FINISHED 5 25 algorithm_1 completed 62.625731
START 5 34 algorithm_1
FINISHED 5 32 algorithm_1 completed 19.328628
START 5 35 algorithm_1
FINISHED 5 35 algorithm_1 completed 11.315559
FINISHED 5 33 algorithm_1 completed 13.930878
PROGRESS 2434 / 2500
START 5 36 algorithm_1
START 5 37 algorithm_1
FINISHED 5 29 algorithm_1 completed 62.968926
START 5 38 algorithm_1
PROGRESS 2435 / 2500
FINISHED 5 34 algorithm_1 completed 31.675812
START 5 39 algorithm_1
FINISHED 5 39 algorithm_1 completed 4.427621
START 5 40 algorithm_1
FINISHED 5 40 algorithm_1 completed 6.737718
START 5 41 algorithm_1
PROGRESS 2438 / 2500
FINISHED 5 41 algorithm_1 completed 14.577697
START 5 42 algorithm_1
FINISHED 5 37 algorithm_1 completed 46.496537
START 5 43 algorithm_1
PROGRESS 2440 / 2500
FINISHED 5 43 algorithm_1 completed 8.430555
FINISHED 5 36 algorithm_1 completed 56.050016
START 5 44 algorithm_1
START 5 45 algorithm_1
FINISHED 5 42 algorithm_1 completed 12.519186
START 5 46 algorithm_1
FINISHED 5 38 algorithm_1 completed 58.04116
START 5 47 algorithm_1
PROGRESS 2444 / 2500
FINISHED 5 45 algorithm_1 completed 14.673244
START 5 48 algorithm_1
FINISHED 5 47 algorithm_1 completed 12.369594
START 5 49 algorithm_1
FINISHED 5 48 algorithm_1 completed 5.468985
START 5 50 algorithm_1
PROGRESS 2447 / 2500
FINISHED 5 49 algorithm_1 completed 15.894646
START 5 51 algorithm_1
FINISHED 5 44 algorithm_1 completed 45.678138
PROGRESS 2448 / 2500
START 5 52 algorithm_1
FINISHED 5 46 algorithm_1 completed 45.646351
START 5 53 algorithm_1
FINISHED 5 50 algorithm_1 completed 37.285989
START 5 54 algorithm_1
PROGRESS 2451 / 2500
running 2451 / 2500
PROGRESS 2451 / 2500
FINISHED 5 51 algorithm_1 completed 45.067448
START 5 55 algorithm_1
FINISHED 5 55 algorithm_1 completed 7.953234
START 5 56 algorithm_1
PROGRESS 2453 / 2500
FINISHED 5 54 algorithm_1 completed 38.799643
START 5 57 algorithm_1
FINISHED 5 52 algorithm_1 completed 52.346982
START 5 58 algorithm_1
PROGRESS 2455 / 2500
FINISHED 5 57 algorithm_1 completed 17.527985
START 5 59 algorithm_1
FINISHED 5 53 algorithm_1 completed 75.855252
START 5 60 algorithm_1
PROGRESS 2457 / 2500
FINISHED 5 58 algorithm_1 completed 32.769361
START 5 61 algorithm_1
FINISHED 5 60 algorithm_1 completed 14.524352
START 5 62 algorithm_1
FINISHED 5 61 algorithm_1 completed 8.118187
START 5 63 algorithm_1
PROGRESS 2460 / 2500
FINISHED 5 63 algorithm_1 completed 13.774214
START 5 64 algorithm_1
FINISHED 5 62 algorithm_1 completed 16.259792
FINISHED 5 59 algorithm_1 completed 39.617213
START 5 65 algorithm_1
START 5 66 algorithm_1
FINISHED 5 56 algorithm_1 completed 73.289673
FINISHED 5 65 algorithm_1 completed 7.016472
PROGRESS 2463 / 2500
START 5 67 algorithm_1
START 5 68 algorithm_1
FINISHED 5 66 algorithm_1 completed 10.945616
START 5 69 algorithm_1
PROGRESS 2466 / 2500
FINISHED 5 68 algorithm_1 completed 16.821083
START 5 70 algorithm_1
FINISHED 5 69 algorithm_1 completed 20.559453
START 5 71 algorithm_1
PROGRESS 2468 / 2500
FINISHED 5 71 algorithm_1 completed 12.237256
START 5 72 algorithm_1
FINISHED 5 67 algorithm_1 completed 39.915622
START 5 73 algorithm_1
FINISHED 5 70 algorithm_1 completed 23.019479
START 5 74 algorithm_1
PROGRESS 2471 / 2500
FINISHED 5 64 algorithm_1 completed 65.44259
START 5 75 algorithm_1
FINISHED 5 73 algorithm_1 completed 22.538175
START 5 76 algorithm_1
PROGRESS 2473 / 2500
PROGRESS 2473 / 2500
FINISHED 5 72 algorithm_1 completed 48.421033
START 5 77 algorithm_1
FINISHED 5 76 algorithm_1 completed 24.252261
START 5 78 algorithm_1
FINISHED 5 78 algorithm_1 completed 6.716339
START 5 79 algorithm_1
FINISHED 5 74 algorithm_1 completed 54.553214
START 5 80 algorithm_1
FINISHED 5 75 algorithm_1 completed 41.581678
START 5 81 algorithm_1
PROGRESS 2478 / 2500
PROGRESS 2478 / 2500
FINISHED 5 77 algorithm_1 completed 38.22564
START 5 82 algorithm_1
FINISHED 5 81 algorithm_1 completed 28.65096
START 5 83 algorithm_1
FINISHED 5 80 algorithm_1 completed 32.69285
START 5 84 algorithm_1
PROGRESS 2481 / 2500
FINISHED 5 79 algorithm_1 completed 47.364187
START 5 85 algorithm_1
PROGRESS 2482 / 2500
FINISHED 5 85 algorithm_1 completed 19.766131
START 5 86 algorithm_1
FINISHED 5 82 algorithm_1 completed 39.71995
START 5 87 algorithm_1
PROGRESS 2484 / 2500
FINISHED 5 83 algorithm_1 completed 52.260392
START 5 88 algorithm_1
FINISHED 5 86 algorithm_1 completed 18.309017
START 5 89 algorithm_1
PROGRESS 2486 / 2500
FINISHED 5 84 algorithm_1 completed 66.326888
START 5 90 algorithm_1
PROGRESS 2487 / 2500
PROGRESS 2487 / 2500
FINISHED 5 90 algorithm_1 completed 24.517372
START 5 91 algorithm_1
FINISHED 5 89 algorithm_1 completed 37.892572
START 5 92 algorithm_1
FINISHED 5 87 algorithm_1 completed 61.037704
START 5 93 algorithm_1
FINISHED 5 91 algorithm_1 completed 8.326517
START 5 94 algorithm_1
PROGRESS 2491 / 2500
FINISHED 5 94 algorithm_1 completed 13.446825
START 5 95 algorithm_1
PROGRESS 2492 / 2500
FINISHED 5 92 algorithm_1 completed 34.357659
START 5 96 algorithm_1
FINISHED 5 95 algorithm_1 completed 19.045494
START 5 97 algorithm_1
FINISHED 5 88 algorithm_1 completed 87.177933
START 5 98 algorithm_1
PROGRESS 2495 / 2500
FINISHED 5 96 algorithm_1 completed 16.938224
START 5 99 algorithm_1
FINISHED 5 93 algorithm_1 completed 48.543154
PROGRESS 2497 / 2500
FINISHED 5 98 algorithm_1 completed 19.193998
FINISHED 5 99 algorithm_1 completed 14.455924
PROGRESS 2499 / 2500
PROGRESS 2499 / 2500
PROGRESS 2499 / 2500
FINISHED 5 97 algorithm_1 completed 84.843659
PROGRESS 2500 / 2500
finished 2500 / 2500
finished 2500 / 2500
