queued 0 / 600
START START0  START1 sample_mean2 
 STARTsample_mean sample_mean
3 
sample_mean
FINISHED 3 sample_mean completed 2.6e-05
FINISHED 2 sample_mean completed 2.4e-05
FINISHED 1 sample_mean completed 2.4e-05
FINISHED 0 sample_mean completed 2.6e-05
START 4 sample_mean
START 5 sample_mean
START 6 sample_mean
START 7 sample_mean
PROGRESS 4 / 600
PROGRESS 4 / 600
PROGRESS 4 / 600
PROGRESS 4 / 600
FINISHED 4 sample_mean completed 2.9e-05
FINISHED 5 sample_mean completed 3e-05
FINISHED 7 sample_mean completed 3.8e-05
FINISHED 6 sample_mean completed 2.6e-05
START 8 sample_mean
PROGRESS 8 / 600
STARTSTARTSTART  11  9 sample_meansample_mean10

 sample_mean
PROGRESS 8 / 600
PROGRESS 8 / 600
PROGRESS 8 / 600
FINISHED 8 sample_mean completed 3.8e-05
FINISHED 11 sample_mean completed 3e-05
FINISHED 10 sample_mean completed 3.1e-05
FINISHED 9 sample_mean completed 3.2e-05
START 12 sample_mean
PROGRESS 12 / 600
START START 13 14 sample_mean
sample_mean
START 15 sample_mean
PROGRESS 12 / 600
PROGRESS 12 / 600
PROGRESS 12 / 600
FINISHED 12 sample_mean completed 2.9e-05
FINISHED 14 sample_mean completed 3.3e-05
FINISHED 13 sample_mean completed 3.1e-05
FINISHED 15 sample_mean completed 3.2e-05
START 16 sample_mean
PROGRESS 16 / 600
START 17 sample_mean
START 18 sample_mean
START 19 sample_mean
PROGRESS 16 / 600
PROGRESS 16 / 600
PROGRESS 16 / 600
FINISHED 16 sample_mean completed 3.1e-05
FINISHED 19 sample_mean completed 3.3e-05
FINISHED 18 sample_mean completed 4.3e-05
FINISHED 17 sample_mean completed 5.5e-05
START 20 sample_mean
PROGRESS 20 / 600
START 21 sample_mean
START START 22 sample_mean23
 PROGRESS sample_mean
20 / 600
PROGRESS 20 / 600
PROGRESS 20 / 600
FINISHED 20 sample_mean completed 3.7e-05
FINISHED 21 sample_mean completed 3.4e-05
FINISHED 22 sample_mean completed 3.9e-05
FINISHED 23 sample_mean completed 3.8e-05
START 24 sample_mean
PROGRESS 24 / 600
STARTSTART 25  26sample_mean
 sample_mean
START PROGRESS 27 sample_mean24 /
 600
PROGRESS 24 / 600
PROGRESS 24 / 600
FINISHED 24 sample_mean completed 3.2e-05
START 28 sample_mean
PROGRESS 25 / 600
FINISHED 25 sample_mean completed 4.4e-05
FINISHED 26 sample_mean completed 3.9e-05
FINISHED 27 sample_mean completed 4e-05
START 29 sample_mean
START 30 sample_mean
PROGRESS 28 / 600
PROGRESS 28 / 600
START 31 sample_mean
PROGRESS 28 / 600
FINISHED 28 sample_mean completed 3.3e-05
START 32 sample_mean
PROGRESS 29 / 600
FINISHED 30 sample_mean completed 3.4e-05
FINISHED 29 sample_mean completed 3.9e-05
FINISHED 31 sample_mean completed 4e-05
START 33 sample_mean
PROGRESS 32 / 600
START 34 sample_mean
START 35 sample_mean
PROGRESS 32 / 600
PROGRESS 32 / 600
FINISHED 32 sample_mean completed 3.4e-05
START 36 sample_mean
PROGRESS 33 / 600
FINISHED 33 sample_mean completed 3.9e-05
FINISHED 34 sample_mean completed 3.7e-05
FINISHED 35 sample_mean completed 3.6e-05
START 37START  38 sample_meansample_mean

PROGRESS 36 / 600
START 39 sample_mean
PROGRESS 36 / 600
PROGRESS 36 / 600
FINISHED 36 sample_mean completed 3.6e-05
START 40 sample_mean
PROGRESS 37 / 600
FINISHED 38 sample_mean completed 5.9e-05
FINISHED 37 sample_mean completed 7.1e-05
FINISHED 39 sample_mean completed 4.5e-05
START 41 sample_mean
START 42 sample_mean
PROGRESS 40 / 600
START 43 sample_mean
PROGRESS 40 / 600
PROGRESS 40 / 600
FINISHED 40 sample_mean completed 3.7e-05
START 44 sample_mean
PROGRESS 41 / 600
FINISHED 41 sample_mean completed 3.6e-05
FINISHED 42 sample_mean completed 3.5e-05
FINISHED 43 sample_mean completed 3.9e-05
START 45 sample_mean
START 46 sample_mean
PROGRESS 44 / 600
START 47 sample_mean
PROGRESS 44 / 600
PROGRESS 44 / 600
FINISHED 44 sample_mean completed 3.6e-05
START 48 sample_mean
PROGRESS 45 / 600
FINISHED 45 sample_mean completed 3.4e-05
FINISHED 46 sample_mean completed 5.4e-05
FINISHED 47 sample_mean completed 3.8e-05
START 49 sample_mean
START 50 sample_mean
START 51 sample_mean
PROGRESS 48 / 600
PROGRESS 48 / 600
PROGRESS 48 / 600
FINISHED 48 sample_mean completed 3.5e-05
START 52 sample_mean
PROGRESS 49 / 600
FINISHED 50 sample_mean completed 3.6e-05
FINISHED 49 sample_mean completed 3.7e-05
FINISHED 51 sample_mean completed 3.9e-05
STARTSTART 53 sample_mean 
54 sample_mean
PROGRESS 52 / 600
START 55 sample_mean
FINISHED 52 sample_mean completed 6.6e-05
START 56 sample_mean
FINISHED FINISHED 54 sample_mean completed53 3.7e-05
 sample_mean completed 6.5e-05
FINISHED 55 sample_mean completed 4.2e-05
START 57 sample_mean
START 58 sample_mean
START 59 sample_mean
running 56 / 600
FINISHED 56 sample_mean completed 5.3e-05
START 60 sample_mean
PROGRESS 57 / 600
PROGRESS 57 / 600
PROGRESS 57 / 600
PROGRESS 57 / 600
PROGRESS 57 / 600
PROGRESS 57 / 600
PROGRESS 57 / 600
FINISHED 58 sample_mean completed 4.4e-05
FINISHED 57 sample_mean completed 4.1e-05
FINISHED 59 sample_mean completed 4.3e-05
START 61 sample_mean
START 62 sample_mean
PROGRESS 60 / 600
PROGRESS 60 / 600
START 63 sample_mean
PROGRESS 60 / 600
FINISHED 60 sample_mean completed 3.2e-05
START 64 sample_mean
PROGRESS 61 / 600
FINISHED 61 sample_mean completed 4.3e-05
FINISHED 62 sample_mean completed 3.9e-05
FINISHED 63 sample_mean completed 4.3e-05
START 65 sample_mean
PROGRESS 64 / 600
START 66 sample_mean
PROGRESS 64 / 600
START 67 sample_mean
PROGRESS 64 / 600
FINISHED 64 sample_mean completed 3.7e-05
START 68 sample_mean
PROGRESS 65 / 600
FINISHED 65 sample_mean completed 3.3e-05
FINISHED 66 sample_mean completed 3.9e-05
FINISHED 67 sample_mean completed 4.3e-05
START 69 sample_mean
PROGRESS 68 / 600
START 70 sample_mean
PROGRESS 68 / 600
START 71 sample_mean
PROGRESS 68 / 600
FINISHED 68 sample_mean completed 4.1e-05
START 72 sample_mean
PROGRESS 69 / 600
FINISHED 69 sample_mean completed 3.5e-05
FINISHED 70 sample_mean completed 4e-05
FINISHED 71 sample_mean completed 4.3e-05
START 73 sample_mean
PROGRESS 72 / 600
START 74 sample_mean
PROGRESS 72 / 600
START 75 sample_mean
PROGRESS 72 / 600
FINISHED 72 sample_mean completed 3.9e-05
START 76 sample_mean
PROGRESS 73 / 600
FINISHED 73 sample_mean completed 3.9e-05
FINISHED 74 sample_mean completed 3.8e-05
START 77 sample_mean
FINISHED 75 sample_mean completed 4.8e-05
PROGRESS 76 / 600
START 78 sample_mean
PROGRESS 76 / 600
START 79 sample_mean
PROGRESS 76 / 600
FINISHED 76 sample_mean completed 4e-05
START 80 sample_mean
PROGRESS 77 / 600
FINISHED 77 sample_mean completed 3.8e-05
FINISHED 78 sample_mean completed 4e-05
START 81 sample_mean
PROGRESS 79 / 600
FINISHED 79 sample_mean completed 3.6e-05
START 82 sample_mean
PROGRESS 80 / 600
START 83 sample_mean
PROGRESS 80 / 600
FINISHED 80 sample_mean completed 4.2e-05
START 84 sample_mean
PROGRESS 81 / 600
FINISHED 81 sample_mean completed 4e-05
FINISHED 82 sample_mean completed 3.5e-05
START 85 sample_mean
PROGRESS 83 / 600
FINISHED 83 sample_mean completed 4e-05
START 86 sample_mean
PROGRESS 84 / 600
START 87 sample_mean
PROGRESS 84 / 600
FINISHED 84 sample_mean completed 3.9e-05
START 88 sample_mean
PROGRESS 85 / 600
FINISHED 85 sample_mean completed 3.6e-05
FINISHED 86 sample_mean completed 4e-05
START 89 sample_mean
PROGRESS 87 / 600
FINISHED 87 sample_mean completed 4e-05
START 90 sample_mean
PROGRESS 88 / 600
START 91 sample_mean
PROGRESS 88 / 600
FINISHED 88 sample_mean completed 3.9e-05
START 92 sample_mean
PROGRESS 89 / 600
FINISHED 89 sample_mean completed 4e-05
FINISHED 90 sample_mean completed 3.8e-05
START 93 sample_mean
PROGRESS 91 / 600
FINISHED 91 sample_mean completed 3.8e-05
START 94 sample_mean
PROGRESS 92 / 600
START 95 sample_mean
PROGRESS 92 / 600
FINISHED 92 sample_mean completed 4e-05
START 96 sample_mean
PROGRESS 93 / 600
FINISHED 93 sample_mean completed 3.9e-05
FINISHED 94 sample_mean completed 4e-05
START 97 sample_mean
PROGRESS 95 / 600
FINISHED 95 sample_mean completed 5.6e-05
START 98 sample_mean
PROGRESS 96 / 600
START 99 sample_mean
PROGRESS 96 / 600
FINISHED 96 sample_mean completed 3.3e-05
START 0 coordinate_mom
PROGRESS 97 / 600
FINISHED 97 sample_mean completed 3.9e-05
START 1 coordinate_mom
FINISHED 98 sample_mean completed 5.4e-05
PROGRESS 98 / 600
FINISHED 99 sample_mean completed 4.1e-05
START 2 coordinate_mom
PROGRESS 100 / 600
START 3 coordinate_mom
FINISHED 0 coordinate_mom completed 0.000365
START 4 coordinate_mom
FINISHED 1 coordinate_mom completed 0.000443
FINISHED 2 coordinate_mom completed 0.000398
START 5 coordinate_mom
FINISHED 3 coordinate_mom completed 0.000547
START 6 coordinate_mom
START 7 coordinate_mom
FINISHED 4 coordinate_mom completed 0.000363
START 8 coordinate_mom
running 104 / 600
PROGRESS 105 / 600
PROGRESS 105 / 600
PROGRESS 105 / 600
PROGRESS 105 / 600
PROGRESS 105 / 600
PROGRESS 105 / 600
FINISHED 5 coordinate_mom completed 0.000397
START 9 coordinate_mom
FINISHED 6 coordinate_mom completed 0.000382
PROGRESS 106 / 600
START 10 coordinate_mom
FINISHED 7 coordinate_mom completed 0.000396
PROGRESS 107 / 600
START 11 coordinate_mom
PROGRESS 108 / 600
FINISHED 8 coordinate_mom completed 0.000406
START 12 coordinate_mom
PROGRESS 109 / 600
FINISHED 9 coordinate_mom completed 0.000382
START 13 coordinate_mom
FINISHED 10 coordinate_mom completed 0.000419
PROGRESS 111 / 600
START 14 coordinate_mom
FINISHED 11 coordinate_mom completed 0.000386
PROGRESS 111 / 600
START 15 coordinate_mom
PROGRESS 112 / 600
FINISHED 12 coordinate_mom completed 0.000401
START 16 coordinate_mom
PROGRESS 113 / 600
FINISHED 13 coordinate_mom completed 0.000384
FINISHED 14 coordinate_mom completed 0.000417
START 17 coordinate_mom
PROGRESS 115 / 600
START 18 coordinate_mom
FINISHED 15 coordinate_mom completed 0.000402
PROGRESS 116 / 600
START 19 coordinate_mom
PROGRESS 116 / 600
FINISHED 16 coordinate_mom completed 0.000385
START 20 coordinate_mom
PROGRESS 117 / 600
FINISHED 17 coordinate_mom completed 0.000437
START 21 coordinate_mom
FINISHED 18 coordinate_mom completed 0.000394
PROGRESS 119 / 600
START 22 coordinate_mom
FINISHED 19 coordinate_mom completed 0.000413
PROGRESS 120 / 600
START 23 coordinate_mom
PROGRESS 120 / 600
FINISHED 20 coordinate_mom completed 0.000369
START 24 coordinate_mom
PROGRESS 121 / 600
FINISHED 21 coordinate_mom completed 0.000348
START 25 coordinate_mom
FINISHED 22 coordinate_mom completed 0.000376
PROGRESS 123 / 600
FINISHED 23 coordinate_mom completed 0.000365
START 26 coordinate_mom
PROGRESS 124 / 600
START 27 coordinate_mom
PROGRESS 124 / 600
FINISHED 24 coordinate_mom completed 0.000368
START 28 coordinate_mom
PROGRESS 125 / 600
FINISHED 25 coordinate_mom completed 0.000366
START 29 coordinate_mom
FINISHED 26 coordinate_mom completed 0.000336
PROGRESS 126 / 600
FINISHED 27 coordinate_mom completed 0.000375
START 30 coordinate_mom
PROGRESS 128 / 600
START 31 coordinate_mom
PROGRESS 128 / 600
FINISHED 28 coordinate_mom completed 0.000371
START 32 coordinate_mom
PROGRESS 129 / 600
FINISHED 29 coordinate_mom completed 0.000367
START 33 coordinate_mom
FINISHED 30 coordinate_mom completed 0.000533
PROGRESS 130 / 600
FINISHED 31 coordinate_mom completed 0.000368
START 34 coordinate_mom
PROGRESS 132 / 600
START 35 coordinate_mom
PROGRESS 132 / 600
FINISHED 32 coordinate_mom completed 0.00041
START 36 coordinate_mom
PROGRESS 133 / 600
FINISHED 33 coordinate_mom completed 0.00038
START 37 coordinate_mom
PROGRESS 134 / 600
FINISHED 34 coordinate_mom completed 0.000394
FINISHED 35 coordinate_mom completed 0.000446
START 38 coordinate_mom
PROGRESS 136 / 600
START 39 coordinate_mom
PROGRESS 136 / 600
FINISHED 36 coordinate_mom completed 0.00039
START 40 coordinate_mom
PROGRESS 137 / 600
FINISHED 37 coordinate_mom completed 0.000382
START 41 coordinate_mom
FINISHED 38 coordinate_mom completed 0.000381
PROGRESS 138 / 600
START 42 coordinate_mom
FINISHED 39 coordinate_mom completed 0.00037
PROGRESS 140 / 600
START 43 coordinate_mom
PROGRESS 140 / 600
FINISHED 40 coordinate_mom completed 0.000371
START 44 coordinate_mom
PROGRESS 141 / 600
FINISHED 41 coordinate_mom completed 0.00036
START 45 coordinate_mom
FINISHED 42 coordinate_mom completed 0.000366
PROGRESS 142 / 600
START 46 coordinate_mom
FINISHED 43 coordinate_mom completed 0.000373
PROGRESS 143 / 600
START 47 coordinate_mom
PROGRESS 144 / 600
FINISHED 44 coordinate_mom completed 0.000362
START 48 coordinate_mom
PROGRESS 145 / 600
FINISHED 45 coordinate_mom completed 0.000618
START 49 coordinate_mom
FINISHED 46 coordinate_mom completed 0.000393
PROGRESS 147 / 600
START 50 coordinate_mom
FINISHED 47 coordinate_mom completed 0.000377
PROGRESS 147 / 600
START 51 coordinate_mom
PROGRESS 148 / 600
FINISHED 48 coordinate_mom completed 0.000384
START 52 coordinate_mom
PROGRESS 149 / 600
FINISHED 49 coordinate_mom completed 0.000477
FINISHED 50 coordinate_mom completed 0.000566
START 53 coordinate_mom
PROGRESS 151 / 600
START 54 coordinate_mom
FINISHED 51 coordinate_mom completed 0.000387
START 55 coordinate_mom
FINISHED 52 coordinate_mom completed 0.000576
START 56 coordinate_mom
FINISHED 53 coordinate_mom completed 0.000417
FINISHED 54 coordinate_mom completed 0.000661
START 57 coordinate_mom
START 58 coordinate_mom
FINISHED 55 coordinate_mom completed 0.000396
START 59 coordinate_mom
FINISHED 56 coordinate_mom completed 0.000414
START 60 coordinate_mom
running 156 / 600
PROGRESS 157 / 600
PROGRESS 157 / 600
PROGRESS 157 / 600
PROGRESS 157 / 600
PROGRESS 157 / 600
FINISHED 57 coordinate_mom completed 0.000576
PROGRESS 157 / 600
FINISHED 58 coordinate_mom completed 0.000419
PROGRESS 158 / 600
START 61 coordinate_mom
START 62 coordinate_mom
PROGRESS 159 / 600
FINISHED 59 coordinate_mom completed 0.000384
PROGRESS 160 / 600
START 63 coordinate_mom
PROGRESS 160 / 600
FINISHED 60 coordinate_mom completed 0.000424
START 64 coordinate_mom
PROGRESS 161 / 600
FINISHED 61 coordinate_mom completed 0.000426
FINISHED 62 coordinate_mom completed 0.000416
START 65 coordinate_mom
PROGRESS 163 / 600
FINISHED 63 coordinate_mom completed 0.000381
START 66 coordinate_mom
PROGRESS 164 / 600
START 67 coordinate_mom
PROGRESS 164 / 600
FINISHED 64 coordinate_mom completed 0.000384
START 68 coordinate_mom
PROGRESS 165 / 600
FINISHED 65 coordinate_mom completed 0.000385
FINISHED 66 coordinate_mom completed 0.000398
START 69 coordinate_mom
PROGRESS 167 / 600
FINISHED 67 coordinate_mom completed 0.000392
START 70 coordinate_mom
PROGRESS 168 / 600
START 71 coordinate_mom
PROGRESS 168 / 600
FINISHED 68 coordinate_mom completed 0.000391
START 72 coordinate_mom
PROGRESS 169 / 600
FINISHED 69 coordinate_mom completed 0.000382
FINISHED 70 coordinate_mom completed 0.000394
START 73 coordinate_mom
FINISHED 71 coordinate_mom completed 0.000398
START 74 coordinate_mom
PROGRESS 172 / 600
PROGRESS 172 / 600
START 75 coordinate_mom
PROGRESS 172 / 600
FINISHED 72 coordinate_mom completed 0.000363
START 76 coordinate_mom
PROGRESS 173 / 600
FINISHED 73 coordinate_mom completed 0.000389
FINISHED 74 coordinate_mom completed 0.000407
FINISHED 75 coordinate_mom completed 0.000475
START 77 coordinate_mom
START 78 coordinate_mom
PROGRESS 176 / 600
PROGRESS 176 / 600
START 79 coordinate_mom
PROGRESS 176 / 600
FINISHED 76 coordinate_mom completed 0.000373
START 80 coordinate_mom
PROGRESS 177 / 600
FINISHED 78 coordinate_mom completed 0.000394
FINISHED 77 coordinate_mom completed 0.000386
FINISHED 79 coordinate_mom completed 0.00044
START 81 coordinate_mom
START 82 coordinate_mom
PROGRESS 180 / 600
PROGRESS 180 / 600
START 83 coordinate_mom
PROGRESS 180 / 600
FINISHED 80 coordinate_mom completed 0.000392
START 84 coordinate_mom
PROGRESS 181 / 600
FINISHED 81 coordinate_mom completed 0.000396
FINISHED 82 coordinate_mom completed 0.000412
FINISHED 83 coordinate_mom completed 0.000449
START 85 coordinate_mom
START 86 coordinate_mom
PROGRESS 184 / 600
PROGRESS 184 / 600
START 87 coordinate_mom
PROGRESS 184 / 600
FINISHED 84 coordinate_mom completed 0.000374
START 88 coordinate_mom
PROGRESS 185 / 600
FINISHED 85 coordinate_mom completed 0.000382
FINISHED 86 coordinate_mom completed 0.000385
FINISHED 87 coordinate_mom completed 0.00043
START 89 coordinate_mom
START 90 coordinate_mom
PROGRESS 188 / 600
PROGRESS 188 / 600
START 91 coordinate_mom
PROGRESS 188 / 600
FINISHED 88 coordinate_mom completed 0.000399
START 92 coordinate_mom
PROGRESS 189 / 600
FINISHED 89 coordinate_mom completed 0.000385
FINISHED 90 coordinate_mom completed 0.000411
FINISHED 91 coordinate_mom completed 0.000433
START 93 coordinate_mom
START 94 coordinate_mom
PROGRESS 192 / 600
PROGRESS 192 / 600
START 95 coordinate_mom
PROGRESS 192 / 600
FINISHED 92 coordinate_mom completed 0.000372
START 96 coordinate_mom
PROGRESS 193 / 600
FINISHED 93 coordinate_mom completed 0.000389
FINISHED 94 coordinate_mom completed 0.000412
START 97 coordinate_mom
FINISHED 95 coordinate_mom completed 0.000489
PROGRESS 195 / 600
START 98 coordinate_mom
PROGRESS 196 / 600
START 99 coordinate_mom
PROGRESS 196 / 600
FINISHED 96 coordinate_mom completed 0.000456
START 0 geometric_mom
PROGRESS 197 / 600
FINISHED 97 coordinate_mom completed 0.000438
FINISHED 98 coordinate_mom completed 0.000409
START 1 geometric_mom
FINISHED 99 coordinate_mom completed 0.000397
PROGRESS 200 / 600
START 2 geometric_mom
START 3 geometric_mom
FINISHED 0 geometric_mom completed 0.001482
START 4 geometric_mom
FINISHED 1 geometric_mom completed 0.001094
FINISHED 2 geometric_mom completed 0.001518
START 5 geometric_mom
FINISHED 3 geometric_mom completed 0.001173
START 6 geometric_mom
START 7 geometric_mom
FINISHED 4 geometric_mom completed 0.00145
START 8 geometric_mom
running 205 / 600
PROGRESS 205 / 600
PROGRESS 205 / 600
PROGRESS 205 / 600
FINISHED 5 geometric_mom completed 0.002106
PROGRESS 205 / 600
PROGRESS 206 / 600
PROGRESS 206 / 600
PROGRESS 206 / 600
FINISHED 6 geometric_mom completed 0.001372
START 9 geometric_mom
FINISHED 7 geometric_mom completed 0.001354
PROGRESS 207 / 600
START 10 geometric_mom
START 11 geometric_mom
PROGRESS 208 / 600
PROGRESS 208 / 600
FINISHED 8 geometric_mom completed 0.001268
START 12 geometric_mom
PROGRESS 209 / 600
FINISHED 9 geometric_mom completed 0.001353
START 13 geometric_mom
FINISHED 10 geometric_mom completed 0.001077
PROGRESS 210 / 600
FINISHED 11 geometric_mom completed 0.001545
START 14 geometric_mom
PROGRESS 212 / 600
START 15 geometric_mom
PROGRESS 212 / 600
FINISHED 12 geometric_mom completed 0.001435
START 16 geometric_mom
PROGRESS 213 / 600
FINISHED 13 geometric_mom completed 0.001078
START 17 geometric_mom
PROGRESS 214 / 600
FINISHED 14 geometric_mom completed 0.0017
FINISHED 15 geometric_mom completed 0.001172
START 18 geometric_mom
PROGRESS 216 / 600
START 19 geometric_mom
FINISHED 16 geometric_mom completed 0.001101
PROGRESS 217 / 600
START 20 geometric_mom
PROGRESS 217 / 600
FINISHED 17 geometric_mom completed 0.001065
START 21 geometric_mom
PROGRESS 218 / 600
FINISHED 18 geometric_mom completed 0.00161
FINISHED 19 geometric_mom completed 0.001346
START 22 geometric_mom
PROGRESS 220 / 600
FINISHED 20 geometric_mom completed 0.001025
START 23 geometric_mom
PROGRESS 221 / 600
START 24 geometric_mom
PROGRESS 221 / 600
FINISHED 21 geometric_mom completed 0.001204
START 25 geometric_mom
PROGRESS 222 / 600
FINISHED 22 geometric_mom completed 0.00132
FINISHED 23 geometric_mom completed 0.001268
START 26 geometric_mom
PROGRESS 224 / 600
FINISHED 24 geometric_mom completed 0.00149
START 27 geometric_mom
PROGRESS 225 / 600
START 28 geometric_mom
PROGRESS 225 / 600
FINISHED 25 geometric_mom completed 0.001099
START 29 geometric_mom
PROGRESS 226 / 600
FINISHED 26 geometric_mom completed 0.001154
FINISHED 27 geometric_mom completed 0.00136
START 30 geometric_mom
PROGRESS 228 / 600
FINISHED 28 geometric_mom completed 0.001028
START 31 geometric_mom
PROGRESS 229 / 600
START 32 geometric_mom
PROGRESS 229 / 600
FINISHED 29 geometric_mom completed 0.001158
START 33 geometric_mom
PROGRESS 230 / 600
FINISHED 30 geometric_mom completed 0.001042
FINISHED 31 geometric_mom completed 0.001056
START 34 geometric_mom
PROGRESS 232 / 600
FINISHED 32 geometric_mom completed 0.001262
START 35 geometric_mom
PROGRESS 233 / 600
START 36 geometric_mom
PROGRESS 233 / 600
FINISHED 33 geometric_mom completed 0.00142
START 37 geometric_mom
PROGRESS 234 / 600
FINISHED 34 geometric_mom completed 0.001491
FINISHED 35 geometric_mom completed 0.001342
START 38 geometric_mom
PROGRESS 236 / 600
FINISHED 36 geometric_mom completed 0.001162
START 39 geometric_mom
PROGRESS 237 / 600
START 40 geometric_mom
PROGRESS 237 / 600
FINISHED 37 geometric_mom completed 0.001175
START 41 geometric_mom
PROGRESS 238 / 600
FINISHED 38 geometric_mom completed 0.00118
START 42 geometric_mom
FINISHED 39 geometric_mom completed 0.001249
PROGRESS 240 / 600
FINISHED 40 geometric_mom completed 0.001351
START 43 geometric_mom
PROGRESS 241 / 600
START 44 geometric_mom
PROGRESS 241 / 600
FINISHED 41 geometric_mom completed 0.001219
START 45 geometric_mom
PROGRESS 242 / 600
FINISHED 42 geometric_mom completed 0.001449
START 46 geometric_mom
FINISHED 43 geometric_mom completed 0.001719
PROGRESS 243 / 600
FINISHED 44 geometric_mom completed 0.001364
START 47 geometric_mom
PROGRESS 245 / 600
START 48 geometric_mom
PROGRESS 245 / 600
FINISHED 45 geometric_mom completed 0.001382
START 49 geometric_mom
PROGRESS 246 / 600
FINISHED 46 geometric_mom completed 0.001192
START 50 geometric_mom
FINISHED 47 geometric_mom completed 0.002173
PROGRESS 247 / 600
FINISHED 48 geometric_mom completed 0.001321
START 51 geometric_mom
PROGRESS 249 / 600
START 52 geometric_mom
PROGRESS 249 / 600
FINISHED 49 geometric_mom completed 0.001813
START 53 geometric_mom
PROGRESS 250 / 600
FINISHED 50 geometric_mom completed 0.001518
FINISHED 51 geometric_mom completed 0.001929
START 54 geometric_mom
FINISHED 52 geometric_mom completed 0.001167
START 55 geometric_mom
START 56 geometric_mom
FINISHED 53 geometric_mom completed 0.001165
START 57 geometric_mom
FINISHED 54 geometric_mom completed 0.001216
START 58 geometric_mom
FINISHED 55 geometric_mom completed 0.001401
FINISHED 56 geometric_mom completed 0.001211
START 59 geometric_mom
START 60 geometric_mom
running 257 / 600
PROGRESS 257 / 600
FINISHED 57 geometric_mom completed 0.001586
PROGRESS 257 / 600
PROGRESS 258 / 600
PROGRESS 258 / 600
START 61 geometric_mom
PROGRESS 258 / 600
PROGRESS 258 / 600
PROGRESS 258 / 600
FINISHED 58 geometric_mom completed 0.001988
PROGRESS 258 / 600
FINISHED 59 geometric_mom completed 0.001225
START 62 geometric_mom
FINISHED 60 geometric_mom completed 0.001166
PROGRESS 260 / 600
START 63 geometric_mom
PROGRESS 261 / 600
START 64 geometric_mom
PROGRESS 261 / 600
FINISHED 61 geometric_mom completed 0.001054
START 65 geometric_mom
PROGRESS 262 / 600
FINISHED 62 geometric_mom completed 0.001325
FINISHED 63 geometric_mom completed 0.00114
START 66 geometric_mom
PROGRESS 264 / 600
FINISHED 64 geometric_mom completed 0.001383
START 67 geometric_mom
PROGRESS 265 / 600
START 68 geometric_mom
PROGRESS 265 / 600
FINISHED 65 geometric_mom completed 0.001382
START 69 geometric_mom
PROGRESS 266 / 600
FINISHED 66 geometric_mom completed 0.001392
FINISHED 67 geometric_mom completed 0.001255
START 70 geometric_mom
FINISHED 68 geometric_mom completed 0.001339
PROGRESS 268 / 600
START 71 geometric_mom
PROGRESS 269 / 600
START 72 geometric_mom
PROGRESS 269 / 600
FINISHED 69 geometric_mom completed 0.001216
START 73 geometric_mom
PROGRESS 270 / 600
FINISHED 70 geometric_mom completed 0.001188
FINISHED 71 geometric_mom completed 0.001163
START 74 geometric_mom
FINISHED 72 geometric_mom completed 0.001224
PROGRESS 272 / 600
START 75 geometric_mom
PROGRESS 273 / 600
START 76 geometric_mom
PROGRESS 273 / 600
FINISHED 73 geometric_mom completed 0.001207
START 77 geometric_mom
PROGRESS 274 / 600
FINISHED 74 geometric_mom completed 0.001484
FINISHED 75 geometric_mom completed 0.001198
START 78 geometric_mom
FINISHED 76 geometric_mom completed 0.001126
PROGRESS 276 / 600
START 79 geometric_mom
PROGRESS 277 / 600
START 80 geometric_mom
PROGRESS 277 / 600
FINISHED 77 geometric_mom completed 0.001139
START 81 geometric_mom
PROGRESS 278 / 600
FINISHED 78 geometric_mom completed 0.001256
FINISHED 79 geometric_mom completed 0.00114
START 82 geometric_mom
FINISHED 80 geometric_mom completed 0.001952
PROGRESS 280 / 600
START 83 geometric_mom
PROGRESS 281 / 600
START 84 geometric_mom
PROGRESS 281 / 600
FINISHED 81 geometric_mom completed 0.001249
START 85 geometric_mom
PROGRESS 282 / 600
FINISHED 82 geometric_mom completed 0.001157
FINISHED 83 geometric_mom completed 0.001099
START 86 geometric_mom
FINISHED 84 geometric_mom completed 0.001869
PROGRESS 284 / 600
START 87 geometric_mom
PROGRESS 285 / 600
START 88 geometric_mom
PROGRESS 285 / 600
FINISHED 85 geometric_mom completed 0.001383
START 89 geometric_mom
PROGRESS 286 / 600
FINISHED 86 geometric_mom completed 0.001449
FINISHED 87 geometric_mom completed 0.00147
START 90 geometric_mom
PROGRESS 288 / 600
FINISHED 88 geometric_mom completed 0.002008
START 91 geometric_mom
PROGRESS 289 / 600
START 92 geometric_mom
PROGRESS 289 / 600
FINISHED 89 geometric_mom completed 0.001156
START 93 geometric_mom
PROGRESS 290 / 600
FINISHED 90 geometric_mom completed 0.001532
FINISHED 91 geometric_mom completed 0.001311
START 94 geometric_mom
PROGRESS 292 / 600
FINISHED 92 geometric_mom completed 0.001078
START 95 geometric_mom
PROGRESS 293 / 600
START 96 geometric_mom
PROGRESS 293 / 600
FINISHED 93 geometric_mom completed 0.001226
START 97 geometric_mom
PROGRESS 294 / 600
FINISHED 94 geometric_mom completed 0.001163
FINISHED 95 geometric_mom completed 0.00125
START 98 geometric_mom
PROGRESS 296 / 600
FINISHED 96 geometric_mom completed 0.001105
START 99 geometric_mom
PROGRESS 297 / 600
START 0 algorithm_1
PROGRESS 297 / 600
FINISHED 97 geometric_mom completed 0.001313
START 1 algorithm_1
PROGRESS 298 / 600
FINISHED 98 geometric_mom completed 0.001293
START 2 algorithm_1
FINISHED 99 geometric_mom completed 0.001282
PROGRESS 300 / 600
START 3 algorithm_1
running 300 / 600
PROGRESS 300 / 600
FINISHED 2 algorithm_1 completed 639.469492
START 4 algorithm_1
PROGRESS 301 / 600
FINISHED 3 algorithm_1 completed 866.873318
START 5 algorithm_1
PROGRESS 302 / 600
FINISHED 0 algorithm_1 completed 871.608213
START 6 algorithm_1
PROGRESS 303 / 600
FINISHED 1 algorithm_1 completed 1305.745684
START 7 algorithm_1
PROGRESS 304 / 600
FINISHED 5 algorithm_1 completed 487.424038
START 8 algorithm_1
PROGRESS 305 / 600
FINISHED 4 algorithm_1 completed 931.074035
START 9 algorithm_1
PROGRESS 306 / 600
FINISHED 9 algorithm_1 completed 156.529988
START 10 algorithm_1
PROGRESS 307 / 600
FINISHED 7 algorithm_1 completed 457.920526
START 11 algorithm_1
PROGRESS 308 / 600
FINISHED 11 algorithm_1 completed 250.869749
START 12 algorithm_1
PROGRESS 309 / 600
FINISHED 6 algorithm_1 completed 1280.445783
START 13 algorithm_1
PROGRESS 310 / 600
FINISHED 8 algorithm_1 completed 1412.1915
START 14 algorithm_1
PROGRESS 311 / 600
FINISHED 12 algorithm_1 completed 895.037501
START 15 algorithm_1
PROGRESS 312 / 600
FINISHED 14 algorithm_1 completed 508.358943
START 16 algorithm_1
PROGRESS 313 / 600
FINISHED 10 algorithm_1 completed 2254.114434
START 17 algorithm_1
PROGRESS 314 / 600
FINISHED 13 algorithm_1 completed 2051.178287
START 18 algorithm_1
PROGRESS 315 / 600
FINISHED 18 algorithm_1 completed 405.705046
START 19 algorithm_1
PROGRESS 316 / 600
FINISHED 15 algorithm_1 completed 1751.015212
START 20 algorithm_1
PROGRESS 317 / 600
FINISHED 19 algorithm_1 completed 385.663025
START 21 algorithm_1
PROGRESS 318 / 600
FINISHED 16 algorithm_1 completed 1812.077584
START 22 algorithm_1
PROGRESS 319 / 600
FINISHED 22 algorithm_1 completed 272.634256
START 23 algorithm_1
PROGRESS 320 / 600
FINISHED 17 algorithm_1 completed 2245.43268
START 24 algorithm_1
PROGRESS 321 / 600
FINISHED 21 algorithm_1 completed 1264.801135
START 25 algorithm_1
PROGRESS 322 / 600
FINISHED 23 algorithm_1 completed 1099.88624
START 26 algorithm_1
PROGRESS 323 / 600
FINISHED 24 algorithm_1 completed 427.997475
START 27 algorithm_1
PROGRESS 324 / 600
running 324 / 500
Adopted in-flight workers without pausing fits: [72776, 73211, 73224, 73280]
PROGRESS 324 / 500 priority dl_clarabel active [(20, 'algorithm_1'), (25, 'algorithm_1'), (26, 'algorithm_1'), (27, 'algorithm_1')]
running 324 / 500
FINISHED 20 algorithm_1 completed 2415.792686
RESOLVED 20 algorithm_1 adopted
START 0 dl_clarabel
PROGRESS 325 / 500 priority dl_clarabel active [(25, 'algorithm_1'), (26, 'algorithm_1'), (27, 'algorithm_1'), (0, 'dl_clarabel')]
FINISHED 0 dl_clarabel completed 12.902854
RESOLVED 0 dl_clarabel new
START 1 dl_clarabel
PROGRESS 326 / 500 priority dl_clarabel active [(25, 'algorithm_1'), (26, 'algorithm_1'), (27, 'algorithm_1'), (1, 'dl_clarabel')]
FINISHED 1 dl_clarabel completed 12.724236
RESOLVED 1 dl_clarabel new
START 2 dl_clarabel
PROGRESS 327 / 500 priority dl_clarabel active [(25, 'algorithm_1'), (26, 'algorithm_1'), (27, 'algorithm_1'), (2, 'dl_clarabel')]
FINISHED 2 dl_clarabel completed 14.214035
RESOLVED 2 dl_clarabel new
START 3 dl_clarabel
PROGRESS 328 / 500 priority dl_clarabel active [(25, 'algorithm_1'), (26, 'algorithm_1'), (27, 'algorithm_1'), (3, 'dl_clarabel')]
FINISHED 3 dl_clarabel completed 12.504648
RESOLVED 3 dl_clarabel new
START 4 dl_clarabel
PROGRESS 329 / 500 priority dl_clarabel active [(25, 'algorithm_1'), (26, 'algorithm_1'), (27, 'algorithm_1'), (4, 'dl_clarabel')]
FINISHED 4 dl_clarabel completed 11.170774
RESOLVED 4 dl_clarabel new
START 5 dl_clarabel
PROGRESS 330 / 500 priority dl_clarabel active [(25, 'algorithm_1'), (26, 'algorithm_1'), (27, 'algorithm_1'), (5, 'dl_clarabel')]
FINISHED 5 dl_clarabel completed 15.98282
RESOLVED 5 dl_clarabel new
START 6 dl_clarabel
PROGRESS 331 / 500 priority dl_clarabel active [(25, 'algorithm_1'), (26, 'algorithm_1'), (27, 'algorithm_1'), (6, 'dl_clarabel')]
FINISHED 6 dl_clarabel completed 13.600398
RESOLVED 6 dl_clarabel new
START 7 dl_clarabel
PROGRESS 332 / 500 priority dl_clarabel active [(25, 'algorithm_1'), (26, 'algorithm_1'), (27, 'algorithm_1'), (7, 'dl_clarabel')]
FINISHED 7 dl_clarabel completed 16.093512
RESOLVED 7 dl_clarabel new
START 8 dl_clarabel
PROGRESS 333 / 500 priority dl_clarabel active [(25, 'algorithm_1'), (26, 'algorithm_1'), (27, 'algorithm_1'), (8, 'dl_clarabel')]
FINISHED 8 dl_clarabel completed 15.709395
RESOLVED 8 dl_clarabel new
START 9 dl_clarabel
PROGRESS 334 / 500 priority dl_clarabel active [(25, 'algorithm_1'), (26, 'algorithm_1'), (27, 'algorithm_1'), (9, 'dl_clarabel')]
FINISHED 9 dl_clarabel completed 14.563731
RESOLVED 9 dl_clarabel new
START 10 dl_clarabel
PROGRESS 335 / 500 priority dl_clarabel active [(25, 'algorithm_1'), (26, 'algorithm_1'), (27, 'algorithm_1'), (10, 'dl_clarabel')]
FINISHED 10 dl_clarabel completed 13.58755
RESOLVED 10 dl_clarabel new
START 11 dl_clarabel
PROGRESS 336 / 500 priority dl_clarabel active [(25, 'algorithm_1'), (26, 'algorithm_1'), (27, 'algorithm_1'), (11, 'dl_clarabel')]
FINISHED 11 dl_clarabel completed 10.31126
RESOLVED 11 dl_clarabel new
START 12 dl_clarabel
PROGRESS 337 / 500 priority dl_clarabel active [(25, 'algorithm_1'), (26, 'algorithm_1'), (27, 'algorithm_1'), (12, 'dl_clarabel')]
FINISHED 12 dl_clarabel completed 13.514381
RESOLVED 12 dl_clarabel new
START 13 dl_clarabel
PROGRESS 338 / 500 priority dl_clarabel active [(25, 'algorithm_1'), (26, 'algorithm_1'), (27, 'algorithm_1'), (13, 'dl_clarabel')]
FINISHED 13 dl_clarabel completed 16.293475
RESOLVED 13 dl_clarabel new
START 14 dl_clarabel
PROGRESS 339 / 500 priority dl_clarabel active [(25, 'algorithm_1'), (26, 'algorithm_1'), (27, 'algorithm_1'), (14, 'dl_clarabel')]
FINISHED 14 dl_clarabel completed 11.245033
RESOLVED 14 dl_clarabel new
START 15 dl_clarabel
PROGRESS 340 / 500 priority dl_clarabel active [(25, 'algorithm_1'), (26, 'algorithm_1'), (27, 'algorithm_1'), (15, 'dl_clarabel')]
FINISHED 15 dl_clarabel completed 13.75013
RESOLVED 15 dl_clarabel new
START 16 dl_clarabel
PROGRESS 341 / 500 priority dl_clarabel active [(25, 'algorithm_1'), (26, 'algorithm_1'), (27, 'algorithm_1'), (16, 'dl_clarabel')]
FINISHED 16 dl_clarabel completed 12.782016
RESOLVED 16 dl_clarabel new
START 17 dl_clarabel
PROGRESS 342 / 500 priority dl_clarabel active [(25, 'algorithm_1'), (26, 'algorithm_1'), (27, 'algorithm_1'), (17, 'dl_clarabel')]
FINISHED 17 dl_clarabel completed 12.901545
RESOLVED 17 dl_clarabel new
START 18 dl_clarabel
PROGRESS 343 / 500 priority dl_clarabel active [(25, 'algorithm_1'), (26, 'algorithm_1'), (27, 'algorithm_1'), (18, 'dl_clarabel')]
FINISHED 18 dl_clarabel completed 13.142878
RESOLVED 18 dl_clarabel new
START 19 dl_clarabel
PROGRESS 344 / 500 priority dl_clarabel active [(25, 'algorithm_1'), (26, 'algorithm_1'), (27, 'algorithm_1'), (19, 'dl_clarabel')]
FINISHED 27 algorithm_1 completed 715.994863
running 345 / 500
RESOLVED 27 algorithm_1 adopted
START 20 dl_clarabel
PROGRESS 345 / 500 priority dl_clarabel active [(25, 'algorithm_1'), (26, 'algorithm_1'), (19, 'dl_clarabel'), (20, 'dl_clarabel')]
FINISHED 19 dl_clarabel completed 15.770703
FINISHED 20 dl_clarabel completed 12.899451
RESOLVED 19 dl_clarabel new
RESOLVED 20 dl_clarabel new
START 21 dl_clarabel
START 22 dl_clarabel
PROGRESS 347 / 500 priority dl_clarabel active [(25, 'algorithm_1'), (26, 'algorithm_1'), (21, 'dl_clarabel'), (22, 'dl_clarabel')]
FINISHED 22 dl_clarabel completed 12.780079
FINISHED 21 dl_clarabel completed 13.490558
RESOLVED 22 dl_clarabel new
START 23 dl_clarabel
PROGRESS 349 / 500 priority dl_clarabel active [(25, 'algorithm_1'), (26, 'algorithm_1'), (21, 'dl_clarabel'), (23, 'dl_clarabel')]
RESOLVED 21 dl_clarabel new
START 24 dl_clarabel
PROGRESS 349 / 500 priority dl_clarabel active [(25, 'algorithm_1'), (26, 'algorithm_1'), (23, 'dl_clarabel'), (24, 'dl_clarabel')]
FINISHED 23 dl_clarabel completed 12.20025
RESOLVED 23 dl_clarabel new
START 25 dl_clarabel
PROGRESS 350 / 500 priority dl_clarabel active [(25, 'algorithm_1'), (26, 'algorithm_1'), (24, 'dl_clarabel'), (25, 'dl_clarabel')]
FINISHED 24 dl_clarabel completed 12.084284
running 351 / 500
RESOLVED 24 dl_clarabel new
START 26 dl_clarabel
PROGRESS 351 / 500 priority dl_clarabel active [(25, 'algorithm_1'), (26, 'algorithm_1'), (25, 'dl_clarabel'), (26, 'dl_clarabel')]
FINISHED 25 dl_clarabel completed 13.692155
RESOLVED 25 dl_clarabel new
START 27 dl_clarabel
PROGRESS 352 / 500 priority dl_clarabel active [(25, 'algorithm_1'), (26, 'algorithm_1'), (26, 'dl_clarabel'), (27, 'dl_clarabel')]
FINISHED 26 dl_clarabel completed 13.030596
RESOLVED 26 dl_clarabel new
START 28 dl_clarabel
PROGRESS 353 / 500 priority dl_clarabel active [(25, 'algorithm_1'), (26, 'algorithm_1'), (27, 'dl_clarabel'), (28, 'dl_clarabel')]
FINISHED 27 dl_clarabel completed 12.875767
RESOLVED 27 dl_clarabel new
START 29 dl_clarabel
PROGRESS 354 / 500 priority dl_clarabel active [(25, 'algorithm_1'), (26, 'algorithm_1'), (28, 'dl_clarabel'), (29, 'dl_clarabel')]
FINISHED 28 dl_clarabel completed 14.061176
RESOLVED 28 dl_clarabel new
START 30 dl_clarabel
PROGRESS 355 / 500 priority dl_clarabel active [(25, 'algorithm_1'), (26, 'algorithm_1'), (29, 'dl_clarabel'), (30, 'dl_clarabel')]
FINISHED 29 dl_clarabel completed 13.554584
RESOLVED 29 dl_clarabel new
START 31 dl_clarabel
PROGRESS 356 / 500 priority dl_clarabel active [(25, 'algorithm_1'), (26, 'algorithm_1'), (30, 'dl_clarabel'), (31, 'dl_clarabel')]
FINISHED 30 dl_clarabel completed 14.599269
RESOLVED 30 dl_clarabel new
START 32 dl_clarabel
PROGRESS 357 / 500 priority dl_clarabel active [(25, 'algorithm_1'), (26, 'algorithm_1'), (31, 'dl_clarabel'), (32, 'dl_clarabel')]
FINISHED 31 dl_clarabel completed 12.303205
RESOLVED 31 dl_clarabel new
START 33 dl_clarabel
PROGRESS 358 / 500 priority dl_clarabel active [(25, 'algorithm_1'), (26, 'algorithm_1'), (32, 'dl_clarabel'), (33, 'dl_clarabel')]
FINISHED 32 dl_clarabel completed 12.745957
RESOLVED 32 dl_clarabel new
START 34 dl_clarabel
PROGRESS 359 / 500 priority dl_clarabel active [(25, 'algorithm_1'), (26, 'algorithm_1'), (33, 'dl_clarabel'), (34, 'dl_clarabel')]
FINISHED 33 dl_clarabel completed 14.535671
RESOLVED 33 dl_clarabel new
START 35 dl_clarabel
PROGRESS 360 / 500 priority dl_clarabel active [(25, 'algorithm_1'), (26, 'algorithm_1'), (34, 'dl_clarabel'), (35, 'dl_clarabel')]
FINISHED 34 dl_clarabel completed 11.285301
RESOLVED 34 dl_clarabel new
START 36 dl_clarabel
PROGRESS 361 / 500 priority dl_clarabel active [(25, 'algorithm_1'), (26, 'algorithm_1'), (35, 'dl_clarabel'), (36, 'dl_clarabel')]
FINISHED 35 dl_clarabel completed 13.032754
RESOLVED 35 dl_clarabel new
START 37 dl_clarabel
PROGRESS 362 / 500 priority dl_clarabel active [(25, 'algorithm_1'), (26, 'algorithm_1'), (36, 'dl_clarabel'), (37, 'dl_clarabel')]
FINISHED 36 dl_clarabel completed 14.954775
RESOLVED 36 dl_clarabel new
START 38 dl_clarabel
PROGRESS 363 / 500 priority dl_clarabel active [(25, 'algorithm_1'), (26, 'algorithm_1'), (37, 'dl_clarabel'), (38, 'dl_clarabel')]
FINISHED 37 dl_clarabel completed 13.653776
RESOLVED 37 dl_clarabel new
START 39 dl_clarabel
PROGRESS 364 / 500 priority dl_clarabel active [(25, 'algorithm_1'), (26, 'algorithm_1'), (38, 'dl_clarabel'), (39, 'dl_clarabel')]
FINISHED 38 dl_clarabel completed 13.496782
RESOLVED 38 dl_clarabel new
START 40 dl_clarabel
PROGRESS 365 / 500 priority dl_clarabel active [(25, 'algorithm_1'), (26, 'algorithm_1'), (39, 'dl_clarabel'), (40, 'dl_clarabel')]
FINISHED 39 dl_clarabel completed 12.154783
RESOLVED 39 dl_clarabel new
START 41 dl_clarabel
PROGRESS 366 / 500 priority dl_clarabel active [(25, 'algorithm_1'), (26, 'algorithm_1'), (40, 'dl_clarabel'), (41, 'dl_clarabel')]
FINISHED 40 dl_clarabel completed 13.254023
RESOLVED 40 dl_clarabel new
START 42 dl_clarabel
PROGRESS 367 / 500 priority dl_clarabel active [(25, 'algorithm_1'), (26, 'algorithm_1'), (41, 'dl_clarabel'), (42, 'dl_clarabel')]
FINISHED 41 dl_clarabel completed 13.328892
RESOLVED 41 dl_clarabel new
START 43 dl_clarabel
PROGRESS 368 / 500 priority dl_clarabel active [(25, 'algorithm_1'), (26, 'algorithm_1'), (42, 'dl_clarabel'), (43, 'dl_clarabel')]
FINISHED 42 dl_clarabel completed 12.364131
RESOLVED 42 dl_clarabel new
START 44 dl_clarabel
PROGRESS 369 / 500 priority dl_clarabel active [(25, 'algorithm_1'), (26, 'algorithm_1'), (43, 'dl_clarabel'), (44, 'dl_clarabel')]
FINISHED 43 dl_clarabel completed 13.809555
RESOLVED 43 dl_clarabel new
START 45 dl_clarabel
PROGRESS 370 / 500 priority dl_clarabel active [(25, 'algorithm_1'), (26, 'algorithm_1'), (44, 'dl_clarabel'), (45, 'dl_clarabel')]
FINISHED 44 dl_clarabel completed 12.195104
RESOLVED 44 dl_clarabel new
START 46 dl_clarabel
PROGRESS 371 / 500 priority dl_clarabel active [(25, 'algorithm_1'), (26, 'algorithm_1'), (45, 'dl_clarabel'), (46, 'dl_clarabel')]
FINISHED 46 dl_clarabel completed 9.188593
RESOLVED 46 dl_clarabel new
START 47 dl_clarabel
PROGRESS 372 / 500 priority dl_clarabel active [(25, 'algorithm_1'), (26, 'algorithm_1'), (45, 'dl_clarabel'), (47, 'dl_clarabel')]
FINISHED 45 dl_clarabel completed 15.661781
RESOLVED 45 dl_clarabel new
START 48 dl_clarabel
PROGRESS 373 / 500 priority dl_clarabel active [(25, 'algorithm_1'), (26, 'algorithm_1'), (47, 'dl_clarabel'), (48, 'dl_clarabel')]
FINISHED 47 dl_clarabel completed 12.390445
FINISHED 48 dl_clarabel completed 10.634846
RESOLVED 47 dl_clarabel new
RESOLVED 48 dl_clarabel new
START 49 dl_clarabel
START 50 dl_clarabel
PROGRESS 375 / 500 priority dl_clarabel active [(25, 'algorithm_1'), (26, 'algorithm_1'), (49, 'dl_clarabel'), (50, 'dl_clarabel')]
FINISHED 50 dl_clarabel completed 13.198961
FINISHED 49 dl_clarabel completed 13.213858
RESOLVED 49 dl_clarabel new
RESOLVED 50 dl_clarabel new
START 51 dl_clarabel
START 52 dl_clarabel
PROGRESS 377 / 500 priority dl_clarabel active [(25, 'algorithm_1'), (26, 'algorithm_1'), (51, 'dl_clarabel'), (52, 'dl_clarabel')]
FINISHED 51 dl_clarabel completed 10.728088
RESOLVED 51 dl_clarabel new
START 53 dl_clarabel
PROGRESS 378 / 500 priority dl_clarabel active [(25, 'algorithm_1'), (26, 'algorithm_1'), (52, 'dl_clarabel'), (53, 'dl_clarabel')]
FINISHED 52 dl_clarabel completed 15.642571
RESOLVED 52 dl_clarabel new
START 54 dl_clarabel
PROGRESS 379 / 500 priority dl_clarabel active [(25, 'algorithm_1'), (26, 'algorithm_1'), (53, 'dl_clarabel'), (54, 'dl_clarabel')]
FINISHED 53 dl_clarabel completed 12.494828
RESOLVED 53 dl_clarabel new
START 55 dl_clarabel
PROGRESS 380 / 500 priority dl_clarabel active [(25, 'algorithm_1'), (26, 'algorithm_1'), (54, 'dl_clarabel'), (55, 'dl_clarabel')]
FINISHED 54 dl_clarabel completed 13.115205
RESOLVED 54 dl_clarabel new
START 56 dl_clarabel
PROGRESS 381 / 500 priority dl_clarabel active [(25, 'algorithm_1'), (26, 'algorithm_1'), (55, 'dl_clarabel'), (56, 'dl_clarabel')]
FINISHED 55 dl_clarabel completed 14.214955
RESOLVED 55 dl_clarabel new
START 57 dl_clarabel
FINISHED 56 dl_clarabel completed 11.858414
PROGRESS 382 / 500 priority dl_clarabel active [(25, 'algorithm_1'), (26, 'algorithm_1'), (56, 'dl_clarabel'), (57, 'dl_clarabel')]
RESOLVED 56 dl_clarabel new
START 58 dl_clarabel
PROGRESS 383 / 500 priority dl_clarabel active [(25, 'algorithm_1'), (26, 'algorithm_1'), (57, 'dl_clarabel'), (58, 'dl_clarabel')]
FINISHED 58 dl_clarabel completed 11.586848
RESOLVED 58 dl_clarabel new
START 59 dl_clarabel
PROGRESS 384 / 500 priority dl_clarabel active [(25, 'algorithm_1'), (26, 'algorithm_1'), (57, 'dl_clarabel'), (59, 'dl_clarabel')]
FINISHED 57 dl_clarabel completed 15.33349
RESOLVED 57 dl_clarabel new
START 60 dl_clarabel
PROGRESS 385 / 500 priority dl_clarabel active [(25, 'algorithm_1'), (26, 'algorithm_1'), (59, 'dl_clarabel'), (60, 'dl_clarabel')]
FINISHED 60 dl_clarabel completed 11.33423
RESOLVED 60 dl_clarabel new
START 61 dl_clarabel
PROGRESS 386 / 500 priority dl_clarabel active [(25, 'algorithm_1'), (26, 'algorithm_1'), (59, 'dl_clarabel'), (61, 'dl_clarabel')]
FINISHED 59 dl_clarabel completed 14.651691
RESOLVED 59 dl_clarabel new
START 62 dl_clarabel
PROGRESS 387 / 500 priority dl_clarabel active [(25, 'algorithm_1'), (26, 'algorithm_1'), (61, 'dl_clarabel'), (62, 'dl_clarabel')]
FINISHED 61 dl_clarabel completed 13.016003
RESOLVED 61 dl_clarabel new
START 63 dl_clarabel
PROGRESS 388 / 500 priority dl_clarabel active [(25, 'algorithm_1'), (26, 'algorithm_1'), (62, 'dl_clarabel'), (63, 'dl_clarabel')]
FINISHED 62 dl_clarabel completed 15.929315
RESOLVED 62 dl_clarabel new
START 64 dl_clarabel
PROGRESS 389 / 500 priority dl_clarabel active [(25, 'algorithm_1'), (26, 'algorithm_1'), (63, 'dl_clarabel'), (64, 'dl_clarabel')]
FINISHED 63 dl_clarabel completed 11.49188
RESOLVED 63 dl_clarabel new
START 65 dl_clarabel
PROGRESS 390 / 500 priority dl_clarabel active [(25, 'algorithm_1'), (26, 'algorithm_1'), (64, 'dl_clarabel'), (65, 'dl_clarabel')]
FINISHED 64 dl_clarabel completed 14.531104
RESOLVED 64 dl_clarabel new
START 66 dl_clarabel
PROGRESS 391 / 500 priority dl_clarabel active [(25, 'algorithm_1'), (26, 'algorithm_1'), (65, 'dl_clarabel'), (66, 'dl_clarabel')]
running 391 / 500
FINISHED 65 dl_clarabel completed 11.759653
RESOLVED 65 dl_clarabel new
START 67 dl_clarabel
PROGRESS 392 / 500 priority dl_clarabel active [(25, 'algorithm_1'), (26, 'algorithm_1'), (66, 'dl_clarabel'), (67, 'dl_clarabel')]
FINISHED 66 dl_clarabel completed 11.353569
RESOLVED 66 dl_clarabel new
START 68 dl_clarabel
PROGRESS 393 / 500 priority dl_clarabel active [(25, 'algorithm_1'), (26, 'algorithm_1'), (67, 'dl_clarabel'), (68, 'dl_clarabel')]
FINISHED 67 dl_clarabel completed 13.639201
RESOLVED 67 dl_clarabel new
START 69 dl_clarabel
PROGRESS 394 / 500 priority dl_clarabel active [(25, 'algorithm_1'), (26, 'algorithm_1'), (68, 'dl_clarabel'), (69, 'dl_clarabel')]
FINISHED 68 dl_clarabel completed 9.366495
RESOLVED 68 dl_clarabel new
START 70 dl_clarabel
PROGRESS 395 / 500 priority dl_clarabel active [(25, 'algorithm_1'), (26, 'algorithm_1'), (69, 'dl_clarabel'), (70, 'dl_clarabel')]
FINISHED 69 dl_clarabel completed 12.275358
RESOLVED 69 dl_clarabel new
START 71 dl_clarabel
PROGRESS 396 / 500 priority dl_clarabel active [(25, 'algorithm_1'), (26, 'algorithm_1'), (70, 'dl_clarabel'), (71, 'dl_clarabel')]
FINISHED 70 dl_clarabel completed 12.132092
RESOLVED 70 dl_clarabel new
START 72 dl_clarabel
PROGRESS 397 / 500 priority dl_clarabel active [(25, 'algorithm_1'), (26, 'algorithm_1'), (71, 'dl_clarabel'), (72, 'dl_clarabel')]
FINISHED 71 dl_clarabel completed 12.35533
RESOLVED 71 dl_clarabel new
START 73 dl_clarabel
PROGRESS 398 / 500 priority dl_clarabel active [(25, 'algorithm_1'), (26, 'algorithm_1'), (72, 'dl_clarabel'), (73, 'dl_clarabel')]
FINISHED 72 dl_clarabel completed 13.148084
RESOLVED 72 dl_clarabel new
START 74 dl_clarabel
PROGRESS 399 / 500 priority dl_clarabel active [(25, 'algorithm_1'), (26, 'algorithm_1'), (73, 'dl_clarabel'), (74, 'dl_clarabel')]
FINISHED 73 dl_clarabel completed 13.64148
RESOLVED 73 dl_clarabel new
START 75 dl_clarabel
PROGRESS 400 / 500 priority dl_clarabel active [(25, 'algorithm_1'), (26, 'algorithm_1'), (74, 'dl_clarabel'), (75, 'dl_clarabel')]
running 400 / 500
FINISHED 74 dl_clarabel completed 12.849259
RESOLVED 74 dl_clarabel new
START 76 dl_clarabel
PROGRESS 401 / 500 priority dl_clarabel active [(25, 'algorithm_1'), (26, 'algorithm_1'), (75, 'dl_clarabel'), (76, 'dl_clarabel')]
FINISHED 75 dl_clarabel completed 14.839543
RESOLVED 75 dl_clarabel new
START 77 dl_clarabel
PROGRESS 402 / 500 priority dl_clarabel active [(25, 'algorithm_1'), (26, 'algorithm_1'), (76, 'dl_clarabel'), (77, 'dl_clarabel')]
FINISHED 76 dl_clarabel completed 14.16135
RESOLVED 76 dl_clarabel new
START 78 dl_clarabel
PROGRESS 403 / 500 priority dl_clarabel active [(25, 'algorithm_1'), (26, 'algorithm_1'), (77, 'dl_clarabel'), (78, 'dl_clarabel')]
FINISHED 77 dl_clarabel completed 11.432726
RESOLVED 77 dl_clarabel new
START 79 dl_clarabel
PROGRESS 404 / 500 priority dl_clarabel active [(25, 'algorithm_1'), (26, 'algorithm_1'), (78, 'dl_clarabel'), (79, 'dl_clarabel')]
FINISHED 78 dl_clarabel completed 14.819069
RESOLVED 78 dl_clarabel new
START 80 dl_clarabel
PROGRESS 405 / 500 priority dl_clarabel active [(25, 'algorithm_1'), (26, 'algorithm_1'), (79, 'dl_clarabel'), (80, 'dl_clarabel')]
FINISHED 79 dl_clarabel completed 14.850895
RESOLVED 79 dl_clarabel new
START 81 dl_clarabel
PROGRESS 406 / 500 priority dl_clarabel active [(25, 'algorithm_1'), (26, 'algorithm_1'), (80, 'dl_clarabel'), (81, 'dl_clarabel')]
FINISHED 80 dl_clarabel completed 12.284954
RESOLVED 80 dl_clarabel new
START 82 dl_clarabel
PROGRESS 407 / 500 priority dl_clarabel active [(25, 'algorithm_1'), (26, 'algorithm_1'), (81, 'dl_clarabel'), (82, 'dl_clarabel')]
FINISHED 81 dl_clarabel completed 13.380709
RESOLVED 81 dl_clarabel new
START 83 dl_clarabel
PROGRESS 408 / 500 priority dl_clarabel active [(25, 'algorithm_1'), (26, 'algorithm_1'), (82, 'dl_clarabel'), (83, 'dl_clarabel')]
FINISHED 82 dl_clarabel completed 11.654723
RESOLVED 82 dl_clarabel new
START 84 dl_clarabel
PROGRESS 409 / 500 priority dl_clarabel active [(25, 'algorithm_1'), (26, 'algorithm_1'), (83, 'dl_clarabel'), (84, 'dl_clarabel')]
FINISHED 83 dl_clarabel completed 13.859269
RESOLVED 83 dl_clarabel new
START 85 dl_clarabel
PROGRESS 410 / 500 priority dl_clarabel active [(25, 'algorithm_1'), (26, 'algorithm_1'), (84, 'dl_clarabel'), (85, 'dl_clarabel')]
FINISHED 84 dl_clarabel completed 12.383217
RESOLVED 84 dl_clarabel new
START 86 dl_clarabel
PROGRESS 411 / 500 priority dl_clarabel active [(25, 'algorithm_1'), (26, 'algorithm_1'), (85, 'dl_clarabel'), (86, 'dl_clarabel')]
FINISHED 86 dl_clarabel completed 11.707982
RESOLVED 86 dl_clarabel new
START 87 dl_clarabel
FINISHED 85 dl_clarabel completed 14.441523
PROGRESS 413 / 500 priority dl_clarabel active [(25, 'algorithm_1'), (26, 'algorithm_1'), (85, 'dl_clarabel'), (87, 'dl_clarabel')]
RESOLVED 85 dl_clarabel new
START 88 dl_clarabel
PROGRESS 413 / 500 priority dl_clarabel active [(25, 'algorithm_1'), (26, 'algorithm_1'), (87, 'dl_clarabel'), (88, 'dl_clarabel')]
FINISHED 87 dl_clarabel completed 12.040004
RESOLVED 87 dl_clarabel new
START 89 dl_clarabel
PROGRESS 414 / 500 priority dl_clarabel active [(25, 'algorithm_1'), (26, 'algorithm_1'), (88, 'dl_clarabel'), (89, 'dl_clarabel')]
FINISHED 88 dl_clarabel completed 12.1044
RESOLVED 88 dl_clarabel new
START 90 dl_clarabel
PROGRESS 415 / 500 priority dl_clarabel active [(25, 'algorithm_1'), (26, 'algorithm_1'), (89, 'dl_clarabel'), (90, 'dl_clarabel')]
FINISHED 89 dl_clarabel completed 16.117022
RESOLVED 89 dl_clarabel new
START 91 dl_clarabel
FINISHED 90 dl_clarabel completed 14.314589
PROGRESS 416 / 500 priority dl_clarabel active [(25, 'algorithm_1'), (26, 'algorithm_1'), (90, 'dl_clarabel'), (91, 'dl_clarabel')]
RESOLVED 90 dl_clarabel new
START 92 dl_clarabel
PROGRESS 417 / 500 priority dl_clarabel active [(25, 'algorithm_1'), (26, 'algorithm_1'), (91, 'dl_clarabel'), (92, 'dl_clarabel')]
FINISHED 91 dl_clarabel completed 12.91377
RESOLVED 91 dl_clarabel new
START 93 dl_clarabel
PROGRESS 418 / 500 priority dl_clarabel active [(25, 'algorithm_1'), (26, 'algorithm_1'), (92, 'dl_clarabel'), (93, 'dl_clarabel')]
FINISHED 92 dl_clarabel completed 12.4882
RESOLVED 92 dl_clarabel new
START 94 dl_clarabel
PROGRESS 419 / 500 priority dl_clarabel active [(25, 'algorithm_1'), (26, 'algorithm_1'), (93, 'dl_clarabel'), (94, 'dl_clarabel')]
FINISHED 93 dl_clarabel completed 10.581732
RESOLVED 93 dl_clarabel new
START 95 dl_clarabel
PROGRESS 420 / 500 priority dl_clarabel active [(25, 'algorithm_1'), (26, 'algorithm_1'), (94, 'dl_clarabel'), (95, 'dl_clarabel')]
FINISHED 94 dl_clarabel completed 14.327567
RESOLVED 94 dl_clarabel new
START 96 dl_clarabel
PROGRESS 421 / 500 priority dl_clarabel active [(25, 'algorithm_1'), (26, 'algorithm_1'), (95, 'dl_clarabel'), (96, 'dl_clarabel')]
FINISHED 95 dl_clarabel completed 14.374615
RESOLVED 95 dl_clarabel new
START 97 dl_clarabel
PROGRESS 422 / 500 priority dl_clarabel active [(25, 'algorithm_1'), (26, 'algorithm_1'), (96, 'dl_clarabel'), (97, 'dl_clarabel')]
FINISHED 96 dl_clarabel completed 16.948723
RESOLVED 96 dl_clarabel new
START 98 dl_clarabel
PROGRESS 423 / 500 priority dl_clarabel active [(25, 'algorithm_1'), (26, 'algorithm_1'), (97, 'dl_clarabel'), (98, 'dl_clarabel')]
FINISHED 97 dl_clarabel completed 13.158156
RESOLVED 97 dl_clarabel new
START 99 dl_clarabel
PROGRESS 424 / 500 priority dl_clarabel active [(25, 'algorithm_1'), (26, 'algorithm_1'), (98, 'dl_clarabel'), (99, 'dl_clarabel')]
FINISHED 98 dl_clarabel completed 13.220389
RESOLVED 98 dl_clarabel new
PROGRESS 425 / 500 priority dl_clarabel active [(25, 'algorithm_1'), (26, 'algorithm_1'), (99, 'dl_clarabel')]
FINISHED 99 dl_clarabel completed 12.082424
RESOLVED 99 dl_clarabel new
START 28 algorithm_1
START 29 algorithm_1
PROGRESS 426 / 500 priority algorithm_1 active [(25, 'algorithm_1'), (26, 'algorithm_1'), (28, 'algorithm_1'), (29, 'algorithm_1')]
PROGRESS 426 / 500 priority algorithm_1 active [(25, 'algorithm_1'), (26, 'algorithm_1'), (28, 'algorithm_1'), (29, 'algorithm_1')]
PROGRESS 426 / 500 priority algorithm_1 active [(25, 'algorithm_1'), (26, 'algorithm_1'), (28, 'algorithm_1'), (29, 'algorithm_1')]
PROGRESS 426 / 500 priority algorithm_1 active [(25, 'algorithm_1'), (26, 'algorithm_1'), (28, 'algorithm_1'), (29, 'algorithm_1')]
PROGRESS 426 / 500 priority algorithm_1 active [(25, 'algorithm_1'), (26, 'algorithm_1'), (28, 'algorithm_1'), (29, 'algorithm_1')]
running 426 / 500
PROGRESS 426 / 500 priority algorithm_1 active [(25, 'algorithm_1'), (26, 'algorithm_1'), (28, 'algorithm_1'), (29, 'algorithm_1')]
FINISHED 26 algorithm_1 completed 1676.085392
RESOLVED 26 algorithm_1 adopted
START 30 algorithm_1
PROGRESS 427 / 500 priority algorithm_1 active [(25, 'algorithm_1'), (28, 'algorithm_1'), (29, 'algorithm_1'), (30, 'algorithm_1')]
PROGRESS 427 / 500 priority algorithm_1 active [(25, 'algorithm_1'), (28, 'algorithm_1'), (29, 'algorithm_1'), (30, 'algorithm_1')]
PROGRESS 427 / 500 priority algorithm_1 active [(25, 'algorithm_1'), (28, 'algorithm_1'), (29, 'algorithm_1'), (30, 'algorithm_1')]
PROGRESS 427 / 500 priority algorithm_1 active [(25, 'algorithm_1'), (28, 'algorithm_1'), (29, 'algorithm_1'), (30, 'algorithm_1')]
PROGRESS 427 / 500 priority algorithm_1 active [(25, 'algorithm_1'), (28, 'algorithm_1'), (29, 'algorithm_1'), (30, 'algorithm_1')]
PROGRESS 427 / 500 priority algorithm_1 active [(25, 'algorithm_1'), (28, 'algorithm_1'), (29, 'algorithm_1'), (30, 'algorithm_1')]
PROGRESS 427 / 500 priority algorithm_1 active [(25, 'algorithm_1'), (28, 'algorithm_1'), (29, 'algorithm_1'), (30, 'algorithm_1')]
PROGRESS 427 / 500 priority algorithm_1 active [(25, 'algorithm_1'), (28, 'algorithm_1'), (29, 'algorithm_1'), (30, 'algorithm_1')]
PROGRESS 427 / 500 priority algorithm_1 active [(25, 'algorithm_1'), (28, 'algorithm_1'), (29, 'algorithm_1'), (30, 'algorithm_1')]
PROGRESS 427 / 500 priority algorithm_1 active [(25, 'algorithm_1'), (28, 'algorithm_1'), (29, 'algorithm_1'), (30, 'algorithm_1')]
running 427 / 500
FINISHED 29 algorithm_1 completed 463.1287
RESOLVED 29 algorithm_1 new
START 31 algorithm_1
PROGRESS 428 / 500 priority algorithm_1 active [(25, 'algorithm_1'), (28, 'algorithm_1'), (30, 'algorithm_1'), (31, 'algorithm_1')]
PROGRESS 428 / 500 priority algorithm_1 active [(25, 'algorithm_1'), (28, 'algorithm_1'), (30, 'algorithm_1'), (31, 'algorithm_1')]
PROGRESS 428 / 500 priority algorithm_1 active [(25, 'algorithm_1'), (28, 'algorithm_1'), (30, 'algorithm_1'), (31, 'algorithm_1')]
PROGRESS 428 / 500 priority algorithm_1 active [(25, 'algorithm_1'), (28, 'algorithm_1'), (30, 'algorithm_1'), (31, 'algorithm_1')]
PROGRESS 428 / 500 priority algorithm_1 active [(25, 'algorithm_1'), (28, 'algorithm_1'), (30, 'algorithm_1'), (31, 'algorithm_1')]
PROGRESS 428 / 500 priority algorithm_1 active [(25, 'algorithm_1'), (28, 'algorithm_1'), (30, 'algorithm_1'), (31, 'algorithm_1')]
PROGRESS 428 / 500 priority algorithm_1 active [(25, 'algorithm_1'), (28, 'algorithm_1'), (30, 'algorithm_1'), (31, 'algorithm_1')]
PROGRESS 428 / 500 priority algorithm_1 active [(25, 'algorithm_1'), (28, 'algorithm_1'), (30, 'algorithm_1'), (31, 'algorithm_1')]
PROGRESS 428 / 500 priority algorithm_1 active [(25, 'algorithm_1'), (28, 'algorithm_1'), (30, 'algorithm_1'), (31, 'algorithm_1')]
PROGRESS 428 / 500 priority algorithm_1 active [(25, 'algorithm_1'), (28, 'algorithm_1'), (30, 'algorithm_1'), (31, 'algorithm_1')]
running 428 / 500
PROGRESS 428 / 500 priority algorithm_1 active [(25, 'algorithm_1'), (28, 'algorithm_1'), (30, 'algorithm_1'), (31, 'algorithm_1')]
PROGRESS 428 / 500 priority algorithm_1 active [(25, 'algorithm_1'), (28, 'algorithm_1'), (30, 'algorithm_1'), (31, 'algorithm_1')]
PROGRESS 428 / 500 priority algorithm_1 active [(25, 'algorithm_1'), (28, 'algorithm_1'), (30, 'algorithm_1'), (31, 'algorithm_1')]
PROGRESS 428 / 500 priority algorithm_1 active [(25, 'algorithm_1'), (28, 'algorithm_1'), (30, 'algorithm_1'), (31, 'algorithm_1')]
PROGRESS 428 / 500 priority algorithm_1 active [(25, 'algorithm_1'), (28, 'algorithm_1'), (30, 'algorithm_1'), (31, 'algorithm_1')]
PROGRESS 428 / 500 priority algorithm_1 active [(25, 'algorithm_1'), (28, 'algorithm_1'), (30, 'algorithm_1'), (31, 'algorithm_1')]
PROGRESS 428 / 500 priority algorithm_1 active [(25, 'algorithm_1'), (28, 'algorithm_1'), (30, 'algorithm_1'), (31, 'algorithm_1')]
PROGRESS 428 / 500 priority algorithm_1 active [(25, 'algorithm_1'), (28, 'algorithm_1'), (30, 'algorithm_1'), (31, 'algorithm_1')]
PROGRESS 428 / 500 priority algorithm_1 active [(25, 'algorithm_1'), (28, 'algorithm_1'), (30, 'algorithm_1'), (31, 'algorithm_1')]
PROGRESS 428 / 500 priority algorithm_1 active [(25, 'algorithm_1'), (28, 'algorithm_1'), (30, 'algorithm_1'), (31, 'algorithm_1')]
running 428 / 500
PROGRESS 428 / 500 priority algorithm_1 active [(25, 'algorithm_1'), (28, 'algorithm_1'), (30, 'algorithm_1'), (31, 'algorithm_1')]
PROGRESS 428 / 500 priority algorithm_1 active [(25, 'algorithm_1'), (28, 'algorithm_1'), (30, 'algorithm_1'), (31, 'algorithm_1')]
PROGRESS 428 / 500 priority algorithm_1 active [(25, 'algorithm_1'), (28, 'algorithm_1'), (30, 'algorithm_1'), (31, 'algorithm_1')]
PROGRESS 428 / 500 priority algorithm_1 active [(25, 'algorithm_1'), (28, 'algorithm_1'), (30, 'algorithm_1'), (31, 'algorithm_1')]
PROGRESS 428 / 500 priority algorithm_1 active [(25, 'algorithm_1'), (28, 'algorithm_1'), (30, 'algorithm_1'), (31, 'algorithm_1')]
PROGRESS 428 / 500 priority algorithm_1 active [(25, 'algorithm_1'), (28, 'algorithm_1'), (30, 'algorithm_1'), (31, 'algorithm_1')]
PROGRESS 428 / 500 priority algorithm_1 active [(25, 'algorithm_1'), (28, 'algorithm_1'), (30, 'algorithm_1'), (31, 'algorithm_1')]
PROGRESS 428 / 500 priority algorithm_1 active [(25, 'algorithm_1'), (28, 'algorithm_1'), (30, 'algorithm_1'), (31, 'algorithm_1')]
PROGRESS 428 / 500 priority algorithm_1 active [(25, 'algorithm_1'), (28, 'algorithm_1'), (30, 'algorithm_1'), (31, 'algorithm_1')]
PROGRESS 428 / 500 priority algorithm_1 active [(25, 'algorithm_1'), (28, 'algorithm_1'), (30, 'algorithm_1'), (31, 'algorithm_1')]
running 428 / 500
PROGRESS 428 / 500 priority algorithm_1 active [(25, 'algorithm_1'), (28, 'algorithm_1'), (30, 'algorithm_1'), (31, 'algorithm_1')]
PROGRESS 428 / 500 priority algorithm_1 active [(25, 'algorithm_1'), (28, 'algorithm_1'), (30, 'algorithm_1'), (31, 'algorithm_1')]
PROGRESS 428 / 500 priority algorithm_1 active [(25, 'algorithm_1'), (28, 'algorithm_1'), (30, 'algorithm_1'), (31, 'algorithm_1')]
PROGRESS 428 / 500 priority algorithm_1 active [(25, 'algorithm_1'), (28, 'algorithm_1'), (30, 'algorithm_1'), (31, 'algorithm_1')]
PROGRESS 428 / 500 priority algorithm_1 active [(25, 'algorithm_1'), (28, 'algorithm_1'), (30, 'algorithm_1'), (31, 'algorithm_1')]
PROGRESS 428 / 500 priority algorithm_1 active [(25, 'algorithm_1'), (28, 'algorithm_1'), (30, 'algorithm_1'), (31, 'algorithm_1')]
PROGRESS 428 / 500 priority algorithm_1 active [(25, 'algorithm_1'), (28, 'algorithm_1'), (30, 'algorithm_1'), (31, 'algorithm_1')]
PROGRESS 428 / 500 priority algorithm_1 active [(25, 'algorithm_1'), (28, 'algorithm_1'), (30, 'algorithm_1'), (31, 'algorithm_1')]
PROGRESS 428 / 500 priority algorithm_1 active [(25, 'algorithm_1'), (28, 'algorithm_1'), (30, 'algorithm_1'), (31, 'algorithm_1')]
PROGRESS 428 / 500 priority algorithm_1 active [(25, 'algorithm_1'), (28, 'algorithm_1'), (30, 'algorithm_1'), (31, 'algorithm_1')]
running 428 / 500
PROGRESS 428 / 500 priority algorithm_1 active [(25, 'algorithm_1'), (28, 'algorithm_1'), (30, 'algorithm_1'), (31, 'algorithm_1')]
PROGRESS 428 / 500 priority algorithm_1 active [(25, 'algorithm_1'), (28, 'algorithm_1'), (30, 'algorithm_1'), (31, 'algorithm_1')]
PROGRESS 428 / 500 priority algorithm_1 active [(25, 'algorithm_1'), (28, 'algorithm_1'), (30, 'algorithm_1'), (31, 'algorithm_1')]
PROGRESS 428 / 500 priority algorithm_1 active [(25, 'algorithm_1'), (28, 'algorithm_1'), (30, 'algorithm_1'), (31, 'algorithm_1')]
PROGRESS 428 / 500 priority algorithm_1 active [(25, 'algorithm_1'), (28, 'algorithm_1'), (30, 'algorithm_1'), (31, 'algorithm_1')]
PROGRESS 428 / 500 priority algorithm_1 active [(25, 'algorithm_1'), (28, 'algorithm_1'), (30, 'algorithm_1'), (31, 'algorithm_1')]
PROGRESS 428 / 500 priority algorithm_1 active [(25, 'algorithm_1'), (28, 'algorithm_1'), (30, 'algorithm_1'), (31, 'algorithm_1')]
PROGRESS 428 / 500 priority algorithm_1 active [(25, 'algorithm_1'), (28, 'algorithm_1'), (30, 'algorithm_1'), (31, 'algorithm_1')]
FINISHED 28 algorithm_1 completed 1948.979072
RESOLVED 28 algorithm_1 new
START 32 algorithm_1
PROGRESS 429 / 500 priority algorithm_1 active [(25, 'algorithm_1'), (30, 'algorithm_1'), (31, 'algorithm_1'), (32, 'algorithm_1')]
PROGRESS 429 / 500 priority algorithm_1 active [(25, 'algorithm_1'), (30, 'algorithm_1'), (31, 'algorithm_1'), (32, 'algorithm_1')]
PROGRESS 429 / 500 priority algorithm_1 active [(25, 'algorithm_1'), (30, 'algorithm_1'), (31, 'algorithm_1'), (32, 'algorithm_1')]
running 429 / 500
PROGRESS 429 / 500 priority algorithm_1 active [(25, 'algorithm_1'), (30, 'algorithm_1'), (31, 'algorithm_1'), (32, 'algorithm_1')]
PROGRESS 429 / 500 priority algorithm_1 active [(25, 'algorithm_1'), (30, 'algorithm_1'), (31, 'algorithm_1'), (32, 'algorithm_1')]
PROGRESS 429 / 500 priority algorithm_1 active [(25, 'algorithm_1'), (30, 'algorithm_1'), (31, 'algorithm_1'), (32, 'algorithm_1')]
PROGRESS 429 / 500 priority algorithm_1 active [(25, 'algorithm_1'), (30, 'algorithm_1'), (31, 'algorithm_1'), (32, 'algorithm_1')]
PROGRESS 429 / 500 priority algorithm_1 active [(25, 'algorithm_1'), (30, 'algorithm_1'), (31, 'algorithm_1'), (32, 'algorithm_1')]
PROGRESS 429 / 500 priority algorithm_1 active [(25, 'algorithm_1'), (30, 'algorithm_1'), (31, 'algorithm_1'), (32, 'algorithm_1')]
PROGRESS 429 / 500 priority algorithm_1 active [(25, 'algorithm_1'), (30, 'algorithm_1'), (31, 'algorithm_1'), (32, 'algorithm_1')]
PROGRESS 429 / 500 priority algorithm_1 active [(25, 'algorithm_1'), (30, 'algorithm_1'), (31, 'algorithm_1'), (32, 'algorithm_1')]
PROGRESS 429 / 500 priority algorithm_1 active [(25, 'algorithm_1'), (30, 'algorithm_1'), (31, 'algorithm_1'), (32, 'algorithm_1')]
PROGRESS 429 / 500 priority algorithm_1 active [(25, 'algorithm_1'), (30, 'algorithm_1'), (31, 'algorithm_1'), (32, 'algorithm_1')]
running 429 / 500
FINISHED 25 algorithm_1 completed 4056.249242
RESOLVED 25 algorithm_1 adopted
START 33 algorithm_1
PROGRESS 430 / 500 priority algorithm_1 active [(30, 'algorithm_1'), (31, 'algorithm_1'), (32, 'algorithm_1'), (33, 'algorithm_1')]
PROGRESS 430 / 500 priority algorithm_1 active [(30, 'algorithm_1'), (31, 'algorithm_1'), (32, 'algorithm_1'), (33, 'algorithm_1')]
PROGRESS 430 / 500 priority algorithm_1 active [(30, 'algorithm_1'), (31, 'algorithm_1'), (32, 'algorithm_1'), (33, 'algorithm_1')]
PROGRESS 430 / 500 priority algorithm_1 active [(30, 'algorithm_1'), (31, 'algorithm_1'), (32, 'algorithm_1'), (33, 'algorithm_1')]
PROGRESS 430 / 500 priority algorithm_1 active [(30, 'algorithm_1'), (31, 'algorithm_1'), (32, 'algorithm_1'), (33, 'algorithm_1')]
FINISHED 30 algorithm_1 completed 2323.523766
RESOLVED 30 algorithm_1 new
START 34 algorithm_1
PROGRESS 431 / 500 priority algorithm_1 active [(31, 'algorithm_1'), (32, 'algorithm_1'), (33, 'algorithm_1'), (34, 'algorithm_1')]
PROGRESS 431 / 500 priority algorithm_1 active [(31, 'algorithm_1'), (32, 'algorithm_1'), (33, 'algorithm_1'), (34, 'algorithm_1')]
PROGRESS 431 / 500 priority algorithm_1 active [(31, 'algorithm_1'), (32, 'algorithm_1'), (33, 'algorithm_1'), (34, 'algorithm_1')]
PROGRESS 431 / 500 priority algorithm_1 active [(31, 'algorithm_1'), (32, 'algorithm_1'), (33, 'algorithm_1'), (34, 'algorithm_1')]
PROGRESS 431 / 500 priority algorithm_1 active [(31, 'algorithm_1'), (32, 'algorithm_1'), (33, 'algorithm_1'), (34, 'algorithm_1')]
PROGRESS 431 / 500 priority algorithm_1 active [(31, 'algorithm_1'), (32, 'algorithm_1'), (33, 'algorithm_1'), (34, 'algorithm_1')]
running 431 / 500
PROGRESS 431 / 500 priority algorithm_1 active [(31, 'algorithm_1'), (32, 'algorithm_1'), (33, 'algorithm_1'), (34, 'algorithm_1')]
PROGRESS 431 / 500 priority algorithm_1 active [(31, 'algorithm_1'), (32, 'algorithm_1'), (33, 'algorithm_1'), (34, 'algorithm_1')]
PROGRESS 431 / 500 priority algorithm_1 active [(31, 'algorithm_1'), (32, 'algorithm_1'), (33, 'algorithm_1'), (34, 'algorithm_1')]
PROGRESS 431 / 500 priority algorithm_1 active [(31, 'algorithm_1'), (32, 'algorithm_1'), (33, 'algorithm_1'), (34, 'algorithm_1')]
PROGRESS 431 / 500 priority algorithm_1 active [(31, 'algorithm_1'), (32, 'algorithm_1'), (33, 'algorithm_1'), (34, 'algorithm_1')]
FINISHED 34 algorithm_1 completed 319.344899
RESOLVED 34 algorithm_1 new
START 35 algorithm_1
PROGRESS 432 / 500 priority algorithm_1 active [(31, 'algorithm_1'), (32, 'algorithm_1'), (33, 'algorithm_1'), (35, 'algorithm_1')]
PROGRESS 432 / 500 priority algorithm_1 active [(31, 'algorithm_1'), (32, 'algorithm_1'), (33, 'algorithm_1'), (35, 'algorithm_1')]
FINISHED 33 algorithm_1 completed 500.044173
RESOLVED 33 algorithm_1 new
START 36 algorithm_1
PROGRESS 433 / 500 priority algorithm_1 active [(31, 'algorithm_1'), (32, 'algorithm_1'), (35, 'algorithm_1'), (36, 'algorithm_1')]
PROGRESS 433 / 500 priority algorithm_1 active [(31, 'algorithm_1'), (32, 'algorithm_1'), (35, 'algorithm_1'), (36, 'algorithm_1')]
PROGRESS 433 / 500 priority algorithm_1 active [(31, 'algorithm_1'), (32, 'algorithm_1'), (35, 'algorithm_1'), (36, 'algorithm_1')]
FINISHED 32 algorithm_1 completed 979.300629
RESOLVED 32 algorithm_1 new
START 37 algorithm_1
PROGRESS 434 / 500 priority algorithm_1 active [(31, 'algorithm_1'), (35, 'algorithm_1'), (36, 'algorithm_1'), (37, 'algorithm_1')]
PROGRESS 434 / 500 priority algorithm_1 active [(31, 'algorithm_1'), (35, 'algorithm_1'), (36, 'algorithm_1'), (37, 'algorithm_1')]
running 434 / 500
PROGRESS 434 / 500 priority algorithm_1 active [(31, 'algorithm_1'), (35, 'algorithm_1'), (36, 'algorithm_1'), (37, 'algorithm_1')]
PROGRESS 434 / 500 priority algorithm_1 active [(31, 'algorithm_1'), (35, 'algorithm_1'), (36, 'algorithm_1'), (37, 'algorithm_1')]
PROGRESS 434 / 500 priority algorithm_1 active [(31, 'algorithm_1'), (35, 'algorithm_1'), (36, 'algorithm_1'), (37, 'algorithm_1')]
PROGRESS 434 / 500 priority algorithm_1 active [(31, 'algorithm_1'), (35, 'algorithm_1'), (36, 'algorithm_1'), (37, 'algorithm_1')]
PROGRESS 434 / 500 priority algorithm_1 active [(31, 'algorithm_1'), (35, 'algorithm_1'), (36, 'algorithm_1'), (37, 'algorithm_1')]
PROGRESS 434 / 500 priority algorithm_1 active [(31, 'algorithm_1'), (35, 'algorithm_1'), (36, 'algorithm_1'), (37, 'algorithm_1')]
PROGRESS 434 / 500 priority algorithm_1 active [(31, 'algorithm_1'), (35, 'algorithm_1'), (36, 'algorithm_1'), (37, 'algorithm_1')]
PROGRESS 434 / 500 priority algorithm_1 active [(31, 'algorithm_1'), (35, 'algorithm_1'), (36, 'algorithm_1'), (37, 'algorithm_1')]
PROGRESS 434 / 500 priority algorithm_1 active [(31, 'algorithm_1'), (35, 'algorithm_1'), (36, 'algorithm_1'), (37, 'algorithm_1')]
PROGRESS 434 / 500 priority algorithm_1 active [(31, 'algorithm_1'), (35, 'algorithm_1'), (36, 'algorithm_1'), (37, 'algorithm_1')]
running 434 / 500
PROGRESS 434 / 500 priority algorithm_1 active [(31, 'algorithm_1'), (35, 'algorithm_1'), (36, 'algorithm_1'), (37, 'algorithm_1')]
PROGRESS 434 / 500 priority algorithm_1 active [(31, 'algorithm_1'), (35, 'algorithm_1'), (36, 'algorithm_1'), (37, 'algorithm_1')]
PROGRESS 434 / 500 priority algorithm_1 active [(31, 'algorithm_1'), (35, 'algorithm_1'), (36, 'algorithm_1'), (37, 'algorithm_1')]
PROGRESS 434 / 500 priority algorithm_1 active [(31, 'algorithm_1'), (35, 'algorithm_1'), (36, 'algorithm_1'), (37, 'algorithm_1')]
PROGRESS 434 / 500 priority algorithm_1 active [(31, 'algorithm_1'), (35, 'algorithm_1'), (36, 'algorithm_1'), (37, 'algorithm_1')]
PROGRESS 434 / 500 priority algorithm_1 active [(31, 'algorithm_1'), (35, 'algorithm_1'), (36, 'algorithm_1'), (37, 'algorithm_1')]
FINISHED 35 algorithm_1 completed 666.223591
RESOLVED 35 algorithm_1 new
START 38 algorithm_1
PROGRESS 435 / 500 priority algorithm_1 active [(31, 'algorithm_1'), (36, 'algorithm_1'), (37, 'algorithm_1'), (38, 'algorithm_1')]
FINISHED 36 algorithm_1 completed 662.060894
RESOLVED 36 algorithm_1 new
START 39 algorithm_1
PROGRESS 436 / 500 priority algorithm_1 active [(31, 'algorithm_1'), (37, 'algorithm_1'), (38, 'algorithm_1'), (39, 'algorithm_1')]
PROGRESS 436 / 500 priority algorithm_1 active [(31, 'algorithm_1'), (37, 'algorithm_1'), (38, 'algorithm_1'), (39, 'algorithm_1')]
PROGRESS 436 / 500 priority algorithm_1 active [(31, 'algorithm_1'), (37, 'algorithm_1'), (38, 'algorithm_1'), (39, 'algorithm_1')]
PROGRESS 436 / 500 priority algorithm_1 active [(31, 'algorithm_1'), (37, 'algorithm_1'), (38, 'algorithm_1'), (39, 'algorithm_1')]
running 436 / 500
PROGRESS 436 / 500 priority algorithm_1 active [(31, 'algorithm_1'), (37, 'algorithm_1'), (38, 'algorithm_1'), (39, 'algorithm_1')]
PROGRESS 436 / 500 priority algorithm_1 active [(31, 'algorithm_1'), (37, 'algorithm_1'), (38, 'algorithm_1'), (39, 'algorithm_1')]
PROGRESS 436 / 500 priority algorithm_1 active [(31, 'algorithm_1'), (37, 'algorithm_1'), (38, 'algorithm_1'), (39, 'algorithm_1')]
PROGRESS 436 / 500 priority algorithm_1 active [(31, 'algorithm_1'), (37, 'algorithm_1'), (38, 'algorithm_1'), (39, 'algorithm_1')]
PROGRESS 436 / 500 priority algorithm_1 active [(31, 'algorithm_1'), (37, 'algorithm_1'), (38, 'algorithm_1'), (39, 'algorithm_1')]
PROGRESS 436 / 500 priority algorithm_1 active [(31, 'algorithm_1'), (37, 'algorithm_1'), (38, 'algorithm_1'), (39, 'algorithm_1')]
PROGRESS 436 / 500 priority algorithm_1 active [(31, 'algorithm_1'), (37, 'algorithm_1'), (38, 'algorithm_1'), (39, 'algorithm_1')]
PROGRESS 436 / 500 priority algorithm_1 active [(31, 'algorithm_1'), (37, 'algorithm_1'), (38, 'algorithm_1'), (39, 'algorithm_1')]
PROGRESS 436 / 500 priority algorithm_1 active [(31, 'algorithm_1'), (37, 'algorithm_1'), (38, 'algorithm_1'), (39, 'algorithm_1')]
PROGRESS 436 / 500 priority algorithm_1 active [(31, 'algorithm_1'), (37, 'algorithm_1'), (38, 'algorithm_1'), (39, 'algorithm_1')]
running 436 / 500
PROGRESS 436 / 500 priority algorithm_1 active [(31, 'algorithm_1'), (37, 'algorithm_1'), (38, 'algorithm_1'), (39, 'algorithm_1')]
PROGRESS 436 / 500 priority algorithm_1 active [(31, 'algorithm_1'), (37, 'algorithm_1'), (38, 'algorithm_1'), (39, 'algorithm_1')]
PROGRESS 436 / 500 priority algorithm_1 active [(31, 'algorithm_1'), (37, 'algorithm_1'), (38, 'algorithm_1'), (39, 'algorithm_1')]
PROGRESS 436 / 500 priority algorithm_1 active [(31, 'algorithm_1'), (37, 'algorithm_1'), (38, 'algorithm_1'), (39, 'algorithm_1')]
PROGRESS 436 / 500 priority algorithm_1 active [(31, 'algorithm_1'), (37, 'algorithm_1'), (38, 'algorithm_1'), (39, 'algorithm_1')]
PROGRESS 436 / 500 priority algorithm_1 active [(31, 'algorithm_1'), (37, 'algorithm_1'), (38, 'algorithm_1'), (39, 'algorithm_1')]
PROGRESS 436 / 500 priority algorithm_1 active [(31, 'algorithm_1'), (37, 'algorithm_1'), (38, 'algorithm_1'), (39, 'algorithm_1')]
PROGRESS 436 / 500 priority algorithm_1 active [(31, 'algorithm_1'), (37, 'algorithm_1'), (38, 'algorithm_1'), (39, 'algorithm_1')]
PROGRESS 436 / 500 priority algorithm_1 active [(31, 'algorithm_1'), (37, 'algorithm_1'), (38, 'algorithm_1'), (39, 'algorithm_1')]
PROGRESS 436 / 500 priority algorithm_1 active [(31, 'algorithm_1'), (37, 'algorithm_1'), (38, 'algorithm_1'), (39, 'algorithm_1')]
running 436 / 500
PROGRESS 436 / 500 priority algorithm_1 active [(31, 'algorithm_1'), (37, 'algorithm_1'), (38, 'algorithm_1'), (39, 'algorithm_1')]
PROGRESS 436 / 500 priority algorithm_1 active [(31, 'algorithm_1'), (37, 'algorithm_1'), (38, 'algorithm_1'), (39, 'algorithm_1')]
PROGRESS 436 / 500 priority algorithm_1 active [(31, 'algorithm_1'), (37, 'algorithm_1'), (38, 'algorithm_1'), (39, 'algorithm_1')]
PROGRESS 436 / 500 priority algorithm_1 active [(31, 'algorithm_1'), (37, 'algorithm_1'), (38, 'algorithm_1'), (39, 'algorithm_1')]
PROGRESS 436 / 500 priority algorithm_1 active [(31, 'algorithm_1'), (37, 'algorithm_1'), (38, 'algorithm_1'), (39, 'algorithm_1')]
PROGRESS 436 / 500 priority algorithm_1 active [(31, 'algorithm_1'), (37, 'algorithm_1'), (38, 'algorithm_1'), (39, 'algorithm_1')]
PROGRESS 436 / 500 priority algorithm_1 active [(31, 'algorithm_1'), (37, 'algorithm_1'), (38, 'algorithm_1'), (39, 'algorithm_1')]
PROGRESS 436 / 500 priority algorithm_1 active [(31, 'algorithm_1'), (37, 'algorithm_1'), (38, 'algorithm_1'), (39, 'algorithm_1')]
PROGRESS 436 / 500 priority algorithm_1 active [(31, 'algorithm_1'), (37, 'algorithm_1'), (38, 'algorithm_1'), (39, 'algorithm_1')]
PROGRESS 436 / 500 priority algorithm_1 active [(31, 'algorithm_1'), (37, 'algorithm_1'), (38, 'algorithm_1'), (39, 'algorithm_1')]
running 436 / 500
PROGRESS 436 / 500 priority algorithm_1 active [(31, 'algorithm_1'), (37, 'algorithm_1'), (38, 'algorithm_1'), (39, 'algorithm_1')]
PROGRESS 436 / 500 priority algorithm_1 active [(31, 'algorithm_1'), (37, 'algorithm_1'), (38, 'algorithm_1'), (39, 'algorithm_1')]
FINISHED 37 algorithm_1 completed 1654.13515
RESOLVED 37 algorithm_1 new
START 40 algorithm_1
PROGRESS 437 / 500 priority algorithm_1 active [(31, 'algorithm_1'), (38, 'algorithm_1'), (39, 'algorithm_1'), (40, 'algorithm_1')]
PROGRESS 437 / 500 priority algorithm_1 active [(31, 'algorithm_1'), (38, 'algorithm_1'), (39, 'algorithm_1'), (40, 'algorithm_1')]
PROGRESS 437 / 500 priority algorithm_1 active [(31, 'algorithm_1'), (38, 'algorithm_1'), (39, 'algorithm_1'), (40, 'algorithm_1')]
PROGRESS 437 / 500 priority algorithm_1 active [(31, 'algorithm_1'), (38, 'algorithm_1'), (39, 'algorithm_1'), (40, 'algorithm_1')]
PROGRESS 437 / 500 priority algorithm_1 active [(31, 'algorithm_1'), (38, 'algorithm_1'), (39, 'algorithm_1'), (40, 'algorithm_1')]
PROGRESS 437 / 500 priority algorithm_1 active [(31, 'algorithm_1'), (38, 'algorithm_1'), (39, 'algorithm_1'), (40, 'algorithm_1')]
PROGRESS 437 / 500 priority algorithm_1 active [(31, 'algorithm_1'), (38, 'algorithm_1'), (39, 'algorithm_1'), (40, 'algorithm_1')]
PROGRESS 437 / 500 priority algorithm_1 active [(31, 'algorithm_1'), (38, 'algorithm_1'), (39, 'algorithm_1'), (40, 'algorithm_1')]
PROGRESS 437 / 500 priority algorithm_1 active [(31, 'algorithm_1'), (38, 'algorithm_1'), (39, 'algorithm_1'), (40, 'algorithm_1')]
running 437 / 500
PROGRESS 437 / 500 priority algorithm_1 active [(31, 'algorithm_1'), (38, 'algorithm_1'), (39, 'algorithm_1'), (40, 'algorithm_1')]
PROGRESS 437 / 500 priority algorithm_1 active [(31, 'algorithm_1'), (38, 'algorithm_1'), (39, 'algorithm_1'), (40, 'algorithm_1')]
FINISHED 40 algorithm_1 completed 315.673358
RESOLVED 40 algorithm_1 new
START 41 algorithm_1
PROGRESS 438 / 500 priority algorithm_1 active [(31, 'algorithm_1'), (38, 'algorithm_1'), (39, 'algorithm_1'), (41, 'algorithm_1')]
PROGRESS 438 / 500 priority algorithm_1 active [(31, 'algorithm_1'), (38, 'algorithm_1'), (39, 'algorithm_1'), (41, 'algorithm_1')]
PROGRESS 438 / 500 priority algorithm_1 active [(31, 'algorithm_1'), (38, 'algorithm_1'), (39, 'algorithm_1'), (41, 'algorithm_1')]
FINISHED 31 algorithm_1 completed 4503.879718
RESOLVED 31 algorithm_1 new
START 42 algorithm_1
PROGRESS 439 / 500 priority algorithm_1 active [(38, 'algorithm_1'), (39, 'algorithm_1'), (41, 'algorithm_1'), (42, 'algorithm_1')]
PROGRESS 439 / 500 priority algorithm_1 active [(38, 'algorithm_1'), (39, 'algorithm_1'), (41, 'algorithm_1'), (42, 'algorithm_1')]
PROGRESS 439 / 500 priority algorithm_1 active [(38, 'algorithm_1'), (39, 'algorithm_1'), (41, 'algorithm_1'), (42, 'algorithm_1')]
PROGRESS 439 / 500 priority algorithm_1 active [(38, 'algorithm_1'), (39, 'algorithm_1'), (41, 'algorithm_1'), (42, 'algorithm_1')]
PROGRESS 439 / 500 priority algorithm_1 active [(38, 'algorithm_1'), (39, 'algorithm_1'), (41, 'algorithm_1'), (42, 'algorithm_1')]
PROGRESS 439 / 500 priority algorithm_1 active [(38, 'algorithm_1'), (39, 'algorithm_1'), (41, 'algorithm_1'), (42, 'algorithm_1')]
PROGRESS 439 / 500 priority algorithm_1 active [(38, 'algorithm_1'), (39, 'algorithm_1'), (41, 'algorithm_1'), (42, 'algorithm_1')]
running 439 / 500
PROGRESS 439 / 500 priority algorithm_1 active [(38, 'algorithm_1'), (39, 'algorithm_1'), (41, 'algorithm_1'), (42, 'algorithm_1')]
PROGRESS 439 / 500 priority algorithm_1 active [(38, 'algorithm_1'), (39, 'algorithm_1'), (41, 'algorithm_1'), (42, 'algorithm_1')]
FINISHED 39 algorithm_1 completed 1731.208167
RESOLVED 39 algorithm_1 new
START 43 algorithm_1
PROGRESS 440 / 500 priority algorithm_1 active [(38, 'algorithm_1'), (41, 'algorithm_1'), (42, 'algorithm_1'), (43, 'algorithm_1')]
PROGRESS 440 / 500 priority algorithm_1 active [(38, 'algorithm_1'), (41, 'algorithm_1'), (42, 'algorithm_1'), (43, 'algorithm_1')]
PROGRESS 440 / 500 priority algorithm_1 active [(38, 'algorithm_1'), (41, 'algorithm_1'), (42, 'algorithm_1'), (43, 'algorithm_1')]
PROGRESS 440 / 500 priority algorithm_1 active [(38, 'algorithm_1'), (41, 'algorithm_1'), (42, 'algorithm_1'), (43, 'algorithm_1')]
PROGRESS 440 / 500 priority algorithm_1 active [(38, 'algorithm_1'), (41, 'algorithm_1'), (42, 'algorithm_1'), (43, 'algorithm_1')]
FINISHED 42 algorithm_1 completed 389.69936
RESOLVED 42 algorithm_1 new
START 44 algorithm_1
PROGRESS 441 / 500 priority algorithm_1 active [(38, 'algorithm_1'), (41, 'algorithm_1'), (43, 'algorithm_1'), (44, 'algorithm_1')]
PROGRESS 441 / 500 priority algorithm_1 active [(38, 'algorithm_1'), (41, 'algorithm_1'), (43, 'algorithm_1'), (44, 'algorithm_1')]
PROGRESS 441 / 500 priority algorithm_1 active [(38, 'algorithm_1'), (41, 'algorithm_1'), (43, 'algorithm_1'), (44, 'algorithm_1')]
PROGRESS 441 / 500 priority algorithm_1 active [(38, 'algorithm_1'), (41, 'algorithm_1'), (43, 'algorithm_1'), (44, 'algorithm_1')]
PROGRESS 441 / 500 priority algorithm_1 active [(38, 'algorithm_1'), (41, 'algorithm_1'), (43, 'algorithm_1'), (44, 'algorithm_1')]
running 441 / 500
PROGRESS 441 / 500 priority algorithm_1 active [(38, 'algorithm_1'), (41, 'algorithm_1'), (43, 'algorithm_1'), (44, 'algorithm_1')]
PROGRESS 441 / 500 priority algorithm_1 active [(38, 'algorithm_1'), (41, 'algorithm_1'), (43, 'algorithm_1'), (44, 'algorithm_1')]
PROGRESS 441 / 500 priority algorithm_1 active [(38, 'algorithm_1'), (41, 'algorithm_1'), (43, 'algorithm_1'), (44, 'algorithm_1')]
PROGRESS 441 / 500 priority algorithm_1 active [(38, 'algorithm_1'), (41, 'algorithm_1'), (43, 'algorithm_1'), (44, 'algorithm_1')]
PROGRESS 441 / 500 priority algorithm_1 active [(38, 'algorithm_1'), (41, 'algorithm_1'), (43, 'algorithm_1'), (44, 'algorithm_1')]
FINISHED 41 algorithm_1 completed 739.773813
RESOLVED 41 algorithm_1 new
START 45 algorithm_1
PROGRESS 442 / 500 priority algorithm_1 active [(38, 'algorithm_1'), (43, 'algorithm_1'), (44, 'algorithm_1'), (45, 'algorithm_1')]
PROGRESS 442 / 500 priority algorithm_1 active [(38, 'algorithm_1'), (43, 'algorithm_1'), (44, 'algorithm_1'), (45, 'algorithm_1')]
PROGRESS 442 / 500 priority algorithm_1 active [(38, 'algorithm_1'), (43, 'algorithm_1'), (44, 'algorithm_1'), (45, 'algorithm_1')]
PROGRESS 442 / 500 priority algorithm_1 active [(38, 'algorithm_1'), (43, 'algorithm_1'), (44, 'algorithm_1'), (45, 'algorithm_1')]
FINISHED 43 algorithm_1 completed 503.825011
RESOLVED 43 algorithm_1 new
START 46 algorithm_1
PROGRESS 443 / 500 priority algorithm_1 active [(38, 'algorithm_1'), (44, 'algorithm_1'), (45, 'algorithm_1'), (46, 'algorithm_1')]
PROGRESS 443 / 500 priority algorithm_1 active [(38, 'algorithm_1'), (44, 'algorithm_1'), (45, 'algorithm_1'), (46, 'algorithm_1')]
PROGRESS 443 / 500 priority algorithm_1 active [(38, 'algorithm_1'), (44, 'algorithm_1'), (45, 'algorithm_1'), (46, 'algorithm_1')]
running 443 / 500
PROGRESS 443 / 500 priority algorithm_1 active [(38, 'algorithm_1'), (44, 'algorithm_1'), (45, 'algorithm_1'), (46, 'algorithm_1')]
PROGRESS 443 / 500 priority algorithm_1 active [(38, 'algorithm_1'), (44, 'algorithm_1'), (45, 'algorithm_1'), (46, 'algorithm_1')]
PROGRESS 443 / 500 priority algorithm_1 active [(38, 'algorithm_1'), (44, 'algorithm_1'), (45, 'algorithm_1'), (46, 'algorithm_1')]
PROGRESS 443 / 500 priority algorithm_1 active [(38, 'algorithm_1'), (44, 'algorithm_1'), (45, 'algorithm_1'), (46, 'algorithm_1')]
PROGRESS 443 / 500 priority algorithm_1 active [(38, 'algorithm_1'), (44, 'algorithm_1'), (45, 'algorithm_1'), (46, 'algorithm_1')]
PROGRESS 443 / 500 priority algorithm_1 active [(38, 'algorithm_1'), (44, 'algorithm_1'), (45, 'algorithm_1'), (46, 'algorithm_1')]
PROGRESS 443 / 500 priority algorithm_1 active [(38, 'algorithm_1'), (44, 'algorithm_1'), (45, 'algorithm_1'), (46, 'algorithm_1')]
PROGRESS 443 / 500 priority algorithm_1 active [(38, 'algorithm_1'), (44, 'algorithm_1'), (45, 'algorithm_1'), (46, 'algorithm_1')]
PROGRESS 443 / 500 priority algorithm_1 active [(38, 'algorithm_1'), (44, 'algorithm_1'), (45, 'algorithm_1'), (46, 'algorithm_1')]
PROGRESS 443 / 500 priority algorithm_1 active [(38, 'algorithm_1'), (44, 'algorithm_1'), (45, 'algorithm_1'), (46, 'algorithm_1')]
running 443 / 500
PROGRESS 443 / 500 priority algorithm_1 active [(38, 'algorithm_1'), (44, 'algorithm_1'), (45, 'algorithm_1'), (46, 'algorithm_1')]
PROGRESS 443 / 500 priority algorithm_1 active [(38, 'algorithm_1'), (44, 'algorithm_1'), (45, 'algorithm_1'), (46, 'algorithm_1')]
PROGRESS 443 / 500 priority algorithm_1 active [(38, 'algorithm_1'), (44, 'algorithm_1'), (45, 'algorithm_1'), (46, 'algorithm_1')]
PROGRESS 443 / 500 priority algorithm_1 active [(38, 'algorithm_1'), (44, 'algorithm_1'), (45, 'algorithm_1'), (46, 'algorithm_1')]
PROGRESS 443 / 500 priority algorithm_1 active [(38, 'algorithm_1'), (44, 'algorithm_1'), (45, 'algorithm_1'), (46, 'algorithm_1')]
PROGRESS 443 / 500 priority algorithm_1 active [(38, 'algorithm_1'), (44, 'algorithm_1'), (45, 'algorithm_1'), (46, 'algorithm_1')]
PROGRESS 443 / 500 priority algorithm_1 active [(38, 'algorithm_1'), (44, 'algorithm_1'), (45, 'algorithm_1'), (46, 'algorithm_1')]
PROGRESS 443 / 500 priority algorithm_1 active [(38, 'algorithm_1'), (44, 'algorithm_1'), (45, 'algorithm_1'), (46, 'algorithm_1')]
PROGRESS 443 / 500 priority algorithm_1 active [(38, 'algorithm_1'), (44, 'algorithm_1'), (45, 'algorithm_1'), (46, 'algorithm_1')]
PROGRESS 443 / 500 priority algorithm_1 active [(38, 'algorithm_1'), (44, 'algorithm_1'), (45, 'algorithm_1'), (46, 'algorithm_1')]
running 443 / 500
PROGRESS 443 / 500 priority algorithm_1 active [(38, 'algorithm_1'), (44, 'algorithm_1'), (45, 'algorithm_1'), (46, 'algorithm_1')]
PROGRESS 443 / 500 priority algorithm_1 active [(38, 'algorithm_1'), (44, 'algorithm_1'), (45, 'algorithm_1'), (46, 'algorithm_1')]
PROGRESS 443 / 500 priority algorithm_1 active [(38, 'algorithm_1'), (44, 'algorithm_1'), (45, 'algorithm_1'), (46, 'algorithm_1')]
PROGRESS 443 / 500 priority algorithm_1 active [(38, 'algorithm_1'), (44, 'algorithm_1'), (45, 'algorithm_1'), (46, 'algorithm_1')]
PROGRESS 443 / 500 priority algorithm_1 active [(38, 'algorithm_1'), (44, 'algorithm_1'), (45, 'algorithm_1'), (46, 'algorithm_1')]
FINISHED 38 algorithm_1 completed 3104.597844
RESOLVED 38 algorithm_1 new
START 47 algorithm_1
PROGRESS 444 / 500 priority algorithm_1 active [(44, 'algorithm_1'), (45, 'algorithm_1'), (46, 'algorithm_1'), (47, 'algorithm_1')]
PROGRESS 444 / 500 priority algorithm_1 active [(44, 'algorithm_1'), (45, 'algorithm_1'), (46, 'algorithm_1'), (47, 'algorithm_1')]
PROGRESS 444 / 500 priority algorithm_1 active [(44, 'algorithm_1'), (45, 'algorithm_1'), (46, 'algorithm_1'), (47, 'algorithm_1')]
PROGRESS 444 / 500 priority algorithm_1 active [(44, 'algorithm_1'), (45, 'algorithm_1'), (46, 'algorithm_1'), (47, 'algorithm_1')]
PROGRESS 444 / 500 priority algorithm_1 active [(44, 'algorithm_1'), (45, 'algorithm_1'), (46, 'algorithm_1'), (47, 'algorithm_1')]
PROGRESS 444 / 500 priority algorithm_1 active [(44, 'algorithm_1'), (45, 'algorithm_1'), (46, 'algorithm_1'), (47, 'algorithm_1')]
running 444 / 500
PROGRESS 444 / 500 priority algorithm_1 active [(44, 'algorithm_1'), (45, 'algorithm_1'), (46, 'algorithm_1'), (47, 'algorithm_1')]
PROGRESS 444 / 500 priority algorithm_1 active [(44, 'algorithm_1'), (45, 'algorithm_1'), (46, 'algorithm_1'), (47, 'algorithm_1')]
FINISHED 46 algorithm_1 completed 1052.292841
RESOLVED 46 algorithm_1 new
START 48 algorithm_1
PROGRESS 445 / 500 priority algorithm_1 active [(44, 'algorithm_1'), (45, 'algorithm_1'), (47, 'algorithm_1'), (48, 'algorithm_1')]
PROGRESS 445 / 500 priority algorithm_1 active [(44, 'algorithm_1'), (45, 'algorithm_1'), (47, 'algorithm_1'), (48, 'algorithm_1')]
PROGRESS 445 / 500 priority algorithm_1 active [(44, 'algorithm_1'), (45, 'algorithm_1'), (47, 'algorithm_1'), (48, 'algorithm_1')]
FINISHED 48 algorithm_1 completed 85.497981
RESOLVED 48 algorithm_1 new
START 49 algorithm_1
PROGRESS 446 / 500 priority algorithm_1 active [(44, 'algorithm_1'), (45, 'algorithm_1'), (47, 'algorithm_1'), (49, 'algorithm_1')]
PROGRESS 446 / 500 priority algorithm_1 active [(44, 'algorithm_1'), (45, 'algorithm_1'), (47, 'algorithm_1'), (49, 'algorithm_1')]
PROGRESS 446 / 500 priority algorithm_1 active [(44, 'algorithm_1'), (45, 'algorithm_1'), (47, 'algorithm_1'), (49, 'algorithm_1')]
PROGRESS 446 / 500 priority algorithm_1 active [(44, 'algorithm_1'), (45, 'algorithm_1'), (47, 'algorithm_1'), (49, 'algorithm_1')]
PROGRESS 446 / 500 priority algorithm_1 active [(44, 'algorithm_1'), (45, 'algorithm_1'), (47, 'algorithm_1'), (49, 'algorithm_1')]
PROGRESS 446 / 500 priority algorithm_1 active [(44, 'algorithm_1'), (45, 'algorithm_1'), (47, 'algorithm_1'), (49, 'algorithm_1')]
running 446 / 500
FINISHED 47 algorithm_1 completed 467.655177
RESOLVED 47 algorithm_1 new
START 50 algorithm_1
PROGRESS 447 / 500 priority algorithm_1 active [(44, 'algorithm_1'), (45, 'algorithm_1'), (49, 'algorithm_1'), (50, 'algorithm_1')]
FINISHED 49 algorithm_1 completed 187.403113
RESOLVED 49 algorithm_1 new
START 51 algorithm_1
PROGRESS 448 / 500 priority algorithm_1 active [(44, 'algorithm_1'), (45, 'algorithm_1'), (50, 'algorithm_1'), (51, 'algorithm_1')]
FINISHED 44 algorithm_1 completed 1735.053422
RESOLVED 44 algorithm_1 new
START 52 algorithm_1
PROGRESS 449 / 500 priority algorithm_1 active [(45, 'algorithm_1'), (50, 'algorithm_1'), (51, 'algorithm_1'), (52, 'algorithm_1')]
PROGRESS 449 / 500 priority algorithm_1 active [(45, 'algorithm_1'), (50, 'algorithm_1'), (51, 'algorithm_1'), (52, 'algorithm_1')]
PROGRESS 449 / 500 priority algorithm_1 active [(45, 'algorithm_1'), (50, 'algorithm_1'), (51, 'algorithm_1'), (52, 'algorithm_1')]
PROGRESS 449 / 500 priority algorithm_1 active [(45, 'algorithm_1'), (50, 'algorithm_1'), (51, 'algorithm_1'), (52, 'algorithm_1')]
PROGRESS 449 / 500 priority algorithm_1 active [(45, 'algorithm_1'), (50, 'algorithm_1'), (51, 'algorithm_1'), (52, 'algorithm_1')]
FINISHED 45 algorithm_1 completed 1583.5879
RESOLVED 45 algorithm_1 new
START 53 algorithm_1
PROGRESS 450 / 500 priority algorithm_1 active [(50, 'algorithm_1'), (51, 'algorithm_1'), (52, 'algorithm_1'), (53, 'algorithm_1')]
running 450 / 500
PROGRESS 450 / 500 priority algorithm_1 active [(50, 'algorithm_1'), (51, 'algorithm_1'), (52, 'algorithm_1'), (53, 'algorithm_1')]
PROGRESS 450 / 500 priority algorithm_1 active [(50, 'algorithm_1'), (51, 'algorithm_1'), (52, 'algorithm_1'), (53, 'algorithm_1')]
PROGRESS 450 / 500 priority algorithm_1 active [(50, 'algorithm_1'), (51, 'algorithm_1'), (52, 'algorithm_1'), (53, 'algorithm_1')]
FINISHED 51 algorithm_1 completed 265.73934
RESOLVED 51 algorithm_1 new
START 54 algorithm_1
PROGRESS 451 / 500 priority algorithm_1 active [(50, 'algorithm_1'), (52, 'algorithm_1'), (53, 'algorithm_1'), (54, 'algorithm_1')]
FINISHED 50 algorithm_1 completed 305.468597
RESOLVED 50 algorithm_1 new
START 55 algorithm_1
PROGRESS 452 / 500 priority algorithm_1 active [(52, 'algorithm_1'), (53, 'algorithm_1'), (54, 'algorithm_1'), (55, 'algorithm_1')]
PROGRESS 452 / 500 priority algorithm_1 active [(52, 'algorithm_1'), (53, 'algorithm_1'), (54, 'algorithm_1'), (55, 'algorithm_1')]
PROGRESS 452 / 500 priority algorithm_1 active [(52, 'algorithm_1'), (53, 'algorithm_1'), (54, 'algorithm_1'), (55, 'algorithm_1')]
PROGRESS 452 / 500 priority algorithm_1 active [(52, 'algorithm_1'), (53, 'algorithm_1'), (54, 'algorithm_1'), (55, 'algorithm_1')]
PROGRESS 452 / 500 priority algorithm_1 active [(52, 'algorithm_1'), (53, 'algorithm_1'), (54, 'algorithm_1'), (55, 'algorithm_1')]
PROGRESS 452 / 500 priority algorithm_1 active [(52, 'algorithm_1'), (53, 'algorithm_1'), (54, 'algorithm_1'), (55, 'algorithm_1')]
PROGRESS 452 / 500 priority algorithm_1 active [(52, 'algorithm_1'), (53, 'algorithm_1'), (54, 'algorithm_1'), (55, 'algorithm_1')]
running 452 / 500
PROGRESS 452 / 500 priority algorithm_1 active [(52, 'algorithm_1'), (53, 'algorithm_1'), (54, 'algorithm_1'), (55, 'algorithm_1')]
PROGRESS 452 / 500 priority algorithm_1 active [(52, 'algorithm_1'), (53, 'algorithm_1'), (54, 'algorithm_1'), (55, 'algorithm_1')]
PROGRESS 452 / 500 priority algorithm_1 active [(52, 'algorithm_1'), (53, 'algorithm_1'), (54, 'algorithm_1'), (55, 'algorithm_1')]
FINISHED 54 algorithm_1 completed 310.033243
RESOLVED 54 algorithm_1 new
START 56 algorithm_1
PROGRESS 453 / 500 priority algorithm_1 active [(52, 'algorithm_1'), (53, 'algorithm_1'), (55, 'algorithm_1'), (56, 'algorithm_1')]
PROGRESS 453 / 500 priority algorithm_1 active [(52, 'algorithm_1'), (53, 'algorithm_1'), (55, 'algorithm_1'), (56, 'algorithm_1')]
PROGRESS 453 / 500 priority algorithm_1 active [(52, 'algorithm_1'), (53, 'algorithm_1'), (55, 'algorithm_1'), (56, 'algorithm_1')]
PROGRESS 453 / 500 priority algorithm_1 active [(52, 'algorithm_1'), (53, 'algorithm_1'), (55, 'algorithm_1'), (56, 'algorithm_1')]
PROGRESS 453 / 500 priority algorithm_1 active [(52, 'algorithm_1'), (53, 'algorithm_1'), (55, 'algorithm_1'), (56, 'algorithm_1')]
PROGRESS 453 / 500 priority algorithm_1 active [(52, 'algorithm_1'), (53, 'algorithm_1'), (55, 'algorithm_1'), (56, 'algorithm_1')]
PROGRESS 453 / 500 priority algorithm_1 active [(52, 'algorithm_1'), (53, 'algorithm_1'), (55, 'algorithm_1'), (56, 'algorithm_1')]
PROGRESS 453 / 500 priority algorithm_1 active [(52, 'algorithm_1'), (53, 'algorithm_1'), (55, 'algorithm_1'), (56, 'algorithm_1')]
running 453 / 500
PROGRESS 453 / 500 priority algorithm_1 active [(52, 'algorithm_1'), (53, 'algorithm_1'), (55, 'algorithm_1'), (56, 'algorithm_1')]
PROGRESS 453 / 500 priority algorithm_1 active [(52, 'algorithm_1'), (53, 'algorithm_1'), (55, 'algorithm_1'), (56, 'algorithm_1')]
PROGRESS 453 / 500 priority algorithm_1 active [(52, 'algorithm_1'), (53, 'algorithm_1'), (55, 'algorithm_1'), (56, 'algorithm_1')]
PROGRESS 453 / 500 priority algorithm_1 active [(52, 'algorithm_1'), (53, 'algorithm_1'), (55, 'algorithm_1'), (56, 'algorithm_1')]
PROGRESS 453 / 500 priority algorithm_1 active [(52, 'algorithm_1'), (53, 'algorithm_1'), (55, 'algorithm_1'), (56, 'algorithm_1')]
PROGRESS 453 / 500 priority algorithm_1 active [(52, 'algorithm_1'), (53, 'algorithm_1'), (55, 'algorithm_1'), (56, 'algorithm_1')]
PROGRESS 453 / 500 priority algorithm_1 active [(52, 'algorithm_1'), (53, 'algorithm_1'), (55, 'algorithm_1'), (56, 'algorithm_1')]
PROGRESS 453 / 500 priority algorithm_1 active [(52, 'algorithm_1'), (53, 'algorithm_1'), (55, 'algorithm_1'), (56, 'algorithm_1')]
PROGRESS 453 / 500 priority algorithm_1 active [(52, 'algorithm_1'), (53, 'algorithm_1'), (55, 'algorithm_1'), (56, 'algorithm_1')]
FINISHED 53 algorithm_1 completed 915.917587
RESOLVED 53 algorithm_1 new
START 57 algorithm_1
PROGRESS 454 / 500 priority algorithm_1 active [(52, 'algorithm_1'), (55, 'algorithm_1'), (56, 'algorithm_1'), (57, 'algorithm_1')]
PROGRESS 454 / 500 priority algorithm_1 active [(52, 'algorithm_1'), (55, 'algorithm_1'), (56, 'algorithm_1'), (57, 'algorithm_1')]
running 454 / 500
PROGRESS 454 / 500 priority algorithm_1 active [(52, 'algorithm_1'), (55, 'algorithm_1'), (56, 'algorithm_1'), (57, 'algorithm_1')]
PROGRESS 454 / 500 priority algorithm_1 active [(52, 'algorithm_1'), (55, 'algorithm_1'), (56, 'algorithm_1'), (57, 'algorithm_1')]
PROGRESS 454 / 500 priority algorithm_1 active [(52, 'algorithm_1'), (55, 'algorithm_1'), (56, 'algorithm_1'), (57, 'algorithm_1')]
PROGRESS 454 / 500 priority algorithm_1 active [(52, 'algorithm_1'), (55, 'algorithm_1'), (56, 'algorithm_1'), (57, 'algorithm_1')]
PROGRESS 454 / 500 priority algorithm_1 active [(52, 'algorithm_1'), (55, 'algorithm_1'), (56, 'algorithm_1'), (57, 'algorithm_1')]
PROGRESS 454 / 500 priority algorithm_1 active [(52, 'algorithm_1'), (55, 'algorithm_1'), (56, 'algorithm_1'), (57, 'algorithm_1')]
PROGRESS 454 / 500 priority algorithm_1 active [(52, 'algorithm_1'), (55, 'algorithm_1'), (56, 'algorithm_1'), (57, 'algorithm_1')]
FINISHED 56 algorithm_1 completed 763.630537
RESOLVED 56 algorithm_1 new
START 58 algorithm_1
PROGRESS 455 / 500 priority algorithm_1 active [(52, 'algorithm_1'), (55, 'algorithm_1'), (57, 'algorithm_1'), (58, 'algorithm_1')]
FINISHED 57 algorithm_1 completed 275.759744
RESOLVED 57 algorithm_1 new
START 59 algorithm_1
PROGRESS 456 / 500 priority algorithm_1 active [(52, 'algorithm_1'), (55, 'algorithm_1'), (58, 'algorithm_1'), (59, 'algorithm_1')]
PROGRESS 456 / 500 priority algorithm_1 active [(52, 'algorithm_1'), (55, 'algorithm_1'), (58, 'algorithm_1'), (59, 'algorithm_1')]
PROGRESS 456 / 500 priority algorithm_1 active [(52, 'algorithm_1'), (55, 'algorithm_1'), (58, 'algorithm_1'), (59, 'algorithm_1')]
running 456 / 500
PROGRESS 456 / 500 priority algorithm_1 active [(52, 'algorithm_1'), (55, 'algorithm_1'), (58, 'algorithm_1'), (59, 'algorithm_1')]
FINISHED 52 algorithm_1 completed 1433.675743
RESOLVED 52 algorithm_1 new
START 60 algorithm_1
PROGRESS 457 / 500 priority algorithm_1 active [(55, 'algorithm_1'), (58, 'algorithm_1'), (59, 'algorithm_1'), (60, 'algorithm_1')]
FINISHED 55 algorithm_1 completed 1200.905898
RESOLVED 55 algorithm_1 new
START 61 algorithm_1
PROGRESS 458 / 500 priority algorithm_1 active [(58, 'algorithm_1'), (59, 'algorithm_1'), (60, 'algorithm_1'), (61, 'algorithm_1')]
PROGRESS 458 / 500 priority algorithm_1 active [(58, 'algorithm_1'), (59, 'algorithm_1'), (60, 'algorithm_1'), (61, 'algorithm_1')]
PROGRESS 458 / 500 priority algorithm_1 active [(58, 'algorithm_1'), (59, 'algorithm_1'), (60, 'algorithm_1'), (61, 'algorithm_1')]
PROGRESS 458 / 500 priority algorithm_1 active [(58, 'algorithm_1'), (59, 'algorithm_1'), (60, 'algorithm_1'), (61, 'algorithm_1')]
PROGRESS 458 / 500 priority algorithm_1 active [(58, 'algorithm_1'), (59, 'algorithm_1'), (60, 'algorithm_1'), (61, 'algorithm_1')]
PROGRESS 458 / 500 priority algorithm_1 active [(58, 'algorithm_1'), (59, 'algorithm_1'), (60, 'algorithm_1'), (61, 'algorithm_1')]
PROGRESS 458 / 500 priority algorithm_1 active [(58, 'algorithm_1'), (59, 'algorithm_1'), (60, 'algorithm_1'), (61, 'algorithm_1')]
PROGRESS 458 / 500 priority algorithm_1 active [(58, 'algorithm_1'), (59, 'algorithm_1'), (60, 'algorithm_1'), (61, 'algorithm_1')]
PROGRESS 458 / 500 priority algorithm_1 active [(58, 'algorithm_1'), (59, 'algorithm_1'), (60, 'algorithm_1'), (61, 'algorithm_1')]
running 458 / 500
PROGRESS 458 / 500 priority algorithm_1 active [(58, 'algorithm_1'), (59, 'algorithm_1'), (60, 'algorithm_1'), (61, 'algorithm_1')]
PROGRESS 458 / 500 priority algorithm_1 active [(58, 'algorithm_1'), (59, 'algorithm_1'), (60, 'algorithm_1'), (61, 'algorithm_1')]
PROGRESS 458 / 500 priority algorithm_1 active [(58, 'algorithm_1'), (59, 'algorithm_1'), (60, 'algorithm_1'), (61, 'algorithm_1')]
PROGRESS 458 / 500 priority algorithm_1 active [(58, 'algorithm_1'), (59, 'algorithm_1'), (60, 'algorithm_1'), (61, 'algorithm_1')]
PROGRESS 458 / 500 priority algorithm_1 active [(58, 'algorithm_1'), (59, 'algorithm_1'), (60, 'algorithm_1'), (61, 'algorithm_1')]
PROGRESS 458 / 500 priority algorithm_1 active [(58, 'algorithm_1'), (59, 'algorithm_1'), (60, 'algorithm_1'), (61, 'algorithm_1')]
PROGRESS 458 / 500 priority algorithm_1 active [(58, 'algorithm_1'), (59, 'algorithm_1'), (60, 'algorithm_1'), (61, 'algorithm_1')]
PROGRESS 458 / 500 priority algorithm_1 active [(58, 'algorithm_1'), (59, 'algorithm_1'), (60, 'algorithm_1'), (61, 'algorithm_1')]
PROGRESS 458 / 500 priority algorithm_1 active [(58, 'algorithm_1'), (59, 'algorithm_1'), (60, 'algorithm_1'), (61, 'algorithm_1')]
PROGRESS 458 / 500 priority algorithm_1 active [(58, 'algorithm_1'), (59, 'algorithm_1'), (60, 'algorithm_1'), (61, 'algorithm_1')]
running 458 / 500
PROGRESS 458 / 500 priority algorithm_1 active [(58, 'algorithm_1'), (59, 'algorithm_1'), (60, 'algorithm_1'), (61, 'algorithm_1')]
PROGRESS 458 / 500 priority algorithm_1 active [(58, 'algorithm_1'), (59, 'algorithm_1'), (60, 'algorithm_1'), (61, 'algorithm_1')]
FINISHED 60 algorithm_1 completed 663.9005
RESOLVED 60 algorithm_1 new
START 62 algorithm_1
PROGRESS 459 / 500 priority algorithm_1 active [(58, 'algorithm_1'), (59, 'algorithm_1'), (61, 'algorithm_1'), (62, 'algorithm_1')]
PROGRESS 459 / 500 priority algorithm_1 active [(58, 'algorithm_1'), (59, 'algorithm_1'), (61, 'algorithm_1'), (62, 'algorithm_1')]
PROGRESS 459 / 500 priority algorithm_1 active [(58, 'algorithm_1'), (59, 'algorithm_1'), (61, 'algorithm_1'), (62, 'algorithm_1')]
PROGRESS 459 / 500 priority algorithm_1 active [(58, 'algorithm_1'), (59, 'algorithm_1'), (61, 'algorithm_1'), (62, 'algorithm_1')]
PROGRESS 459 / 500 priority algorithm_1 active [(58, 'algorithm_1'), (59, 'algorithm_1'), (61, 'algorithm_1'), (62, 'algorithm_1')]
PROGRESS 459 / 500 priority algorithm_1 active [(58, 'algorithm_1'), (59, 'algorithm_1'), (61, 'algorithm_1'), (62, 'algorithm_1')]
PROGRESS 459 / 500 priority algorithm_1 active [(58, 'algorithm_1'), (59, 'algorithm_1'), (61, 'algorithm_1'), (62, 'algorithm_1')]
PROGRESS 459 / 500 priority algorithm_1 active [(58, 'algorithm_1'), (59, 'algorithm_1'), (61, 'algorithm_1'), (62, 'algorithm_1')]
running 459 / 500
PROGRESS 459 / 500 priority algorithm_1 active [(58, 'algorithm_1'), (59, 'algorithm_1'), (61, 'algorithm_1'), (62, 'algorithm_1')]
PROGRESS 459 / 500 priority algorithm_1 active [(58, 'algorithm_1'), (59, 'algorithm_1'), (61, 'algorithm_1'), (62, 'algorithm_1')]
PROGRESS 459 / 500 priority algorithm_1 active [(58, 'algorithm_1'), (59, 'algorithm_1'), (61, 'algorithm_1'), (62, 'algorithm_1')]
PROGRESS 459 / 500 priority algorithm_1 active [(58, 'algorithm_1'), (59, 'algorithm_1'), (61, 'algorithm_1'), (62, 'algorithm_1')]
PROGRESS 459 / 500 priority algorithm_1 active [(58, 'algorithm_1'), (59, 'algorithm_1'), (61, 'algorithm_1'), (62, 'algorithm_1')]
FINISHED 59 algorithm_1 completed 1155.098433
RESOLVED 59 algorithm_1 new
START 63 algorithm_1
PROGRESS 460 / 500 priority algorithm_1 active [(58, 'algorithm_1'), (61, 'algorithm_1'), (62, 'algorithm_1'), (63, 'algorithm_1')]
PROGRESS 460 / 500 priority algorithm_1 active [(58, 'algorithm_1'), (61, 'algorithm_1'), (62, 'algorithm_1'), (63, 'algorithm_1')]
PROGRESS 460 / 500 priority algorithm_1 active [(58, 'algorithm_1'), (61, 'algorithm_1'), (62, 'algorithm_1'), (63, 'algorithm_1')]
PROGRESS 460 / 500 priority algorithm_1 active [(58, 'algorithm_1'), (61, 'algorithm_1'), (62, 'algorithm_1'), (63, 'algorithm_1')]
PROGRESS 460 / 500 priority algorithm_1 active [(58, 'algorithm_1'), (61, 'algorithm_1'), (62, 'algorithm_1'), (63, 'algorithm_1')]
PROGRESS 460 / 500 priority algorithm_1 active [(58, 'algorithm_1'), (61, 'algorithm_1'), (62, 'algorithm_1'), (63, 'algorithm_1')]
running 460 / 500
PROGRESS 460 / 500 priority algorithm_1 active [(58, 'algorithm_1'), (61, 'algorithm_1'), (62, 'algorithm_1'), (63, 'algorithm_1')]
PROGRESS 460 / 500 priority algorithm_1 active [(58, 'algorithm_1'), (61, 'algorithm_1'), (62, 'algorithm_1'), (63, 'algorithm_1')]
FINISHED 61 algorithm_1 completed 1244.734359
RESOLVED 61 algorithm_1 new
START 64 algorithm_1
PROGRESS 461 / 500 priority algorithm_1 active [(58, 'algorithm_1'), (62, 'algorithm_1'), (63, 'algorithm_1'), (64, 'algorithm_1')]
PROGRESS 461 / 500 priority algorithm_1 active [(58, 'algorithm_1'), (62, 'algorithm_1'), (63, 'algorithm_1'), (64, 'algorithm_1')]
PROGRESS 461 / 500 priority algorithm_1 active [(58, 'algorithm_1'), (62, 'algorithm_1'), (63, 'algorithm_1'), (64, 'algorithm_1')]
PROGRESS 461 / 500 priority algorithm_1 active [(58, 'algorithm_1'), (62, 'algorithm_1'), (63, 'algorithm_1'), (64, 'algorithm_1')]
PROGRESS 461 / 500 priority algorithm_1 active [(58, 'algorithm_1'), (62, 'algorithm_1'), (63, 'algorithm_1'), (64, 'algorithm_1')]
PROGRESS 461 / 500 priority algorithm_1 active [(58, 'algorithm_1'), (62, 'algorithm_1'), (63, 'algorithm_1'), (64, 'algorithm_1')]
FINISHED 58 algorithm_1 completed 1568.916159
RESOLVED 58 algorithm_1 new
START 65 algorithm_1
PROGRESS 462 / 500 priority algorithm_1 active [(62, 'algorithm_1'), (63, 'algorithm_1'), (64, 'algorithm_1'), (65, 'algorithm_1')]
PROGRESS 462 / 500 priority algorithm_1 active [(62, 'algorithm_1'), (63, 'algorithm_1'), (64, 'algorithm_1'), (65, 'algorithm_1')]
PROGRESS 462 / 500 priority algorithm_1 active [(62, 'algorithm_1'), (63, 'algorithm_1'), (64, 'algorithm_1'), (65, 'algorithm_1')]
running 462 / 500
PROGRESS 462 / 500 priority algorithm_1 active [(62, 'algorithm_1'), (63, 'algorithm_1'), (64, 'algorithm_1'), (65, 'algorithm_1')]
PROGRESS 462 / 500 priority algorithm_1 active [(62, 'algorithm_1'), (63, 'algorithm_1'), (64, 'algorithm_1'), (65, 'algorithm_1')]
PROGRESS 462 / 500 priority algorithm_1 active [(62, 'algorithm_1'), (63, 'algorithm_1'), (64, 'algorithm_1'), (65, 'algorithm_1')]
FINISHED 63 algorithm_1 completed 561.185368
RESOLVED 63 algorithm_1 new
START 66 algorithm_1
PROGRESS 463 / 500 priority algorithm_1 active [(62, 'algorithm_1'), (64, 'algorithm_1'), (65, 'algorithm_1'), (66, 'algorithm_1')]
PROGRESS 463 / 500 priority algorithm_1 active [(62, 'algorithm_1'), (64, 'algorithm_1'), (65, 'algorithm_1'), (66, 'algorithm_1')]
PROGRESS 463 / 500 priority algorithm_1 active [(62, 'algorithm_1'), (64, 'algorithm_1'), (65, 'algorithm_1'), (66, 'algorithm_1')]
PROGRESS 463 / 500 priority algorithm_1 active [(62, 'algorithm_1'), (64, 'algorithm_1'), (65, 'algorithm_1'), (66, 'algorithm_1')]
PROGRESS 463 / 500 priority algorithm_1 active [(62, 'algorithm_1'), (64, 'algorithm_1'), (65, 'algorithm_1'), (66, 'algorithm_1')]
PROGRESS 463 / 500 priority algorithm_1 active [(62, 'algorithm_1'), (64, 'algorithm_1'), (65, 'algorithm_1'), (66, 'algorithm_1')]
PROGRESS 463 / 500 priority algorithm_1 active [(62, 'algorithm_1'), (64, 'algorithm_1'), (65, 'algorithm_1'), (66, 'algorithm_1')]
PROGRESS 463 / 500 priority algorithm_1 active [(62, 'algorithm_1'), (64, 'algorithm_1'), (65, 'algorithm_1'), (66, 'algorithm_1')]
running 463 / 500
PROGRESS 463 / 500 priority algorithm_1 active [(62, 'algorithm_1'), (64, 'algorithm_1'), (65, 'algorithm_1'), (66, 'algorithm_1')]
PROGRESS 463 / 500 priority algorithm_1 active [(62, 'algorithm_1'), (64, 'algorithm_1'), (65, 'algorithm_1'), (66, 'algorithm_1')]
PROGRESS 463 / 500 priority algorithm_1 active [(62, 'algorithm_1'), (64, 'algorithm_1'), (65, 'algorithm_1'), (66, 'algorithm_1')]
PROGRESS 463 / 500 priority algorithm_1 active [(62, 'algorithm_1'), (64, 'algorithm_1'), (65, 'algorithm_1'), (66, 'algorithm_1')]
PROGRESS 463 / 500 priority algorithm_1 active [(62, 'algorithm_1'), (64, 'algorithm_1'), (65, 'algorithm_1'), (66, 'algorithm_1')]
PROGRESS 463 / 500 priority algorithm_1 active [(62, 'algorithm_1'), (64, 'algorithm_1'), (65, 'algorithm_1'), (66, 'algorithm_1')]
PROGRESS 463 / 500 priority algorithm_1 active [(62, 'algorithm_1'), (64, 'algorithm_1'), (65, 'algorithm_1'), (66, 'algorithm_1')]
PROGRESS 463 / 500 priority algorithm_1 active [(62, 'algorithm_1'), (64, 'algorithm_1'), (65, 'algorithm_1'), (66, 'algorithm_1')]
PROGRESS 463 / 500 priority algorithm_1 active [(62, 'algorithm_1'), (64, 'algorithm_1'), (65, 'algorithm_1'), (66, 'algorithm_1')]
PROGRESS 463 / 500 priority algorithm_1 active [(62, 'algorithm_1'), (64, 'algorithm_1'), (65, 'algorithm_1'), (66, 'algorithm_1')]
running 463 / 500
PROGRESS 463 / 500 priority algorithm_1 active [(62, 'algorithm_1'), (64, 'algorithm_1'), (65, 'algorithm_1'), (66, 'algorithm_1')]
PROGRESS 463 / 500 priority algorithm_1 active [(62, 'algorithm_1'), (64, 'algorithm_1'), (65, 'algorithm_1'), (66, 'algorithm_1')]
PROGRESS 463 / 500 priority algorithm_1 active [(62, 'algorithm_1'), (64, 'algorithm_1'), (65, 'algorithm_1'), (66, 'algorithm_1')]
FINISHED 64 algorithm_1 completed 965.819105
RESOLVED 64 algorithm_1 new
START 67 algorithm_1
PROGRESS 464 / 500 priority algorithm_1 active [(62, 'algorithm_1'), (65, 'algorithm_1'), (66, 'algorithm_1'), (67, 'algorithm_1')]
PROGRESS 464 / 500 priority algorithm_1 active [(62, 'algorithm_1'), (65, 'algorithm_1'), (66, 'algorithm_1'), (67, 'algorithm_1')]
PROGRESS 464 / 500 priority algorithm_1 active [(62, 'algorithm_1'), (65, 'algorithm_1'), (66, 'algorithm_1'), (67, 'algorithm_1')]
FINISHED 66 algorithm_1 completed 686.00739
RESOLVED 66 algorithm_1 new
START 68 algorithm_1
PROGRESS 465 / 500 priority algorithm_1 active [(62, 'algorithm_1'), (65, 'algorithm_1'), (67, 'algorithm_1'), (68, 'algorithm_1')]
FINISHED 62 algorithm_1 completed 1660.791617
RESOLVED 62 algorithm_1 new
START 69 algorithm_1
PROGRESS 466 / 500 priority algorithm_1 active [(65, 'algorithm_1'), (67, 'algorithm_1'), (68, 'algorithm_1'), (69, 'algorithm_1')]
PROGRESS 466 / 500 priority algorithm_1 active [(65, 'algorithm_1'), (67, 'algorithm_1'), (68, 'algorithm_1'), (69, 'algorithm_1')]
FINISHED 65 algorithm_1 completed 930.094353
RESOLVED 65 algorithm_1 new
START 70 algorithm_1
PROGRESS 467 / 500 priority algorithm_1 active [(67, 'algorithm_1'), (68, 'algorithm_1'), (69, 'algorithm_1'), (70, 'algorithm_1')]
PROGRESS 467 / 500 priority algorithm_1 active [(67, 'algorithm_1'), (68, 'algorithm_1'), (69, 'algorithm_1'), (70, 'algorithm_1')]
PROGRESS 467 / 500 priority algorithm_1 active [(67, 'algorithm_1'), (68, 'algorithm_1'), (69, 'algorithm_1'), (70, 'algorithm_1')]
running 467 / 500
PROGRESS 467 / 500 priority algorithm_1 active [(67, 'algorithm_1'), (68, 'algorithm_1'), (69, 'algorithm_1'), (70, 'algorithm_1')]
PROGRESS 467 / 500 priority algorithm_1 active [(67, 'algorithm_1'), (68, 'algorithm_1'), (69, 'algorithm_1'), (70, 'algorithm_1')]
FINISHED 67 algorithm_1 completed 298.604531
RESOLVED 67 algorithm_1 new
START 71 algorithm_1
PROGRESS 468 / 500 priority algorithm_1 active [(68, 'algorithm_1'), (69, 'algorithm_1'), (70, 'algorithm_1'), (71, 'algorithm_1')]
PROGRESS 468 / 500 priority algorithm_1 active [(68, 'algorithm_1'), (69, 'algorithm_1'), (70, 'algorithm_1'), (71, 'algorithm_1')]
PROGRESS 468 / 500 priority algorithm_1 active [(68, 'algorithm_1'), (69, 'algorithm_1'), (70, 'algorithm_1'), (71, 'algorithm_1')]
PROGRESS 468 / 500 priority algorithm_1 active [(68, 'algorithm_1'), (69, 'algorithm_1'), (70, 'algorithm_1'), (71, 'algorithm_1')]
PROGRESS 468 / 500 priority algorithm_1 active [(68, 'algorithm_1'), (69, 'algorithm_1'), (70, 'algorithm_1'), (71, 'algorithm_1')]
PROGRESS 468 / 500 priority algorithm_1 active [(68, 'algorithm_1'), (69, 'algorithm_1'), (70, 'algorithm_1'), (71, 'algorithm_1')]
PROGRESS 468 / 500 priority algorithm_1 active [(68, 'algorithm_1'), (69, 'algorithm_1'), (70, 'algorithm_1'), (71, 'algorithm_1')]
PROGRESS 468 / 500 priority algorithm_1 active [(68, 'algorithm_1'), (69, 'algorithm_1'), (70, 'algorithm_1'), (71, 'algorithm_1')]
running 468 / 500
PROGRESS 468 / 500 priority algorithm_1 active [(68, 'algorithm_1'), (69, 'algorithm_1'), (70, 'algorithm_1'), (71, 'algorithm_1')]
FINISHED 68 algorithm_1 completed 503.172336
RESOLVED 68 algorithm_1 new
START 72 algorithm_1
PROGRESS 469 / 500 priority algorithm_1 active [(69, 'algorithm_1'), (70, 'algorithm_1'), (71, 'algorithm_1'), (72, 'algorithm_1')]
PROGRESS 469 / 500 priority algorithm_1 active [(69, 'algorithm_1'), (70, 'algorithm_1'), (71, 'algorithm_1'), (72, 'algorithm_1')]
PROGRESS 469 / 500 priority algorithm_1 active [(69, 'algorithm_1'), (70, 'algorithm_1'), (71, 'algorithm_1'), (72, 'algorithm_1')]
PROGRESS 469 / 500 priority algorithm_1 active [(69, 'algorithm_1'), (70, 'algorithm_1'), (71, 'algorithm_1'), (72, 'algorithm_1')]
PROGRESS 469 / 500 priority algorithm_1 active [(69, 'algorithm_1'), (70, 'algorithm_1'), (71, 'algorithm_1'), (72, 'algorithm_1')]
PROGRESS 469 / 500 priority algorithm_1 active [(69, 'algorithm_1'), (70, 'algorithm_1'), (71, 'algorithm_1'), (72, 'algorithm_1')]
PROGRESS 469 / 500 priority algorithm_1 active [(69, 'algorithm_1'), (70, 'algorithm_1'), (71, 'algorithm_1'), (72, 'algorithm_1')]
PROGRESS 469 / 500 priority algorithm_1 active [(69, 'algorithm_1'), (70, 'algorithm_1'), (71, 'algorithm_1'), (72, 'algorithm_1')]
PROGRESS 469 / 500 priority algorithm_1 active [(69, 'algorithm_1'), (70, 'algorithm_1'), (71, 'algorithm_1'), (72, 'algorithm_1')]
PROGRESS 469 / 500 priority algorithm_1 active [(69, 'algorithm_1'), (70, 'algorithm_1'), (71, 'algorithm_1'), (72, 'algorithm_1')]
running 469 / 500
PROGRESS 469 / 500 priority algorithm_1 active [(69, 'algorithm_1'), (70, 'algorithm_1'), (71, 'algorithm_1'), (72, 'algorithm_1')]
PROGRESS 469 / 500 priority algorithm_1 active [(69, 'algorithm_1'), (70, 'algorithm_1'), (71, 'algorithm_1'), (72, 'algorithm_1')]
PROGRESS 469 / 500 priority algorithm_1 active [(69, 'algorithm_1'), (70, 'algorithm_1'), (71, 'algorithm_1'), (72, 'algorithm_1')]
PROGRESS 469 / 500 priority algorithm_1 active [(69, 'algorithm_1'), (70, 'algorithm_1'), (71, 'algorithm_1'), (72, 'algorithm_1')]
PROGRESS 469 / 500 priority algorithm_1 active [(69, 'algorithm_1'), (70, 'algorithm_1'), (71, 'algorithm_1'), (72, 'algorithm_1')]
PROGRESS 469 / 500 priority algorithm_1 active [(69, 'algorithm_1'), (70, 'algorithm_1'), (71, 'algorithm_1'), (72, 'algorithm_1')]
PROGRESS 469 / 500 priority algorithm_1 active [(69, 'algorithm_1'), (70, 'algorithm_1'), (71, 'algorithm_1'), (72, 'algorithm_1')]
PROGRESS 469 / 500 priority algorithm_1 active [(69, 'algorithm_1'), (70, 'algorithm_1'), (71, 'algorithm_1'), (72, 'algorithm_1')]
PROGRESS 469 / 500 priority algorithm_1 active [(69, 'algorithm_1'), (70, 'algorithm_1'), (71, 'algorithm_1'), (72, 'algorithm_1')]
PROGRESS 469 / 500 priority algorithm_1 active [(69, 'algorithm_1'), (70, 'algorithm_1'), (71, 'algorithm_1'), (72, 'algorithm_1')]
running 469 / 500
PROGRESS 469 / 500 priority algorithm_1 active [(69, 'algorithm_1'), (70, 'algorithm_1'), (71, 'algorithm_1'), (72, 'algorithm_1')]
PROGRESS 469 / 500 priority algorithm_1 active [(69, 'algorithm_1'), (70, 'algorithm_1'), (71, 'algorithm_1'), (72, 'algorithm_1')]
FINISHED 69 algorithm_1 completed 1132.509955
RESOLVED 69 algorithm_1 new
START 73 algorithm_1
PROGRESS 470 / 500 priority algorithm_1 active [(70, 'algorithm_1'), (71, 'algorithm_1'), (72, 'algorithm_1'), (73, 'algorithm_1')]
FINISHED 70 algorithm_1 completed 1089.044665
RESOLVED 70 algorithm_1 new
START 74 algorithm_1
PROGRESS 471 / 500 priority algorithm_1 active [(71, 'algorithm_1'), (72, 'algorithm_1'), (73, 'algorithm_1'), (74, 'algorithm_1')]
FINISHED 72 algorithm_1 completed 700.031381
RESOLVED 72 algorithm_1 new
START 75 algorithm_1
PROGRESS 472 / 500 priority algorithm_1 active [(71, 'algorithm_1'), (73, 'algorithm_1'), (74, 'algorithm_1'), (75, 'algorithm_1')]
PROGRESS 472 / 500 priority algorithm_1 active [(71, 'algorithm_1'), (73, 'algorithm_1'), (74, 'algorithm_1'), (75, 'algorithm_1')]
PROGRESS 472 / 500 priority algorithm_1 active [(71, 'algorithm_1'), (73, 'algorithm_1'), (74, 'algorithm_1'), (75, 'algorithm_1')]
PROGRESS 472 / 500 priority algorithm_1 active [(71, 'algorithm_1'), (73, 'algorithm_1'), (74, 'algorithm_1'), (75, 'algorithm_1')]
PROGRESS 472 / 500 priority algorithm_1 active [(71, 'algorithm_1'), (73, 'algorithm_1'), (74, 'algorithm_1'), (75, 'algorithm_1')]
PROGRESS 472 / 500 priority algorithm_1 active [(71, 'algorithm_1'), (73, 'algorithm_1'), (74, 'algorithm_1'), (75, 'algorithm_1')]
FINISHED 74 algorithm_1 completed 195.328773
RESOLVED 74 algorithm_1 new
START 76 algorithm_1
PROGRESS 473 / 500 priority algorithm_1 active [(71, 'algorithm_1'), (73, 'algorithm_1'), (75, 'algorithm_1'), (76, 'algorithm_1')]
PROGRESS 473 / 500 priority algorithm_1 active [(71, 'algorithm_1'), (73, 'algorithm_1'), (75, 'algorithm_1'), (76, 'algorithm_1')]
running 473 / 500
PROGRESS 473 / 500 priority algorithm_1 active [(71, 'algorithm_1'), (73, 'algorithm_1'), (75, 'algorithm_1'), (76, 'algorithm_1')]
PROGRESS 473 / 500 priority algorithm_1 active [(71, 'algorithm_1'), (73, 'algorithm_1'), (75, 'algorithm_1'), (76, 'algorithm_1')]
PROGRESS 473 / 500 priority algorithm_1 active [(71, 'algorithm_1'), (73, 'algorithm_1'), (75, 'algorithm_1'), (76, 'algorithm_1')]
FINISHED 71 algorithm_1 completed 1281.511414
RESOLVED 71 algorithm_1 new
START 77 algorithm_1
PROGRESS 474 / 500 priority algorithm_1 active [(73, 'algorithm_1'), (75, 'algorithm_1'), (76, 'algorithm_1'), (77, 'algorithm_1')]
PROGRESS 474 / 500 priority algorithm_1 active [(73, 'algorithm_1'), (75, 'algorithm_1'), (76, 'algorithm_1'), (77, 'algorithm_1')]
PROGRESS 474 / 500 priority algorithm_1 active [(73, 'algorithm_1'), (75, 'algorithm_1'), (76, 'algorithm_1'), (77, 'algorithm_1')]
PROGRESS 474 / 500 priority algorithm_1 active [(73, 'algorithm_1'), (75, 'algorithm_1'), (76, 'algorithm_1'), (77, 'algorithm_1')]
PROGRESS 474 / 500 priority algorithm_1 active [(73, 'algorithm_1'), (75, 'algorithm_1'), (76, 'algorithm_1'), (77, 'algorithm_1')]
PROGRESS 474 / 500 priority algorithm_1 active [(73, 'algorithm_1'), (75, 'algorithm_1'), (76, 'algorithm_1'), (77, 'algorithm_1')]
PROGRESS 474 / 500 priority algorithm_1 active [(73, 'algorithm_1'), (75, 'algorithm_1'), (76, 'algorithm_1'), (77, 'algorithm_1')]
PROGRESS 474 / 500 priority algorithm_1 active [(73, 'algorithm_1'), (75, 'algorithm_1'), (76, 'algorithm_1'), (77, 'algorithm_1')]
running 474 / 500
PROGRESS 474 / 500 priority algorithm_1 active [(73, 'algorithm_1'), (75, 'algorithm_1'), (76, 'algorithm_1'), (77, 'algorithm_1')]
FINISHED 73 algorithm_1 completed 624.724129
RESOLVED 73 algorithm_1 new
START 78 algorithm_1
PROGRESS 475 / 500 priority algorithm_1 active [(75, 'algorithm_1'), (76, 'algorithm_1'), (77, 'algorithm_1'), (78, 'algorithm_1')]
PROGRESS 475 / 500 priority algorithm_1 active [(75, 'algorithm_1'), (76, 'algorithm_1'), (77, 'algorithm_1'), (78, 'algorithm_1')]
PROGRESS 475 / 500 priority algorithm_1 active [(75, 'algorithm_1'), (76, 'algorithm_1'), (77, 'algorithm_1'), (78, 'algorithm_1')]
PROGRESS 475 / 500 priority algorithm_1 active [(75, 'algorithm_1'), (76, 'algorithm_1'), (77, 'algorithm_1'), (78, 'algorithm_1')]
FINISHED 75 algorithm_1 completed 678.378534
RESOLVED 75 algorithm_1 new
START 79 algorithm_1
PROGRESS 476 / 500 priority algorithm_1 active [(76, 'algorithm_1'), (77, 'algorithm_1'), (78, 'algorithm_1'), (79, 'algorithm_1')]
FINISHED 76 algorithm_1 completed 524.558634
RESOLVED 76 algorithm_1 new
START 80 algorithm_1
PROGRESS 477 / 500 priority algorithm_1 active [(77, 'algorithm_1'), (78, 'algorithm_1'), (79, 'algorithm_1'), (80, 'algorithm_1')]
PROGRESS 477 / 500 priority algorithm_1 active [(77, 'algorithm_1'), (78, 'algorithm_1'), (79, 'algorithm_1'), (80, 'algorithm_1')]
PROGRESS 477 / 500 priority algorithm_1 active [(77, 'algorithm_1'), (78, 'algorithm_1'), (79, 'algorithm_1'), (80, 'algorithm_1')]
PROGRESS 477 / 500 priority algorithm_1 active [(77, 'algorithm_1'), (78, 'algorithm_1'), (79, 'algorithm_1'), (80, 'algorithm_1')]
PROGRESS 477 / 500 priority algorithm_1 active [(77, 'algorithm_1'), (78, 'algorithm_1'), (79, 'algorithm_1'), (80, 'algorithm_1')]
PROGRESS 477 / 500 priority algorithm_1 active [(77, 'algorithm_1'), (78, 'algorithm_1'), (79, 'algorithm_1'), (80, 'algorithm_1')]
running 477 / 500
PROGRESS 477 / 500 priority algorithm_1 active [(77, 'algorithm_1'), (78, 'algorithm_1'), (79, 'algorithm_1'), (80, 'algorithm_1')]
PROGRESS 477 / 500 priority algorithm_1 active [(77, 'algorithm_1'), (78, 'algorithm_1'), (79, 'algorithm_1'), (80, 'algorithm_1')]
PROGRESS 477 / 500 priority algorithm_1 active [(77, 'algorithm_1'), (78, 'algorithm_1'), (79, 'algorithm_1'), (80, 'algorithm_1')]
PROGRESS 477 / 500 priority algorithm_1 active [(77, 'algorithm_1'), (78, 'algorithm_1'), (79, 'algorithm_1'), (80, 'algorithm_1')]
PROGRESS 477 / 500 priority algorithm_1 active [(77, 'algorithm_1'), (78, 'algorithm_1'), (79, 'algorithm_1'), (80, 'algorithm_1')]
PROGRESS 477 / 500 priority algorithm_1 active [(77, 'algorithm_1'), (78, 'algorithm_1'), (79, 'algorithm_1'), (80, 'algorithm_1')]
PROGRESS 477 / 500 priority algorithm_1 active [(77, 'algorithm_1'), (78, 'algorithm_1'), (79, 'algorithm_1'), (80, 'algorithm_1')]
PROGRESS 477 / 500 priority algorithm_1 active [(77, 'algorithm_1'), (78, 'algorithm_1'), (79, 'algorithm_1'), (80, 'algorithm_1')]
PROGRESS 477 / 500 priority algorithm_1 active [(77, 'algorithm_1'), (78, 'algorithm_1'), (79, 'algorithm_1'), (80, 'algorithm_1')]
PROGRESS 477 / 500 priority algorithm_1 active [(77, 'algorithm_1'), (78, 'algorithm_1'), (79, 'algorithm_1'), (80, 'algorithm_1')]
running 477 / 500
PROGRESS 477 / 500 priority algorithm_1 active [(77, 'algorithm_1'), (78, 'algorithm_1'), (79, 'algorithm_1'), (80, 'algorithm_1')]
PROGRESS 477 / 500 priority algorithm_1 active [(77, 'algorithm_1'), (78, 'algorithm_1'), (79, 'algorithm_1'), (80, 'algorithm_1')]
PROGRESS 477 / 500 priority algorithm_1 active [(77, 'algorithm_1'), (78, 'algorithm_1'), (79, 'algorithm_1'), (80, 'algorithm_1')]
PROGRESS 477 / 500 priority algorithm_1 active [(77, 'algorithm_1'), (78, 'algorithm_1'), (79, 'algorithm_1'), (80, 'algorithm_1')]
PROGRESS 477 / 500 priority algorithm_1 active [(77, 'algorithm_1'), (78, 'algorithm_1'), (79, 'algorithm_1'), (80, 'algorithm_1')]
PROGRESS 477 / 500 priority algorithm_1 active [(77, 'algorithm_1'), (78, 'algorithm_1'), (79, 'algorithm_1'), (80, 'algorithm_1')]
PROGRESS 477 / 500 priority algorithm_1 active [(77, 'algorithm_1'), (78, 'algorithm_1'), (79, 'algorithm_1'), (80, 'algorithm_1')]
PROGRESS 477 / 500 priority algorithm_1 active [(77, 'algorithm_1'), (78, 'algorithm_1'), (79, 'algorithm_1'), (80, 'algorithm_1')]
PROGRESS 477 / 500 priority algorithm_1 active [(77, 'algorithm_1'), (78, 'algorithm_1'), (79, 'algorithm_1'), (80, 'algorithm_1')]
PROGRESS 477 / 500 priority algorithm_1 active [(77, 'algorithm_1'), (78, 'algorithm_1'), (79, 'algorithm_1'), (80, 'algorithm_1')]
running 477 / 500
PROGRESS 477 / 500 priority algorithm_1 active [(77, 'algorithm_1'), (78, 'algorithm_1'), (79, 'algorithm_1'), (80, 'algorithm_1')]
PROGRESS 477 / 500 priority algorithm_1 active [(77, 'algorithm_1'), (78, 'algorithm_1'), (79, 'algorithm_1'), (80, 'algorithm_1')]
PROGRESS 477 / 500 priority algorithm_1 active [(77, 'algorithm_1'), (78, 'algorithm_1'), (79, 'algorithm_1'), (80, 'algorithm_1')]
PROGRESS 477 / 500 priority algorithm_1 active [(77, 'algorithm_1'), (78, 'algorithm_1'), (79, 'algorithm_1'), (80, 'algorithm_1')]
FINISHED 78 algorithm_1 completed 1008.780556
RESOLVED 78 algorithm_1 new
START 81 algorithm_1
PROGRESS 478 / 500 priority algorithm_1 active [(77, 'algorithm_1'), (79, 'algorithm_1'), (80, 'algorithm_1'), (81, 'algorithm_1')]
PROGRESS 478 / 500 priority algorithm_1 active [(77, 'algorithm_1'), (79, 'algorithm_1'), (80, 'algorithm_1'), (81, 'algorithm_1')]
PROGRESS 478 / 500 priority algorithm_1 active [(77, 'algorithm_1'), (79, 'algorithm_1'), (80, 'algorithm_1'), (81, 'algorithm_1')]
PROGRESS 478 / 500 priority algorithm_1 active [(77, 'algorithm_1'), (79, 'algorithm_1'), (80, 'algorithm_1'), (81, 'algorithm_1')]
PROGRESS 478 / 500 priority algorithm_1 active [(77, 'algorithm_1'), (79, 'algorithm_1'), (80, 'algorithm_1'), (81, 'algorithm_1')]
PROGRESS 478 / 500 priority algorithm_1 active [(77, 'algorithm_1'), (79, 'algorithm_1'), (80, 'algorithm_1'), (81, 'algorithm_1')]
FINISHED 80 algorithm_1 completed 1065.275022
RESOLVED 80 algorithm_1 new
START 82 algorithm_1
PROGRESS 479 / 500 priority algorithm_1 active [(77, 'algorithm_1'), (79, 'algorithm_1'), (81, 'algorithm_1'), (82, 'algorithm_1')]
PROGRESS 479 / 500 priority algorithm_1 active [(77, 'algorithm_1'), (79, 'algorithm_1'), (81, 'algorithm_1'), (82, 'algorithm_1')]
running 479 / 500
PROGRESS 479 / 500 priority algorithm_1 active [(77, 'algorithm_1'), (79, 'algorithm_1'), (81, 'algorithm_1'), (82, 'algorithm_1')]
PROGRESS 479 / 500 priority algorithm_1 active [(77, 'algorithm_1'), (79, 'algorithm_1'), (81, 'algorithm_1'), (82, 'algorithm_1')]
PROGRESS 479 / 500 priority algorithm_1 active [(77, 'algorithm_1'), (79, 'algorithm_1'), (81, 'algorithm_1'), (82, 'algorithm_1')]
PROGRESS 479 / 500 priority algorithm_1 active [(77, 'algorithm_1'), (79, 'algorithm_1'), (81, 'algorithm_1'), (82, 'algorithm_1')]
PROGRESS 479 / 500 priority algorithm_1 active [(77, 'algorithm_1'), (79, 'algorithm_1'), (81, 'algorithm_1'), (82, 'algorithm_1')]
PROGRESS 479 / 500 priority algorithm_1 active [(77, 'algorithm_1'), (79, 'algorithm_1'), (81, 'algorithm_1'), (82, 'algorithm_1')]
PROGRESS 479 / 500 priority algorithm_1 active [(77, 'algorithm_1'), (79, 'algorithm_1'), (81, 'algorithm_1'), (82, 'algorithm_1')]
PROGRESS 479 / 500 priority algorithm_1 active [(77, 'algorithm_1'), (79, 'algorithm_1'), (81, 'algorithm_1'), (82, 'algorithm_1')]
PROGRESS 479 / 500 priority algorithm_1 active [(77, 'algorithm_1'), (79, 'algorithm_1'), (81, 'algorithm_1'), (82, 'algorithm_1')]
PROGRESS 479 / 500 priority algorithm_1 active [(77, 'algorithm_1'), (79, 'algorithm_1'), (81, 'algorithm_1'), (82, 'algorithm_1')]
running 479 / 500
PROGRESS 479 / 500 priority algorithm_1 active [(77, 'algorithm_1'), (79, 'algorithm_1'), (81, 'algorithm_1'), (82, 'algorithm_1')]
PROGRESS 479 / 500 priority algorithm_1 active [(77, 'algorithm_1'), (79, 'algorithm_1'), (81, 'algorithm_1'), (82, 'algorithm_1')]
PROGRESS 479 / 500 priority algorithm_1 active [(77, 'algorithm_1'), (79, 'algorithm_1'), (81, 'algorithm_1'), (82, 'algorithm_1')]
PROGRESS 479 / 500 priority algorithm_1 active [(77, 'algorithm_1'), (79, 'algorithm_1'), (81, 'algorithm_1'), (82, 'algorithm_1')]
FINISHED 79 algorithm_1 completed 1543.033546
RESOLVED 79 algorithm_1 new
START 83 algorithm_1
PROGRESS 480 / 500 priority algorithm_1 active [(77, 'algorithm_1'), (81, 'algorithm_1'), (82, 'algorithm_1'), (83, 'algorithm_1')]
FINISHED 81 algorithm_1 completed 657.037704
RESOLVED 81 algorithm_1 new
START 84 algorithm_1
PROGRESS 481 / 500 priority algorithm_1 active [(77, 'algorithm_1'), (82, 'algorithm_1'), (83, 'algorithm_1'), (84, 'algorithm_1')]
FINISHED 77 algorithm_1 completed 1962.320778
RESOLVED 77 algorithm_1 new
START 85 algorithm_1
PROGRESS 482 / 500 priority algorithm_1 active [(82, 'algorithm_1'), (83, 'algorithm_1'), (84, 'algorithm_1'), (85, 'algorithm_1')]
PROGRESS 482 / 500 priority algorithm_1 active [(82, 'algorithm_1'), (83, 'algorithm_1'), (84, 'algorithm_1'), (85, 'algorithm_1')]
PROGRESS 482 / 500 priority algorithm_1 active [(82, 'algorithm_1'), (83, 'algorithm_1'), (84, 'algorithm_1'), (85, 'algorithm_1')]
PROGRESS 482 / 500 priority algorithm_1 active [(82, 'algorithm_1'), (83, 'algorithm_1'), (84, 'algorithm_1'), (85, 'algorithm_1')]
PROGRESS 482 / 500 priority algorithm_1 active [(82, 'algorithm_1'), (83, 'algorithm_1'), (84, 'algorithm_1'), (85, 'algorithm_1')]
PROGRESS 482 / 500 priority algorithm_1 active [(82, 'algorithm_1'), (83, 'algorithm_1'), (84, 'algorithm_1'), (85, 'algorithm_1')]
running 482 / 500
PROGRESS 482 / 500 priority algorithm_1 active [(82, 'algorithm_1'), (83, 'algorithm_1'), (84, 'algorithm_1'), (85, 'algorithm_1')]
PROGRESS 482 / 500 priority algorithm_1 active [(82, 'algorithm_1'), (83, 'algorithm_1'), (84, 'algorithm_1'), (85, 'algorithm_1')]
PROGRESS 482 / 500 priority algorithm_1 active [(82, 'algorithm_1'), (83, 'algorithm_1'), (84, 'algorithm_1'), (85, 'algorithm_1')]
PROGRESS 482 / 500 priority algorithm_1 active [(82, 'algorithm_1'), (83, 'algorithm_1'), (84, 'algorithm_1'), (85, 'algorithm_1')]
PROGRESS 482 / 500 priority algorithm_1 active [(82, 'algorithm_1'), (83, 'algorithm_1'), (84, 'algorithm_1'), (85, 'algorithm_1')]
PROGRESS 482 / 500 priority algorithm_1 active [(82, 'algorithm_1'), (83, 'algorithm_1'), (84, 'algorithm_1'), (85, 'algorithm_1')]
PROGRESS 482 / 500 priority algorithm_1 active [(82, 'algorithm_1'), (83, 'algorithm_1'), (84, 'algorithm_1'), (85, 'algorithm_1')]
PROGRESS 482 / 500 priority algorithm_1 active [(82, 'algorithm_1'), (83, 'algorithm_1'), (84, 'algorithm_1'), (85, 'algorithm_1')]
FINISHED 83 algorithm_1 completed 478.142252
RESOLVED 83 algorithm_1 new
START 86 algorithm_1
PROGRESS 483 / 500 priority algorithm_1 active [(82, 'algorithm_1'), (84, 'algorithm_1'), (85, 'algorithm_1'), (86, 'algorithm_1')]
PROGRESS 483 / 500 priority algorithm_1 active [(82, 'algorithm_1'), (84, 'algorithm_1'), (85, 'algorithm_1'), (86, 'algorithm_1')]
running 483 / 500
PROGRESS 483 / 500 priority algorithm_1 active [(82, 'algorithm_1'), (84, 'algorithm_1'), (85, 'algorithm_1'), (86, 'algorithm_1')]
PROGRESS 483 / 500 priority algorithm_1 active [(82, 'algorithm_1'), (84, 'algorithm_1'), (85, 'algorithm_1'), (86, 'algorithm_1')]
PROGRESS 483 / 500 priority algorithm_1 active [(82, 'algorithm_1'), (84, 'algorithm_1'), (85, 'algorithm_1'), (86, 'algorithm_1')]
PROGRESS 483 / 500 priority algorithm_1 active [(82, 'algorithm_1'), (84, 'algorithm_1'), (85, 'algorithm_1'), (86, 'algorithm_1')]
PROGRESS 483 / 500 priority algorithm_1 active [(82, 'algorithm_1'), (84, 'algorithm_1'), (85, 'algorithm_1'), (86, 'algorithm_1')]
PROGRESS 483 / 500 priority algorithm_1 active [(82, 'algorithm_1'), (84, 'algorithm_1'), (85, 'algorithm_1'), (86, 'algorithm_1')]
PROGRESS 483 / 500 priority algorithm_1 active [(82, 'algorithm_1'), (84, 'algorithm_1'), (85, 'algorithm_1'), (86, 'algorithm_1')]
FINISHED 82 algorithm_1 completed 1207.608927
RESOLVED 82 algorithm_1 new
START 87 algorithm_1
PROGRESS 484 / 500 priority algorithm_1 active [(84, 'algorithm_1'), (85, 'algorithm_1'), (86, 'algorithm_1'), (87, 'algorithm_1')]
FINISHED 86 algorithm_1 completed 278.149498
RESOLVED 86 algorithm_1 new
START 88 algorithm_1
PROGRESS 485 / 500 priority algorithm_1 active [(84, 'algorithm_1'), (85, 'algorithm_1'), (87, 'algorithm_1'), (88, 'algorithm_1')]
PROGRESS 485 / 500 priority algorithm_1 active [(84, 'algorithm_1'), (85, 'algorithm_1'), (87, 'algorithm_1'), (88, 'algorithm_1')]
PROGRESS 485 / 500 priority algorithm_1 active [(84, 'algorithm_1'), (85, 'algorithm_1'), (87, 'algorithm_1'), (88, 'algorithm_1')]
running 485 / 500
FINISHED 85 algorithm_1 completed 778.715212
RESOLVED 85 algorithm_1 new
START 89 algorithm_1
PROGRESS 486 / 500 priority algorithm_1 active [(84, 'algorithm_1'), (87, 'algorithm_1'), (88, 'algorithm_1'), (89, 'algorithm_1')]
FINISHED 87 algorithm_1 completed 103.617311
RESOLVED 87 algorithm_1 new
START 90 algorithm_1
PROGRESS 487 / 500 priority algorithm_1 active [(84, 'algorithm_1'), (88, 'algorithm_1'), (89, 'algorithm_1'), (90, 'algorithm_1')]
PROGRESS 487 / 500 priority algorithm_1 active [(84, 'algorithm_1'), (88, 'algorithm_1'), (89, 'algorithm_1'), (90, 'algorithm_1')]
PROGRESS 487 / 500 priority algorithm_1 active [(84, 'algorithm_1'), (88, 'algorithm_1'), (89, 'algorithm_1'), (90, 'algorithm_1')]
PROGRESS 487 / 500 priority algorithm_1 active [(84, 'algorithm_1'), (88, 'algorithm_1'), (89, 'algorithm_1'), (90, 'algorithm_1')]
FINISHED 88 algorithm_1 completed 201.966687
RESOLVED 88 algorithm_1 new
START 91 algorithm_1
PROGRESS 488 / 500 priority algorithm_1 active [(84, 'algorithm_1'), (89, 'algorithm_1'), (90, 'algorithm_1'), (91, 'algorithm_1')]
PROGRESS 488 / 500 priority algorithm_1 active [(84, 'algorithm_1'), (89, 'algorithm_1'), (90, 'algorithm_1'), (91, 'algorithm_1')]
PROGRESS 488 / 500 priority algorithm_1 active [(84, 'algorithm_1'), (89, 'algorithm_1'), (90, 'algorithm_1'), (91, 'algorithm_1')]
PROGRESS 488 / 500 priority algorithm_1 active [(84, 'algorithm_1'), (89, 'algorithm_1'), (90, 'algorithm_1'), (91, 'algorithm_1')]
PROGRESS 488 / 500 priority algorithm_1 active [(84, 'algorithm_1'), (89, 'algorithm_1'), (90, 'algorithm_1'), (91, 'algorithm_1')]
PROGRESS 488 / 500 priority algorithm_1 active [(84, 'algorithm_1'), (89, 'algorithm_1'), (90, 'algorithm_1'), (91, 'algorithm_1')]
PROGRESS 488 / 500 priority algorithm_1 active [(84, 'algorithm_1'), (89, 'algorithm_1'), (90, 'algorithm_1'), (91, 'algorithm_1')]
running 488 / 500
PROGRESS 488 / 500 priority algorithm_1 active [(84, 'algorithm_1'), (89, 'algorithm_1'), (90, 'algorithm_1'), (91, 'algorithm_1')]
PROGRESS 488 / 500 priority algorithm_1 active [(84, 'algorithm_1'), (89, 'algorithm_1'), (90, 'algorithm_1'), (91, 'algorithm_1')]
PROGRESS 488 / 500 priority algorithm_1 active [(84, 'algorithm_1'), (89, 'algorithm_1'), (90, 'algorithm_1'), (91, 'algorithm_1')]
PROGRESS 488 / 500 priority algorithm_1 active [(84, 'algorithm_1'), (89, 'algorithm_1'), (90, 'algorithm_1'), (91, 'algorithm_1')]
PROGRESS 488 / 500 priority algorithm_1 active [(84, 'algorithm_1'), (89, 'algorithm_1'), (90, 'algorithm_1'), (91, 'algorithm_1')]
PROGRESS 488 / 500 priority algorithm_1 active [(84, 'algorithm_1'), (89, 'algorithm_1'), (90, 'algorithm_1'), (91, 'algorithm_1')]
FINISHED 90 algorithm_1 completed 510.873863
RESOLVED 90 algorithm_1 new
START 92 algorithm_1
PROGRESS 489 / 500 priority algorithm_1 active [(84, 'algorithm_1'), (89, 'algorithm_1'), (91, 'algorithm_1'), (92, 'algorithm_1')]
PROGRESS 489 / 500 priority algorithm_1 active [(84, 'algorithm_1'), (89, 'algorithm_1'), (91, 'algorithm_1'), (92, 'algorithm_1')]
PROGRESS 489 / 500 priority algorithm_1 active [(84, 'algorithm_1'), (89, 'algorithm_1'), (91, 'algorithm_1'), (92, 'algorithm_1')]
PROGRESS 489 / 500 priority algorithm_1 active [(84, 'algorithm_1'), (89, 'algorithm_1'), (91, 'algorithm_1'), (92, 'algorithm_1')]
running 489 / 500
PROGRESS 489 / 500 priority algorithm_1 active [(84, 'algorithm_1'), (89, 'algorithm_1'), (91, 'algorithm_1'), (92, 'algorithm_1')]
PROGRESS 489 / 500 priority algorithm_1 active [(84, 'algorithm_1'), (89, 'algorithm_1'), (91, 'algorithm_1'), (92, 'algorithm_1')]
PROGRESS 489 / 500 priority algorithm_1 active [(84, 'algorithm_1'), (89, 'algorithm_1'), (91, 'algorithm_1'), (92, 'algorithm_1')]
PROGRESS 489 / 500 priority algorithm_1 active [(84, 'algorithm_1'), (89, 'algorithm_1'), (91, 'algorithm_1'), (92, 'algorithm_1')]
FINISHED 91 algorithm_1 completed 639.688535
RESOLVED 91 algorithm_1 new
START 93 algorithm_1
PROGRESS 490 / 500 priority algorithm_1 active [(84, 'algorithm_1'), (89, 'algorithm_1'), (92, 'algorithm_1'), (93, 'algorithm_1')]
PROGRESS 490 / 500 priority algorithm_1 active [(84, 'algorithm_1'), (89, 'algorithm_1'), (92, 'algorithm_1'), (93, 'algorithm_1')]
PROGRESS 490 / 500 priority algorithm_1 active [(84, 'algorithm_1'), (89, 'algorithm_1'), (92, 'algorithm_1'), (93, 'algorithm_1')]
PROGRESS 490 / 500 priority algorithm_1 active [(84, 'algorithm_1'), (89, 'algorithm_1'), (92, 'algorithm_1'), (93, 'algorithm_1')]
PROGRESS 490 / 500 priority algorithm_1 active [(84, 'algorithm_1'), (89, 'algorithm_1'), (92, 'algorithm_1'), (93, 'algorithm_1')]
PROGRESS 490 / 500 priority algorithm_1 active [(84, 'algorithm_1'), (89, 'algorithm_1'), (92, 'algorithm_1'), (93, 'algorithm_1')]
running 490 / 500
FINISHED 93 algorithm_1 completed 171.582525
RESOLVED 93 algorithm_1 new
START 94 algorithm_1
PROGRESS 491 / 500 priority algorithm_1 active [(84, 'algorithm_1'), (89, 'algorithm_1'), (92, 'algorithm_1'), (94, 'algorithm_1')]
PROGRESS 491 / 500 priority algorithm_1 active [(84, 'algorithm_1'), (89, 'algorithm_1'), (92, 'algorithm_1'), (94, 'algorithm_1')]
PROGRESS 491 / 500 priority algorithm_1 active [(84, 'algorithm_1'), (89, 'algorithm_1'), (92, 'algorithm_1'), (94, 'algorithm_1')]
PROGRESS 491 / 500 priority algorithm_1 active [(84, 'algorithm_1'), (89, 'algorithm_1'), (92, 'algorithm_1'), (94, 'algorithm_1')]
PROGRESS 491 / 500 priority algorithm_1 active [(84, 'algorithm_1'), (89, 'algorithm_1'), (92, 'algorithm_1'), (94, 'algorithm_1')]
PROGRESS 491 / 500 priority algorithm_1 active [(84, 'algorithm_1'), (89, 'algorithm_1'), (92, 'algorithm_1'), (94, 'algorithm_1')]
PROGRESS 491 / 500 priority algorithm_1 active [(84, 'algorithm_1'), (89, 'algorithm_1'), (92, 'algorithm_1'), (94, 'algorithm_1')]
PROGRESS 491 / 500 priority algorithm_1 active [(84, 'algorithm_1'), (89, 'algorithm_1'), (92, 'algorithm_1'), (94, 'algorithm_1')]
FINISHED 89 algorithm_1 completed 1184.293168
RESOLVED 89 algorithm_1 new
START 95 algorithm_1
PROGRESS 492 / 500 priority algorithm_1 active [(84, 'algorithm_1'), (92, 'algorithm_1'), (94, 'algorithm_1'), (95, 'algorithm_1')]
PROGRESS 492 / 500 priority algorithm_1 active [(84, 'algorithm_1'), (92, 'algorithm_1'), (94, 'algorithm_1'), (95, 'algorithm_1')]
PROGRESS 492 / 500 priority algorithm_1 active [(84, 'algorithm_1'), (92, 'algorithm_1'), (94, 'algorithm_1'), (95, 'algorithm_1')]
running 492 / 500
PROGRESS 492 / 500 priority algorithm_1 active [(84, 'algorithm_1'), (92, 'algorithm_1'), (94, 'algorithm_1'), (95, 'algorithm_1')]
PROGRESS 492 / 500 priority algorithm_1 active [(84, 'algorithm_1'), (92, 'algorithm_1'), (94, 'algorithm_1'), (95, 'algorithm_1')]
FINISHED 94 algorithm_1 completed 391.222937
RESOLVED 94 algorithm_1 new
START 96 algorithm_1
PROGRESS 493 / 500 priority algorithm_1 active [(84, 'algorithm_1'), (92, 'algorithm_1'), (95, 'algorithm_1'), (96, 'algorithm_1')]
PROGRESS 493 / 500 priority algorithm_1 active [(84, 'algorithm_1'), (92, 'algorithm_1'), (95, 'algorithm_1'), (96, 'algorithm_1')]
PROGRESS 493 / 500 priority algorithm_1 active [(84, 'algorithm_1'), (92, 'algorithm_1'), (95, 'algorithm_1'), (96, 'algorithm_1')]
PROGRESS 493 / 500 priority algorithm_1 active [(84, 'algorithm_1'), (92, 'algorithm_1'), (95, 'algorithm_1'), (96, 'algorithm_1')]
FINISHED 92 algorithm_1 completed 916.240327
RESOLVED 92 algorithm_1 new
START 97 algorithm_1
PROGRESS 494 / 500 priority algorithm_1 active [(84, 'algorithm_1'), (95, 'algorithm_1'), (96, 'algorithm_1'), (97, 'algorithm_1')]
PROGRESS 494 / 500 priority algorithm_1 active [(84, 'algorithm_1'), (95, 'algorithm_1'), (96, 'algorithm_1'), (97, 'algorithm_1')]
PROGRESS 494 / 500 priority algorithm_1 active [(84, 'algorithm_1'), (95, 'algorithm_1'), (96, 'algorithm_1'), (97, 'algorithm_1')]
PROGRESS 494 / 500 priority algorithm_1 active [(84, 'algorithm_1'), (95, 'algorithm_1'), (96, 'algorithm_1'), (97, 'algorithm_1')]
FINISHED 84 algorithm_1 completed 2373.183708
RESOLVED 84 algorithm_1 new
START 98 algorithm_1
PROGRESS 495 / 500 priority algorithm_1 active [(95, 'algorithm_1'), (96, 'algorithm_1'), (97, 'algorithm_1'), (98, 'algorithm_1')]
running 495 / 500
PROGRESS 495 / 500 priority algorithm_1 active [(95, 'algorithm_1'), (96, 'algorithm_1'), (97, 'algorithm_1'), (98, 'algorithm_1')]
PROGRESS 495 / 500 priority algorithm_1 active [(95, 'algorithm_1'), (96, 'algorithm_1'), (97, 'algorithm_1'), (98, 'algorithm_1')]
PROGRESS 495 / 500 priority algorithm_1 active [(95, 'algorithm_1'), (96, 'algorithm_1'), (97, 'algorithm_1'), (98, 'algorithm_1')]
PROGRESS 495 / 500 priority algorithm_1 active [(95, 'algorithm_1'), (96, 'algorithm_1'), (97, 'algorithm_1'), (98, 'algorithm_1')]
PROGRESS 495 / 500 priority algorithm_1 active [(95, 'algorithm_1'), (96, 'algorithm_1'), (97, 'algorithm_1'), (98, 'algorithm_1')]
PROGRESS 495 / 500 priority algorithm_1 active [(95, 'algorithm_1'), (96, 'algorithm_1'), (97, 'algorithm_1'), (98, 'algorithm_1')]
FINISHED 98 algorithm_1 completed 211.073672
RESOLVED 98 algorithm_1 new
START 99 algorithm_1
PROGRESS 496 / 500 priority algorithm_1 active [(95, 'algorithm_1'), (96, 'algorithm_1'), (97, 'algorithm_1'), (99, 'algorithm_1')]
PROGRESS 496 / 500 priority algorithm_1 active [(95, 'algorithm_1'), (96, 'algorithm_1'), (97, 'algorithm_1'), (99, 'algorithm_1')]
PROGRESS 496 / 500 priority algorithm_1 active [(95, 'algorithm_1'), (96, 'algorithm_1'), (97, 'algorithm_1'), (99, 'algorithm_1')]
PROGRESS 496 / 500 priority algorithm_1 active [(95, 'algorithm_1'), (96, 'algorithm_1'), (97, 'algorithm_1'), (99, 'algorithm_1')]
running 496 / 500
FINISHED 96 algorithm_1 completed 561.611777
RESOLVED 96 algorithm_1 new
PROGRESS 497 / 500 priority algorithm_1 active [(95, 'algorithm_1'), (97, 'algorithm_1'), (99, 'algorithm_1')]
PROGRESS 497 / 500 priority algorithm_1 active [(95, 'algorithm_1'), (97, 'algorithm_1'), (99, 'algorithm_1')]
PROGRESS 497 / 500 priority algorithm_1 active [(95, 'algorithm_1'), (97, 'algorithm_1'), (99, 'algorithm_1')]
PROGRESS 497 / 500 priority algorithm_1 active [(95, 'algorithm_1'), (97, 'algorithm_1'), (99, 'algorithm_1')]
PROGRESS 497 / 500 priority algorithm_1 active [(95, 'algorithm_1'), (97, 'algorithm_1'), (99, 'algorithm_1')]
FINISHED 97 algorithm_1 completed 596.406594
RESOLVED 97 algorithm_1 new
PROGRESS 498 / 500 priority algorithm_1 active [(95, 'algorithm_1'), (99, 'algorithm_1')]
PROGRESS 498 / 500 priority algorithm_1 active [(95, 'algorithm_1'), (99, 'algorithm_1')]
PROGRESS 498 / 500 priority algorithm_1 active [(95, 'algorithm_1'), (99, 'algorithm_1')]
PROGRESS 498 / 500 priority algorithm_1 active [(95, 'algorithm_1'), (99, 'algorithm_1')]
PROGRESS 498 / 500 priority algorithm_1 active [(95, 'algorithm_1'), (99, 'algorithm_1')]
PROGRESS 498 / 500 priority algorithm_1 active [(95, 'algorithm_1'), (99, 'algorithm_1')]
running 498 / 500
FINISHED 95 algorithm_1 completed 1042.024278
RESOLVED 95 algorithm_1 new
PROGRESS 499 / 500 priority algorithm_1 active [(99, 'algorithm_1')]
FINISHED 99 algorithm_1 completed 459.382234
RESOLVED 99 algorithm_1 new
PROGRESS 500 / 500 priority None active []
finished 500 / 500
finished 500 / 500
