running 400 / 1600
START 1 0 coordinate_mom
START 1 1 coordinate_mom
START 1 2 coordinate_mom
START 1 3 coordinate_mom
PROGRESS 400 / 1600
FINISHED 1 0 coordinate_mom completed 0.000236
FINISHED 1 1 coordinate_mom completed 0.000196
FINISHED 1 3 coordinate_mom completed 0.000485
FINISHED 1 2 coordinate_mom completed 0.000455
START 1 4 coordinate_mom
START 1 5 coordinate_mom
START 1 6 coordinate_mom
START 1 7 coordinate_mom
FINISHED 1 4 coordinate_mom completed FINISHED 0.000218
1 7 coordinate_mom completed 0.000204
FINISHED 1 5 coordinate_mom completed 0.000232
FINISHED 1 6 coordinate_mom completed 0.000223
START 1 8 coordinate_mom
START 1 9 coordinate_mom
START 1 10 coordinate_mom
START 1 11 coordinate_mom
FINISHED 1 9 coordinate_mom completed 0.000204
FINISHED 1 8 coordinate_mom completed 0.000227
FINISHED 1 10 coordinate_mom completed 0.000253
FINISHED 1 11 coordinate_mom completed 0.000207
START 1 12 coordinate_mom
START 1 13 coordinate_mom
START 1 14 coordinate_mom
START 1 15 coordinate_mom
PROGRESS 412 / 1600
FINISHED 1 13 coordinate_mom completed 0.000235
FINISHED 1 15 coordinate_mom completed 0.000207
FINISHED 1 12 coordinate_mom completed 0.000219
FINISHED 1 14 coordinate_mom completed 0.000266
START 1 16 coordinate_mom
START 1 17 coordinate_mom
START 1 18 coordinate_mom
START 1 19 coordinate_mom
FINISHED 1 19 FINISHED 1coordinate_mom completed 0.000197
 18 coordinate_mom completed 0.000227
FINISHED 1 17 coordinate_mom completed 0.00032
FINISHED 1 16 coordinate_mom completed 0.000262
START 1 20 coordinate_mom
START 1 21 coordinate_mom
START 1 22 coordinate_mom
START 1 23 coordinate_mom
FINISHED 1 22 coordinate_mom completed 0.000227
FINISHED 1FINISHED  21 coordinate_mom completed 1 20 coordinate_mom0.000207
 completed 0.000202
FINISHED 1 23 coordinate_mom completed 0.000288
START 1 24 coordinate_mom
START 1 25 coordinate_mom
START 1 26 coordinate_mom
START 1 27 coordinate_mom
PROGRESS 424 / 1600
FINISHED 1 26 coordinate_mom completed 0.000237
FINISHED 1 27 coordinate_mom completed 0.000257
FINISHED 1 25 coordinate_mom completed 0.000263
FINISHED 1 24 coordinate_mom completed 0.000293
START 1 28 coordinate_mom
START 1 29 coordinate_mom
START 1 30 coordinate_mom
START 1 31 coordinate_mom
FINISHED 1 28 coordinate_mom completed 0.000214
START 1 32 coordinate_mom
FINISHED 1 31 coordinate_mom completed 0.000211
FINISHED 1 29 coordinate_mom completed 0.000229
FINISHED 1 30 coordinate_mom completed 0.000208
FINISHED 1 32 coordinate_mom completed 0.00018
START 1 33 coordinate_mom
START 1 34 coordinate_mom
START 1 35 coordinate_mom
START 1 36 coordinate_mom
FINISHED 1 33 coordinate_mom completed 0.000225
FINISHED 1 34 coordinate_mom completed 0.000213
FINISHED 1 36 coordinate_mom completed 0.000231
FINISHED 1 35 coordinate_mom completed 0.000299
START 1 37 coordinate_mom
START 1 38 coordinate_mom
START 1 39 coordinate_mom
START 1 40 coordinate_mom
PROGRESS 437 / 1600
FINISHED 1 39 coordinate_mom completed 0.000216
FINISHEDFINISHED 1 40 coordinate_mom completed 0.000252
 1 37 coordinate_mom completed 0.000229
FINISHED 1 38 coordinate_mom completed 0.000294
START 1 41 coordinate_mom
START 1 42 coordinate_mom
START 1 43 coordinate_mom
START 1 44 coordinate_mom
FINISHED 1 42 coordinate_mom completed 0.00022
FINISHED 1 44 coordinate_mom completed 0.000216
FINISHED 1 43 coordinate_mom completed 0.000243
FINISHED 1 41 coordinate_mom completed 0.000201
START 1 45 coordinate_mom
START 1 46 coordinate_mom
START 1 47 coordinate_mom
START 1 48 coordinate_mom
FINISHED 1 47 coordinate_mom completed 0.000218
FINISHED 1 46 coordinate_mom completed 0.000206
FINISHED 1 45 coordinate_mom completed 0.000195
FINISHED 1 48 coordinate_mom completed 0.000194
START 1 49 coordinate_mom
START 1 50 coordinate_mom
START 1 51 coordinate_mom
START 1 52 coordinate_mom
PROGRESS 449 / 1600
FINISHED 1 51 coordinate_mom completed 0.000231
FINISHED 1 49 coordinate_mom completed 0.00024
FINISHED 1 50 coordinate_mom completed 0.000214
FINISHED 1 52 coordinate_mom completed 0.000311
START 1 53 coordinate_mom
START 1 54 coordinate_mom
START 1 55 coordinate_mom
START 1 56 coordinate_mom
FINISHED 1 53 coordinate_mom completed 0.000232
FINISHED 1 54 coordinate_mom completed 0.000198
FINISHED 1 55 coordinate_mom completed 0.000207
FINISHED 1 56 coordinate_mom completed 0.000245
START 1 57 coordinate_mom
START 1 58 coordinate_mom
START 1 59 coordinate_mom
START 1 60 coordinate_mom
FINISHED 1 60 coordinate_mom completed 0.000232
FINISHED 1 57 coordinate_mom completed 0.000215
FINISHED 1 59 coordinate_mom completed 0.000222
FINISHED 1 58 coordinate_mom completed 0.000228
START 1 61 coordinate_mom
START 1 62 coordinate_mom
START 1 63 coordinate_mom
START 1 64 coordinate_mom
PROGRESS 461 / 1600
FINISHED 1 62 coordinate_mom completed 0.000412
FINISHED 1 63 coordinate_mom completed 0.00023
FINISHED 1 61 coordinate_mom completed 0.000239
FINISHED 1 64 coordinate_mom completed 0.000298
running 465 / 1600
START 1 65 coordinate_mom
START 1 66 coordinate_mom
START 1 67 coordinate_mom
START 1 68 coordinate_mom
FINISHED 1 68 coordinate_mom completed 0.000197
FINISHED 1 67 coordinate_mom completed 0.000207
FINISHED 1 66 coordinate_mom completed 0.000231
FINISHED 1 65 coordinate_mom completed 0.000188
START 1 69 coordinate_mom
START 1 70 coordinate_mom
START 1 71 coordinate_mom
START 1 72 coordinate_mom
FINISHED 1 69 coordinate_mom completed 0.000226
FINISHED 1 71 coordinate_mom completed 0.000204FINISHED 
1 FINISHED 72 coordinate_mom completed 0.000217
1 70 coordinate_mom completed 0.000204
START 1 73 coordinate_mom
START 1 74 coordinate_mom
START 1 75 coordinate_mom
START 1 76 coordinate_mom
PROGRESS 473 / 1600
FINISHED 1 74 coordinate_mom completed 0.000226
FINISHED 1 75 coordinate_mom completed 0.000252
FINISHED 1 76 coordinate_mom completed 0.000305
FINISHED 1 73 coordinate_mom completed 0.000297
START 1 77 coordinate_mom
START 1 78 coordinate_mom
START 1 79 coordinate_mom
START 1 80 coordinate_mom
FINISHED 1FINISHED 1FINISHED 1  79  77 coordinate_momcoordinate_mom completed  completed 0.000199
FINISHED 0.000228
1 78 coordinate_mom completed 0.000209
80 coordinate_mom completed 0.000219
START 1 81 coordinate_mom
START 1 82 coordinate_mom
START 1 83 coordinate_mom
START 1 84 coordinate_mom
FINISHED 1 83 coordinate_mom completed 0.000245
FINISHED 1 81 coordinate_mom completed 0.000464
FINISHED 1 84 coordinate_mom completed 0.000389
FINISHED 1 82 coordinate_mom completed 0.000314
START 1 85 coordinate_mom
START 1 86 coordinate_mom
START 1 87 coordinate_mom
START 1 88 coordinate_mom
PROGRESS 485 / 1600
FINISHED 1 85 coordinate_mom completed 0.000218
FINISHED 1 87 coordinate_mom completed 0.000322
FINISHED 1 86 coordinate_mom completed 0.000252
FINISHED 1 88 coordinate_mom completed 0.000283
START 1 89 coordinate_mom
START 1 90 coordinate_mom
START 1 91 coordinate_mom
START 1 92 coordinate_mom
FINISHED 1 89 coordinate_mom completed 0.000216
FINISHED 1 91 coordinate_mom completed 0.000199
FINISHED 1 90 coordinate_mom completed 0.000205
FINISHED 1 92 coordinate_mom completed 0.000286
START 1 93 coordinate_mom
START 1 94 coordinate_mom
START 1 95 coordinate_mom
START 1 96 coordinate_mom
FINISHED 1 93 coordinate_mom completed 0.000219
FINISHED 1 96 coordinate_mom completedFINISHED  1 95 coordinate_mom completedFINISHED  0.000248
0.000231 94
 coordinate_mom completed 0.000213
START 1 97 coordinate_mom
START 1 98 coordinate_mom
START 1 99 coordinate_mom
START 3 0 coordinate_mom
PROGRESS 497 / 1600
FINISHED 3 0 coordinate_mom completed 0.000288
FINISHED 1 97 coordinate_mom completed 0.000238
FINISHED 1 99 coordinate_mom completed 0.000259
FINISHED 1 98 coordinate_mom completed 0.000283
START 3 1 coordinate_mom
START 3 2 coordinate_mom
START 3 3 coordinate_mom
START 3 4 coordinate_mom
FINISHED 3 1 coordinate_mom completed 0.000282
START 3 5 coordinate_mom
FINISHED 3 2 coordinate_mom completed 0.000302
FINISHED 3 4 coordinate_mom completed 0.000256
FINISHED 3 3 coordinate_mom completed 0.00036
FINISHED 3 5 coordinate_mom completed 0.00026
START 3 6 coordinate_mom
START 3 7 coordinate_mom
START 3 8 coordinate_mom
START 3 9 coordinate_mom
FINISHED 3 7 coordinate_mom completed 0.000277
FINISHED 3 6 coordinate_mom completed 0.00027
FINISHED 3 8 coordinate_mom completed 0.000275
FINISHED 3 9 coordinate_mom completed 0.000252
START 3 10 coordinate_mom
START 3 11 coordinate_mom
START 3 12 coordinate_mom
START 3 13 coordinate_mom
PROGRESS 510 / 1600
FINISHED 3 10 coordinate_mom completed FINISHED 3 11 coordinate_mom0.000324 completed 0.000339

FINISHED 3 13 coordinate_mom completed 0.000351
FINISHED 3 12 coordinate_mom completed 0.000654
running 514 / 1600
START 3 14 coordinate_mom
START 3 15 coordinate_mom
START 3 16 coordinate_mom
START 3 17 coordinate_mom
FINISHED 3 15 coordinate_mom completed 0.000313
FINISHED 3 14 coordinate_mom completed 0.000298
FINISHED 3 17 coordinate_mom completed 0.00037
FINISHED 3 16 coordinate_mom completed 0.000423
START 3 18 coordinate_mom
START 3 19 coordinate_mom
START 3 20 coordinate_mom
START 3 21 coordinate_mom
FINISHED 3 18 coordinate_mom completed 0.000286
FINISHED 3 21 coordinate_mom completed 0.000293
FINISHED 3 20 coordinate_mom completed 0.000337
FINISHED 3 19 coordinate_mom completed 0.000626
START 3 22 coordinate_mom
START 3 23 coordinate_mom
START 3 24 coordinate_mom
START 3 25 coordinate_mom
PROGRESS 522 / 1600
FINISHED 3 23 coordinate_mom completed 0.000294
FINISHED 3 25 coordinate_mom completed 0.000271
FINISHED 3 24 coordinate_mom completed 0.000321
FINISHED 3 22 coordinate_mom completed 0.000551
START 3 26 coordinate_mom
START 3 27 coordinate_mom
START 3 28 coordinate_mom
START 3 29 coordinate_mom
FINISHED 3 26 coordinate_mom completed 0.000294
FINISHED 3 28 coordinate_mom completed 0.000267
FINISHED 3 27 coordinate_mom completed 0.000536
FINISHED 3 29 coordinate_mom completed 0.000327
START 3 30 coordinate_mom
START 3 31 coordinate_mom
START 3 32 coordinate_mom
START 3 33 coordinate_mom
FINISHED 3 30 coordinate_mom completed FINISHED0.000254
FINISHED 3  32 coordinate_mom completed3 33 FINISHEDcoordinate_mom  completed  0.00028730.000271 

31 coordinate_mom completed 0.000246
START 3 34 coordinate_mom
START 3 35 coordinate_mom
START 3 36 coordinate_mom
START 3 37 coordinate_mom
PROGRESS 534 / 1600
FINISHED 3 36 coordinate_mom completed 0.000291
FINISHED 3 34 coordinate_mom completed 0.000298
FINISHED 3 35 coordinate_mom completed 0.000544
FINISHED 3 37 coordinate_mom completed 0.000395
START 3 38 coordinate_mom
START 3 39 coordinate_mom
START 3 40 coordinate_mom
START 3 41 coordinate_mom
FINISHED 3 39 coordinate_mom completed 0.000292
FINISHED 3 40 coordinate_mom completed 0.000311
FINISHED 3 41 coordinate_mom completed 0.000321
FINISHED 3 38 coordinate_mom completed 0.000337
START 3 42 coordinate_mom
START 3 43 coordinate_mom
START 3 44 coordinate_mom
START 3 45 coordinate_mom
FINISHED 3 42 coordinate_mom FINISHED 3 43 coordinate_momcompleted 0.000265
 completed 0.000282
FINISHED 3 44 coordinate_mom completed 0.000316
FINISHED 3 45 coordinate_mom completed 0.000321
START 3 46 coordinate_mom
START 3 47 coordinate_mom
START 3 48 coordinate_mom
START 3 49 coordinate_mom
PROGRESS 546 / 1600
FINISHED 3 47 coordinate_mom completed 0.000301
FINISHED 3 46 coordinate_mom completed 0.000314
FINISHED 3 49 coordinate_mom completed 0.00033
FINISHED 3 48 coordinate_mom completed 0.000346
START 3 50 coordinate_mom
START 3 51 coordinate_mom
START 3 52 coordinate_mom
START 3 53 coordinate_mom
FINISHED 3 50 coordinate_mom completed 0.000271
START 3 54 coordinate_mom
FINISHED 3 52 coordinate_mom completed 0.000307
FINISHED 3 53 coordinate_mom completed 0.000317
FINISHED 3 51 coordinate_mom completed 0.000339
START 3 55 coordinate_mom
START 3 56 coordinate_mom
START 3 57 coordinate_mom
FINISHED 3 54 coordinate_mom completed 0.000275
FINISHED 3 55 coordinate_momFINISHED 3 56 coordinate_mom completed  completed 0.000275
0.000264
FINISHED 3 57 coordinate_mom completed 0.000364
START 3 58 coordinate_mom
START 3 59 coordinate_mom
START 3 60 coordinate_mom
START 3 61 coordinate_mom
FINISHED 3 58 coordinate_mom completed 0.000278
PROGRESS 558 / 1600
FINISHED 3 60 coordinate_mom completed 0.000276
FINISHED 3 61 coordinate_mom completed 0.00033
FINISHED 3 59 coordinate_mom completed 0.000342
running 562 / 1600
START 3 62 coordinate_mom
START 3 63 coordinate_mom
START 3 64 coordinate_mom
START 3 65 coordinate_mom
FINISHED 3 64 coordinate_mom completed 0.000297
FINISHED 3 65 coordinate_mom completed 0.00027
FINISHED 3 63 coordinate_mom completed 0.000268
FINISHED 3 62 coordinate_mom completed 0.00028
START 3 66 coordinate_mom
START 3 67 coordinate_mom
START 3 68 coordinate_mom
START 3 69 coordinate_mom
FINISHED 3 68 coordinate_mom completed 0.000286FINISHED 3
 FINISHED 66 coordinate_mom completed 3 69FINISHED 3 0.000259 67
 coordinate_momcoordinate_mom completed  completed 0.000266
0.000278
START 3 70 coordinate_mom
START 3 71 coordinate_mom
START 3 72 coordinate_mom
START 3 73 coordinate_mom
PROGRESS 570 / 1600
FINISHED 3 73 coordinate_mom completed 0.000276
FINISHED 3 72 coordinate_mom completed 0.000267
FINISHED 3 70 coordinate_mom completed 0.000276
FINISHED 3 71 coordinate_mom completed 0.000374
START 3 74 coordinate_mom
START 3 75 coordinate_mom
START 3 76 coordinate_mom
START 3 77 coordinate_mom
FINISHED 3 74 coordinate_mom completed 0.000264
START 3 78 coordinate_mom
FINISHED 3 77 coordinate_mom completed 0.000303
FINISHED 3 75 coordinate_mom completed 0.000296
FINISHED 3 76 coordinate_mom completed 0.000288
FINISHED 3 78 coordinate_mom completed 0.000251
START 3 79 coordinate_mom
START 3 80 coordinate_mom
START 3 81 coordinate_mom
START 3 82 coordinate_mom
FINISHED 3 82 coordinate_mom completed 0.000281
FINISHED 3 80 coordinate_mom completed 0.000265
FINISHED 3 81 coordinate_mom completed 0.000249
FINISHED 3 79 coordinate_mom completed 0.000395
START 3 83 coordinate_mom
START 3 84 coordinate_mom
START 3 85 coordinate_mom
START 3 86 coordinate_mom
PROGRESS 583 / 1600
FINISHED 3 84 coordinate_mom completed 0.000263
FINISHED 3 86 coordinate_mom completed 0.000288
FINISHED 3 85 coordinate_mom completed FINISHED 30.000311
 83 coordinate_mom completed 0.000328
START 3 87 coordinate_mom
START 3 88 coordinate_mom
START 3 89 coordinate_mom
START 3 90 coordinate_mom
FINISHED 3 87 coordinate_mom completed 0.000284
START 3 91 coordinate_mom
FINISHED 3 90 coordinate_mom completed FINISHED 3 88 coordinate_mom completed 0.00027
0.00026
FINISHED 3 89 coordinate_mom completed 0.000347
FINISHED 3 91 coordinate_mom completed 0.000257
START 3 92 coordinate_mom
START 3 93 coordinate_mom
START 3 94 coordinate_mom
START 3 95 coordinate_mom
FINISHED 3 92 coordinate_mom completed 0.000361
FINISHED 3 93 coordinate_mom completed 0.000275
FINISHED 3 95 FINISHED 3 94 coordinate_mom completed 0.000325coordinate_mom
 completed 0.000327
START 3 96 coordinate_mom
START 3 97 coordinate_mom
START 3 98 coordinate_mom
START 3 99 coordinate_mom
PROGRESS 596 / 1600
FINISHED 3 99 coordinate_mom completed 0.000295
FINISHED 3 96 coordinate_mom completed 0.000278
FINISHED 3 97 coordinate_mom completed 0.000346
FINISHED 3 98 coordinate_mom completed 0.000343
START 4 0 coordinate_mom
START 4 1 coordinate_mom
START 4 2 coordinate_mom
START 4 3 coordinate_mom
FINISHED 4 1 coordinate_mom completed 0.000281
FINISHED 4 0 coordinate_mom completed 0.000302
FINISHED 4 3 coordinate_mom completed 0.000284
FINISHED 4 2 coordinate_mom completed 0.000403
START 4 4 coordinate_mom
START 4 5 coordinate_mom
START 4 6 coordinate_mom
START 4 7 coordinate_mom
FINISHED 4 5 coordinate_momFINISHED 4 6 coordinate_mom completed 0.000311
 completed 0.000274
FINISHED 4 4 coordinate_mom completed 0.000321
FINISHED 4 7 coordinate_mom completed 0.000394
START 4 8 coordinate_mom
START 4 9 coordinate_mom
START 4 10 coordinate_mom
START 4 11 coordinate_mom
PROGRESS 608 / 1600
FINISHED 4 9 coordinate_mom completed 0.000302
FINISHED 4 11 coordinate_mom completed 0.001178
FINISHED 4 8 coordinate_mom completed 0.000527
FINISHED 4 10 coordinate_mom completed 0.00037
running 612 / 1600
START 4 12 coordinate_mom
START 4 13 coordinate_mom
START 4 14 coordinate_mom
START 4 15 coordinate_mom
FINISHED 4 12 coordinate_mom completed 0.000299
FINISHED 4 15 FINISHED 4 13 coordinate_momFINISHED  completed coordinate_mom completed 0.000331
0.000316
4 14 coordinate_mom completed 0.000313
START 4 16 coordinate_mom
START 4 17 coordinate_mom
START 4 18 coordinate_mom
START 4 19 coordinate_mom
FINISHED 4 19 coordinate_mom completed 0.000306
FINISHED 4 18 coordinate_mom completed 0.000309
FINISHED 4 16 coordinate_mom completed 0.000316
FINISHED 4 17 coordinate_mom completed 0.000312
START 4 20 coordinate_mom
START 4 21 coordinate_mom
START 4 22 coordinate_mom
START 4 23 coordinate_mom
PROGRESS 620 / 1600
FINISHED 4 21 coordinate_mom completed 0.000788
FINISHED 4 22 coordinate_mom completed 0.000327
FINISHED 4 20 coordinate_mom completed 0.000338
FINISHED 4 23 coordinate_mom completed 0.000316
START 4 24 coordinate_mom
START 4 25 coordinate_mom
START 4 26 coordinate_mom
START 4 27 coordinate_mom
FINISHED 4 24 coordinate_mom completed 0.000333
FINISHED 4 25 coordinate_mom completed 0.000297
FINISHED 4 27 coordinate_mom completed 0.000328
FINISHED 4 26 coordinate_mom completed 0.000272
START 4 28 coordinate_mom
START 4 29 coordinate_mom
START 4 30 coordinate_mom
START 4 31 coordinate_mom
FINISHED 4FINISHED 4 28 coordinate_mom completed 0.000337
 29 coordinate_mom completed 0.000301
FINISHED 4 31 coordinate_mom completed 0.000313
FINISHED 4 30 coordinate_mom completed 0.000328
START 4 32 coordinate_mom
START 4 33 coordinate_mom
START 4 34 coordinate_mom
START 4 35 coordinate_mom
PROGRESS 632 / 1600
FINISHED 4 35 coordinate_mom completed 0.000311
FINISHED 4 32 coordinate_mom completed 0.000339
FINISHED 4 34 coordinate_mom completed 0.000306
FINISHED 4 33 coordinate_mom completed 0.000377
START 4 36 coordinate_mom
START 4 37 coordinate_mom
START 4 38 coordinate_mom
START 4 39 coordinate_mom
FINISHED 4 39 coordinate_mom completed 0.000293
FINISHED 4 37 coordinate_mom completed 0.000283
FINISHED 4 36 coordinate_mom completed 0.000325
FINISHED 4 38 coordinate_mom completed 0.000369
START 4 40 coordinate_mom
START 4 41 coordinate_mom
START 4 42 coordinate_mom
START 4 43 coordinate_mom
FINISHED 4 40 coordinate_mom completed 0.000314
FINISHED 4 43 coordinate_mom completed 0.000293
FINISHED 4 42 coordinate_mom completed 0.000321
FINISHED 4 41 coordinate_mom completed 0.000309
START 4 44 coordinate_mom
START 4 45 coordinate_mom
START 4 46 coordinate_mom
START 4 47 coordinate_mom
PROGRESS 644 / 1600
FINISHED 4 47 coordinate_mom completed 0.000314
FINISHED 4 44 coordinate_mom completed 0.000289
FINISHED 4 46 coordinate_mom completed 0.000363
FINISHED 4 45 coordinate_mom completed 0.000337
START 4 48 coordinate_mom
START 4 49 coordinate_mom
START 4 50 coordinate_mom
START 4 51 coordinate_mom
FINISHED 4 49 coordinate_mom completed 0.000314FINISHED 
FINISHED 4 51 coordinate_mom completed 4 0.000295
48 coordinate_mom completed 0.000286
FINISHED 4 50 coordinate_mom completed 0.000393
START 4 52 coordinate_mom
START 4 53 coordinate_mom
START 4 54 coordinate_mom
START 4 55 coordinate_mom
FINISHED 4 54 coordinate_mom completed 0.000307
FINISHED 4 52 coordinate_mom completed 0.00028
FINISHEDFINISHED  4 53 coordinate_mom completed 4 55 coordinate_mom completed 0.00031
0.000287
START 4 56 coordinate_mom
START 4 57 coordinate_mom
START 4 58 coordinate_mom
START 4 59 coordinate_mom
PROGRESS 656 / 1600
FINISHED 4 57 coordinate_mom completed 0.000307
FINISHED 4 59 coordinate_mom completed 0.000339
FINISHED 4 56 coordinate_mom completed 0.000451
FINISHED 4 58 coordinate_mom completed 0.000536
running 660 / 1600
START 4 60 coordinate_mom
START 4 61 coordinate_mom
START 4 62 coordinate_mom
START 4 63 coordinate_mom
FINISHED 4 62 coordinate_mom completed 0.0003
FINISHED 4 63 coordinate_mom completed 0.000338
FINISHED 4 61 coordinate_mom completed 0.000311
FINISHED 4 60 coordinate_mom completed 0.000406
START 4 64 coordinate_mom
START 4 65 coordinate_mom
START 4 66 coordinate_mom
START 4 67 coordinate_mom
FINISHED 4 65 coordinate_mom completed FINISHED 0.000346
4 66 coordinate_mom completed FINISHED0.000367
 4FINISHED 4 67 coordinate_mom completed  640.000308
 coordinate_mom completed 0.000342
START 4 68 coordinate_mom
START 4 69 coordinate_mom
START 4 70 coordinate_mom
START 4 71 coordinate_mom
PROGRESS 668 / 1600
FINISHED 4 69 coordinate_mom completed 0.000317
FINISHED 4 71 coordinate_mom completed 0.000342
FINISHED 4 70 coordinate_mom completed 0.000346
FINISHED 4 68 coordinate_mom completed 0.000346
START 4 72 coordinate_mom
START 4 73 coordinate_mom
START 4 74 coordinate_mom
START 4 75 coordinate_mom
FINISHED 4 75 coordinate_mom completed 0.000313
FINISHED 4 73 coordinate_momFINISHED  completed4 FINISHED 4 7472  0.000284
 coordinate_mom completed coordinate_mom completed 0.000292
0.000305
START 4 76 coordinate_mom
START 4 77 coordinate_mom
START 4 78 coordinate_mom
START 4 79 coordinate_mom
FINISHED 4 77 coordinate_mom completed 0.000309
FINISHED 4 76 coordinate_mom completed 0.00031
FINISHED 4 79 coordinate_mom completed 0.000287
FINISHED 4 78 coordinate_mom completed 0.000285
START 4 80 coordinate_mom
START 4 81 coordinate_mom
START 4 82 coordinate_mom
START 4 83 coordinate_mom
PROGRESS 680 / 1600
FINISHED 4 82 coordinate_mom completed 0.000343
FINISHED 4 81 coordinate_mom completed 0.000349
FINISHED 4 80 coordinate_mom FINISHED 4 83 coordinate_mom completed 0.000378
completed 0.000382
START 4 84 coordinate_mom
START 4 85 coordinate_mom
START 4 86 coordinate_mom
START 4 87 coordinate_mom
FINISHED 4 84 coordinate_mom completed 0.000285
FINISHED 4 85 coordinate_mom completed 0.000286
FINISHED 4 86 coordinate_mom completed 0.00029
FINISHED 4 87 coordinate_mom completed 0.000315
START 4 88 coordinate_mom
START 4 89 coordinate_mom
START 4 90 coordinate_mom
START 4 91 coordinate_mom
FINISHED 4 89 coordinate_mom completed 0.000303
FINISHED 4 88 coordinate_mom completed 0.000309
FINISHED 4 91 coordinate_momFINISHED 4 90 coordinate_mom completed  completed 0.000285
0.000287
START 4 92 coordinate_mom
START 4 93 coordinate_mom
START 4 94 coordinate_mom
START 4 95 coordinate_mom
PROGRESS 692 / 1600
FINISHED 4 93 coordinate_mom completed 0.00031
FINISHED 4 92 coordinate_mom completed 0.000339
FINISHED 4 94 coordinate_mom completed 0.000309
FINISHED 4 95 coordinate_mom completed 0.000366
START 4 96 coordinate_mom
START 4 97 coordinate_mom
START 4 98 coordinate_mom
START 4 99 coordinate_mom
FINISHED 4 97 coordinate_mom completed 0.000299
FINISHED 4 96 coordinate_mom completed 0.00036
FINISHED 4 98 coordinate_mom completed 0.000349
FINISHED 4 99 coordinate_mom completed 0.000333
START 1 0 geometric_mom
START 1 1 geometric_mom
START 1 2 geometric_mom
START 1 3 geometric_mom
FINISHED 1 1 geometric_mom completed 0.000678
FINISHED 1 0 geometric_mom completed 0.000783
FINISHED 1 2 geometric_mom completed 0.002455
FINISHED 1 3 geometric_mom completed 0.000806
START 1 4 geometric_mom
START 1 5 geometric_mom
START 1 6 geometric_mom
START 1 7 geometric_mom
PROGRESS 704 / 1600
FINISHED 1 7 geometric_mom completed 0.000575
FINISHED 1 4 geometric_mom completed 0.001507
FINISHED 1 6 geometric_mom completed 0.001674
FINISHED 1 5 geometric_mom completed 0.001251
running 708 / 1600
START 1 8 geometric_mom
START 1 9 geometric_mom
START 1 10 geometric_mom
START 1 11 geometric_mom
FINISHED 1 9 geometric_mom completed 0.000647
FINISHED 1 8 geometric_mom completed 0.000939
FINISHED 1 10 geometric_mom completed 0.000687
FINISHED 1 11 geometric_mom completed 0.001232
START 1 12 geometric_mom
START 1 13 geometric_mom
START 1 14 geometric_mom
START 1 15 geometric_mom
FINISHED 1 12 geometric_mom completed 0.000684
FINISHED 1 15 geometric_mom completed 0.000733
FINISHED 1 13 geometric_mom completed 0.000909
FINISHED 1 14 geometric_mom completed 0.000931
START 1 16 geometric_mom
START 1 17 geometric_mom
START 1 18 geometric_mom
START 1 19 geometric_mom
PROGRESS 716 / 1600
FINISHED 1 16 geometric_mom completed 0.001019
FINISHED 1 19 geometric_mom completed 0.000885
FINISHED 1 17 geometric_mom completed 0.000779
FINISHED 1 18 geometric_mom completed 0.000845
START 1 20 geometric_mom
START 1 21 geometric_mom
START 1 22 geometric_mom
START 1 23 geometric_mom
FINISHED 1 20 geometric_mom completed 0.001144
START 1 24 geometric_mom
FINISHED 1 22 geometric_mom completed 0.002095
FINISHED 1 23 geometric_mom completed 0.000755
FINISHED 1 21 geometric_mom completed 0.000749
FINISHED 1 24 geometric_mom completed 0.000625
START 1 25 geometric_mom
START 1 26 geometric_mom
START 1 27 geometric_mom
START 1 28 geometric_mom
FINISHED 1 26 geometric_mom completed 0.000931
FINISHED 1 27 geometric_mom completed 0.00104
FINISHED 1 25 geometric_mom completed 0.000725
FINISHED 1 28 geometric_mom completed 0.000658
START 1 29 geometric_mom
START 1 30 geometric_mom
START 1 31 geometric_mom
START 1 32 geometric_mom
PROGRESS 729 / 1600
FINISHED 1 31 geometric_mom completed 0.000947
FINISHED 1 30 geometric_mom completed 0.000996
FINISHED 1 32 geometric_mom completed 0.00075
FINISHED 1 29 geometric_mom completed 0.001113
START 1 33 geometric_mom
START 1 34 geometric_mom
START 1 35 geometric_mom
START 1 36 geometric_mom
FINISHED 1 35 geometric_mom completed 0.00076
FINISHED 1 33 geometric_mom completed 0.000763
FINISHED 1 34 geometric_mom completed 0.001266
FINISHED 1 36 geometric_mom completed 0.000933
START 1 37 geometric_mom
START 1 38 geometric_mom
START 1 39 geometric_mom
START 1 40 geometric_mom
FINISHED 1 39 geometric_mom completed 0.000638
FINISHED 1 40 geometric_mom completed 0.001049
FINISHED 1 38 geometric_mom completed 0.001064
FINISHED 1 37 geometric_mom completed 0.001546
START 1 41 geometric_mom
START 1 42 geometric_mom
START 1 43 geometric_mom
START 1 44 geometric_mom
PROGRESS 741 / 1600
FINISHED 1 42 geometric_mom completed 0.000758
FINISHED 1 41 geometric_mom completed 0.000907
FINISHED 1 43 geometric_mom completed 0.000923
FINISHED 1 44 geometric_mom completed 0.000887
START 1 45 geometric_mom
START 1 46 geometric_mom
START 1 47 geometric_mom
START 1 48 geometric_mom
FINISHED 1 45 geometric_mom completed 0.000776
FINISHED 1 47 geometric_mom completed 0.000842
FINISHED 1 46 geometric_mom completed 0.001612
FINISHED 1 48 geometric_mom completed 0.000683
START 1 49 geometric_mom
START 1 50 geometric_mom
START 1 51 geometric_mom
START 1 52 geometric_mom
FINISHED 1 52 geometric_mom completed 0.002092
FINISHED 1 49 geometric_mom completed 0.000921
FINISHED 1 50 geometric_mom completed 0.001661
FINISHED 1 51 geometric_mom completed 0.000809
START 1 53 geometric_mom
START 1 54 geometric_mom
START 1 55 geometric_mom
START 1 56 geometric_mom
PROGRESS 753 / 1600
FINISHED 1 53 geometric_mom completed 0.001344
FINISHED 1 54 geometric_mom completed 0.003469
FINISHED 1 55 geometric_mom completed 0.001482
FINISHED 1 56 geometric_mom completed 0.001056
running 757 / 1600
START 1 57 geometric_mom
START 1 58 geometric_mom
START 1 59 geometric_mom
START 1 60 geometric_mom
FINISHED 1 57 geometric_mom completed 0.004661
FINISHED 1 59 geometric_mom completed 0.000741
FINISHED 1 60 geometric_mom completed 0.001089
FINISHED 1 58 geometric_mom completed 0.000964
START 1 61 geometric_mom
START 1 62 geometric_mom
START 1 63 geometric_mom
START 1 64 geometric_mom
FINISHED 1 63 geometric_mom completed 0.002156
FINISHED 1 64 geometric_mom completed 0.000712
FINISHED 1 62 geometric_mom completed 0.000974
FINISHED 1 61 geometric_mom completed 0.000702
START 1 65 geometric_mom
START 1 66 geometric_mom
START 1 67 geometric_mom
START 1 68 geometric_mom
PROGRESS 765 / 1600
FINISHED 1 67 geometric_mom completed 0.002756
FINISHED 1 66 geometric_mom completed 0.002232
FINISHED 1 68 geometric_mom completed 0.002214
FINISHED 1 65 geometric_mom completed 0.00095
START 1 69 geometric_mom
START 1 70 geometric_mom
START 1 71 geometric_mom
START 1 72 geometric_mom
FINISHED 1 70 geometric_mom completed 0.000844
FINISHED 1 69 geometric_mom completed 0.000851
FINISHED 1 72 geometric_mom completed 0.006732
FINISHED 1 71 geometric_mom completed 0.000859
START 1 73 geometric_mom
START 1 74 geometric_mom
START 1 75 geometric_mom
START 1 76 geometric_mom
FINISHED 1 73 geometric_mom completed 0.000791
FINISHED 1 74 geometric_mom completed 0.001326
FINISHED 1 75 geometric_mom completed 0.000869
FINISHED 1 76 geometric_mom completed 0.000816
START 1 77 geometric_mom
START 1 78 geometric_mom
START 1 79 geometric_mom
START 1 80 geometric_mom
PROGRESS 777 / 1600
FINISHED 1 78 geometric_mom completed 0.000655
FINISHED 1 79 geometric_mom completed 0.000823
FINISHED 1 80 geometric_mom completed 0.000727
FINISHED 1 77 geometric_mom completed 0.001006
START 1 81 geometric_mom
START 1 82 geometric_mom
START 1 83 geometric_mom
START 1 84 geometric_mom
FINISHED 1 82 geometric_mom completedFINISHED 1  83 geometric_mom completed 0.000756
0.000804
FINISHED 1 81 geometric_mom completed 0.000646
FINISHED 1 84 geometric_mom completed 0.001939
START 1 85 geometric_mom
START 1 86 geometric_mom
START 1 87 geometric_mom
START 1 88 geometric_mom
FINISHED 1 85 geometric_mom completed 0.000745
FINISHED 1 87 geometric_mom completed 0.000873
FINISHED 1 86 geometric_mom completed 0.002176
FINISHED 1 88 geometric_mom completed 0.002841
START 1 89 geometric_mom
START 1 90 geometric_mom
START 1 91 geometric_mom
START 1 92 geometric_mom
PROGRESS 789 / 1600
FINISHED 1 90 geometric_mom completed 0.00078
FINISHED 1 91 geometric_mom completed 0.000984
FINISHED 1 89 geometric_mom completed 0.000794
FINISHED 1 92 geometric_mom completed 0.000664
START 1 93 geometric_mom
START 1 94 geometric_mom
START 1 95 geometric_mom
START 1 96 geometric_mom
FINISHED 1 96 geometric_mom completed 0.000797
FINISHED 1 95 geometric_mom completed 0.000838
FINISHED 1 94 geometric_mom completed 0.002381
FINISHED 1 93 geometric_mom completed 0.002851
START 1 97 geometric_mom
START 1 98 geometric_mom
START 1 99 geometric_mom
START 3 0 geometric_mom
FINISHED 1 98 geometric_mom completed 0.000833
FINISHED 1 97 geometric_mom completed 0.000654
FINISHED 1 99 geometric_mom completed 0.00085
FINISHED 3 0 geometric_mom completed 0.000868
START 3 1 geometric_mom
START 3 2 geometric_mom
START 3 3 geometric_mom
START 3 4 geometric_mom
PROGRESS 801 / 1600
FINISHED 3 4 geometric_mom completed 0.000971
FINISHED 3 3 geometric_mom completed 0.001615
FINISHED 3 1 geometric_mom completed 0.000993
FINISHED 3 2 geometric_mom completed 0.001507
running 805 / 1600
START 3 5 geometric_mom
START 3 6 geometric_mom
START 3 7 geometric_mom
START 3 8 geometric_mom
FINISHED 3 6 geometric_mom completed 0.000921
FINISHED 3 7 geometric_mom completed 0.000726
FINISHED 3 5 geometric_mom completed 0.000924
FINISHED 3 8 geometric_mom completed 0.000955
START 3 9 geometric_mom
START 3 10 geometric_mom
START 3 11 geometric_mom
START 3 12 geometric_mom
FINISHED 3 10 geometric_mom completed 0.000859
FINISHED 3 9 geometric_mom completed 0.000761
FINISHED 3 12 geometric_mom completed 0.000628
FINISHED 3 11 geometric_mom completed 0.001015
START 3 13 geometric_mom
START 3 14 geometric_mom
START 3 15 geometric_mom
START 3 16 geometric_mom
PROGRESS 813 / 1600
FINISHED 3 14 geometric_mom completed 0.000879
FINISHED 3 15 geometric_mom completed 0.000799
FINISHED 3 13 geometric_mom completed 0.001035
FINISHED 3 16 geometric_mom completed 0.000864
START 3 17 geometric_mom
START 3 18 geometric_mom
START 3 19 geometric_mom
START 3 20 geometric_mom
FINISHED 3 17 geometric_mom completed 0.00089
START 3 21 geometric_mom
FINISHED 3 19 geometric_mom completed 0.000844
FINISHED 3 20 geometric_mom completed 0.000936
FINISHED 3 18 geometric_mom completed 0.000859
FINISHED 3 21 geometric_mom completed 0.000786
START 3 22 geometric_mom
START 3 23 geometric_mom
START 3 24 geometric_mom
START 3 25 geometric_mom
FINISHED 3 22 geometric_mom completed 0.000821
FINISHED 3 24 geometric_mom completed 0.000773
FINISHED 3 25 geometric_mom completed 0.00084
FINISHED 3 23 geometric_mom completed 0.000946
START 3 26 geometric_mom
START 3 27 geometric_mom
START 3 28 geometric_mom
START 3 29 geometric_mom
PROGRESS 826 / 1600
FINISHED 3 29 geometric_mom completed 0.000815
FINISHED 3 28 geometric_mom completed 0.000831
FINISHED 3 27 geometric_mom completed 0.000862
FINISHED 3 26 geometric_mom completed 0.000885
START 3 30 geometric_mom
START 3 31 geometric_mom
START 3 32 geometric_mom
START 3 33 geometric_mom
FINISHED 3 30 geometric_mom completed 0.000941
FINISHED 3 32 geometric_mom completed 0.000735
FINISHED 3 33 geometric_mom completed 0.000962
FINISHED 3 31 geometric_mom completed 0.000897
START 3 34 geometric_mom
START 3 35 geometric_mom
START 3 36 geometric_mom
START 3 37 geometric_mom
FINISHED 3 36 geometric_mom completed 0.000944
FINISHED 3 37 geometric_mom completed 0.000773
FINISHED 3 35 geometric_mom completed 0.000799
FINISHED 3 34 geometric_mom completed 0.000816
START 3 38 geometric_mom
START 3 39 geometric_mom
START 3 40 geometric_mom
START 3 41 geometric_mom
PROGRESS 838 / 1600
FINISHED 3 38 geometric_mom completed 0.000747
FINISHED 3 40 geometric_mom completed 0.000772
FINISHED 3 41 geometric_mom completed 0.000988
FINISHED 3 39 geometric_mom completed 0.000886
START 3 42 geometric_mom
START 3 43 geometric_mom
START 3 44 geometric_mom
START 3 45 geometric_mom
FINISHED 3 43 geometric_mom completed 0.000678
FINISHED 3 42 geometric_mom completed 0.000778
FINISHED 3 44 geometric_mom completed 0.001031
FINISHED 3 45 geometric_mom completed 0.000883
START 3 46 geometric_mom
START 3 47 geometric_mom
START 3 48 geometric_mom
START 3 49 geometric_mom
FINISHED 3 47 geometric_mom completed 0.000756
FINISHED 3 46 geometric_mom completed 0.00086
FINISHED 3 49 geometric_mom completed 0.000974
FINISHED 3 48 geometric_mom completed 0.001183
START 3 50 geometric_mom
START 3 51 geometric_mom
START 3 52 geometric_mom
START 3 53 geometric_mom
PROGRESS 850 / 1600
FINISHED 3 50 geometric_mom completed 0.001067
FINISHED 3 51 geometric_mom completed 0.00089
FINISHED 3 52 geometric_mom completed 0.00254
FINISHED 3 53 geometric_mom completed 0.001093
running 854 / 1600
START 3 54 geometric_mom
START 3 55 geometric_mom
START 3 56 geometric_mom
START 3 57 geometric_mom
FINISHED 3 57 geometric_mom completed 0.000902
FINISHEDFINISHED 3 56 geometric_mom completed  3 540.001026
 geometric_mom completed 0.001011
FINISHED 3 55 geometric_mom completed 0.001045
START 3 58 geometric_mom
START 3 59 geometric_mom
START 3 60 geometric_mom
START 3 61 geometric_mom
FINISHED 3 59 geometric_mom completed FINISHED0.000784 
FINISHED3 58 geometric_mom completed FINISHED0.000863
  33 61 geometric_mom completed  0.00084160 geometric_mom completed 
0.000899
START 3 62 geometric_mom
START 3 63 geometric_mom
START 3 64 geometric_mom
START 3 65 geometric_mom
PROGRESS 862 / 1600
FINISHED 3 63 geometric_mom completed 0.000769
FINISHED 3 64 geometric_mom completed 0.000793
FINISHED 3 62 geometric_mom completed 0.000913
FINISHED 3 65 geometric_mom completed 0.001136
START 3 66 geometric_mom
START 3 67 geometric_mom
START 3 68 geometric_mom
START 3 69 geometric_mom
FINISHED FINISHED 3 68 geometric_mom completed 0.000842
FINISHED 3FINISHED  66 3 geometric_mom completed 0.000783
693 67 geometric_mom completed  0.000961
geometric_mom completed 0.000832
START 3 70 geometric_mom
START 3 71 geometric_mom
START 3 72 geometric_mom
START 3 73 geometric_mom
FINISHED 3 70 geometric_mom completed 0.000866
FINISHED 3 71 geometric_mom completed FINISHED0.001018 
3 73 geometric_mom FINISHEDcompleted  30.001052
 72 geometric_mom completed 0.001059
START 3 74 geometric_mom
START 3 75 geometric_mom
START 3 76 geometric_mom
START 3 77 geometric_mom
PROGRESS 874 / 1600
FINISHED 3 74 geometric_mom completed 0.001432
FINISHED 3 77 geometric_mom completed 0.000784
FINISHED 3FINISHED 3 75 geometric_mom completed  76 geometric_mom completed 0.000825
0.000857
START 3 78 geometric_mom
START 3 79 geometric_mom
START 3 80 geometric_mom
START 3 81 geometric_mom
FINISHED 3 78 geometric_mom completed 0.000734
FINISHED 3 FINISHED 3 81 geometric_mom completed 0.000893
FINISHED 79 geometric_mom completed 0.000812
3 80 geometric_mom completed 0.000863
START 3 82 geometric_mom
START 3 83 geometric_mom
START 3 84 geometric_mom
START 3 85 geometric_mom
FINISHED 3 82 geometric_mom completed 0.0008
FINISHED 3 83 geometric_mom completed 0.000991
FINISHED 3 84 geometric_mom completed 0.001019
FINISHED 3 85 geometric_mom completed 0.000808
START 3 86 geometric_mom
START 3 87 geometric_mom
START 3 88 geometric_mom
START 3 89 geometric_mom
PROGRESS 886 / 1600
FINISHED 3 88 geometric_mom completed 0.000932
FINISHED 3 87 geometric_mom completed 0.000934
FINISHED 3 89 geometric_mom completed 0.001035
FINISHED 3 86 geometric_mom completed 0.000908
START 3 90 geometric_mom
START 3 91 geometric_mom
START 3 92 geometric_mom
START 3 93 geometric_mom
FINISHED 3 92 geometric_mom completed FINISHED0.000791
FINISHED  FINISHED33 91 geometric_mom  completed  0.0008390 geometric_mom 3 93
completed  0.000829
geometric_mom completed 0.000782
START 3 94 geometric_mom
START 3 95 geometric_mom
START 3 96 geometric_mom
START 3 97 geometric_mom
FINISHED 3 95 geometric_mom completed 0.000968
FINISHED 3 94 geometric_mom completed 0.001017
FINISHED 3 97 geometric_mom completed 0.000752
FINISHED 3 96 geometric_mom completed 0.000883
START 3 98 geometric_mom
START 3 99 geometric_mom
START 4 0 geometric_mom
START 4 1 geometric_mom
PROGRESS 898 / 1600
FINISHED 3 98 geometric_mom completed 0.000759
FINISHED 3 99 geometric_mom completed 0.000827
FINISHED 4 1 geometric_mom completed 0.000876
FINISHED 4 0 geometric_mom completed 0.000878
START 4 2 geometric_mom
START 4 3 geometric_mom
START 4 4 geometric_mom
START 4 5 geometric_mom
FINISHED 4 3 geometric_mom completed 0.000878
FINISHED 4 2 geometric_mom completed 0.000985
START 4 6 geometric_mom
START 4 7 geometric_mom
FINISHED 4 5 geometric_mom completed 0.000778
FINISHED 4 4 geometric_mom completed 0.000901
FINISHED 4 6 geometric_mom completed 0.000734
FINISHED 4 7 geometric_mom completed 0.000793
START 4 8 geometric_mom
START 4 9 geometric_mom
START 4 10 geometric_mom
START 4 11 geometric_mom
PROGRESS 908 / 1600
FINISHED 4 10 geometric_mom completed 0.000829
FINISHED 4 9 geometric_mom completed 0.001067
FINISHED 4 8 geometric_mom completed 0.000891
FINISHED 4 11 geometric_mom completed 0.000983
running 912 / 1600
START 4 12 geometric_mom
START 4 13 geometric_mom
START 4 14 geometric_mom
START 4 15 geometric_mom
FINISHED 4 14 geometric_mom completed 0.000763
FINISHED 4 12 geometric_mom completed 0.00078
FINISHED 4 13 geometric_mom completed 0.000993
FINISHED 4 15 geometric_mom completed 0.000742
START 4 16 geometric_mom
START 4 17 geometric_mom
START 4 18 geometric_mom
START 4 19 geometric_mom
FINISHED 4 18 geometric_mom completed 0.000938
FINISHED 4 19 geometric_mom completed 0.00089
FINISHED 4 17 geometric_mom completed 0.000855
FINISHED 4 16 geometric_mom completed 0.000852
START 4 20 geometric_mom
START 4 21 geometric_mom
START 4 22 geometric_mom
START 4 23 geometric_mom
PROGRESS 920 / 1600
FINISHED 4 21 geometric_mom completed 0.000947
FINISHED 4 22 geometric_mom completed 0.000994
FINISHED 4 23 geometric_mom completed 0.00107
FINISHED 4 20 geometric_mom completed 0.001108
START 4 24 geometric_mom
START 4 25 geometric_mom
START 4 26 geometric_mom
START 4 27 geometric_mom
FINISHED 4 24 geometric_mom completed 0.000845
FINISHED 4 27 geometric_mom completed 0.000843
FINISHED 4 25 geometric_mom completed 0.000881
FINISHED 4 26 geometric_mom completed 0.000913
START 4 28 geometric_mom
START 4 29 geometric_mom
START 4 30 geometric_mom
START 4 31 geometric_mom
FINISHED 4 30 geometric_mom completed 0.000749
FINISHED 4 31 geometric_mom completed 0.000776
FINISHED 4 29 geometric_mom completed 0.000791
FINISHED 4 28 geometric_mom completed 0.000865
START 4 32 geometric_mom
START 4 33 geometric_mom
START 4 34 geometric_mom
START 4 35 geometric_mom
PROGRESS 932 / 1600
FINISHED 4 33 geometric_momFINISHED 4  completed 0.000799
35 geometric_mom completed 0.000804
FINISHED 4 32 geometric_mom completed 0.000782
FINISHED 4 34 geometric_mom completed 0.001074
START 4 36 geometric_mom
START 4 37 geometric_mom
START 4 38 geometric_mom
START 4 39 geometric_mom
FINISHED 4 36 geometric_mom completed 0.000911
FINISHED 4 38 geometric_mom completed 0.000929
FINISHED 4 37 geometric_mom completed 0.000842
FINISHED 4 39 geometric_mom completed 0.000918
START 4 40 geometric_mom
START 4 41 geometric_mom
START 4 42 geometric_mom
START 4 43 geometric_mom
FINISHED 4 43 geometric_mom completed 0.000708
FINISHED 4 42 geometric_mom completed 0.000858
FINISHED 4 40 geometric_mom completed 0.000818
FINISHED 4 41 geometric_mom completed 0.001339
START 4 44 geometric_mom
START 4 45 geometric_mom
START 4 46 geometric_mom
START 4 47 geometric_mom
PROGRESS 944 / 1600
FINISHED 4 47 geometric_mom completed 0.000891
FINISHED 4 45 geometric_mom completed 0.001037
FINISHED 4 44 geometric_mom completed 0.000899
FINISHED 4 46 geometric_mom completed 0.000831
START 4 48 geometric_mom
START 4 49 geometric_mom
START 4 50 geometric_mom
START 4 51 geometric_mom
FINISHED 4 50 geometric_mom completed 0.000834
FINISHED 4 48 geometric_mom completed 0.001107
FINISHED 4 49 geometric_mom completed 0.000855
FINISHED 4 51 geometric_mom completed 0.000769
START 4 52 geometric_mom
START 4 53 geometric_mom
START 4 54 geometric_mom
START 4 55 geometric_mom
FINISHED 4 53 geometric_mom completed 0.001223
FINISHED 4 52 geometric_mom completed 0.000862
FINISHED 4 55 geometric_mom completed 0.001206
FINISHED 4 54 geometric_mom completed 0.001032
START 4 56 geometric_mom
START 4 57 geometric_mom
START 4 58 geometric_mom
START 4 59 geometric_mom
PROGRESS 956 / 1600
FINISHED 4 56 geometric_mom completed 0.001112
FINISHED 4 57 geometric_mom completed 0.001068
FINISHED 4 59 geometric_mom completed 0.00095
FINISHED 4 58 geometric_mom completed 0.001927
running 960 / 1600
START 4 60 geometric_mom
START 4 61 geometric_mom
START 4 62 geometric_mom
START 4 63 geometric_mom
FINISHED 4 60 geometric_mom completed 0.000838
FINISHED 4 61 geometric_mom completed 0.000851
FINISHED 4 62 geometric_mom completed 0.000888
FINISHED 4 63 geometric_mom completed 0.000761
START 4 64 geometric_mom
START 4 65 geometric_mom
START 4 66 geometric_mom
START 4 67 geometric_mom
FINISHED 4 65 geometric_mom completed 0.000962
FINISHED 4 67 geometric_mom completed 0.000865
FINISHED 4 64 geometric_mom completed 0.000795
FINISHED 4 66 geometric_mom completed 0.000931
START 4 68 geometric_mom
START 4 69 geometric_mom
START 4 70 geometric_mom
START 4 71 geometric_mom
PROGRESS 968 / 1600
FINISHED 4 69 geometric_mom completed FINISHED 4FINISHED  684 70 geometric_mom geometric_mom 0.000818
completed  completed 0.00083
0.000825
FINISHED 4 71 geometric_mom completed 0.00106
START 4 72 geometric_mom
START 4 73 geometric_mom
START 4 74 geometric_mom
START 4 75 geometric_mom
FINISHED 4 74FINISHED 4 72 geometric_mom completed 0.000899
 geometric_mom completed 0.000928
FINISHED 4 73 geometric_mom completed 0.00107
FINISHED 4 75 geometric_mom completed 0.000795
START 4 76 geometric_mom
START 4 77 geometric_mom
START 4 78 geometric_mom
START 4 79 geometric_mom
FINISHED 4 76 geometric_mom completed 0.000852
FINISHED 4 78 geometric_mom completed 0.001137
FINISHED 4 79 geometric_mom FINISHED 4 77 geometric_mom completed completed 0.000868
0.000909
START 4 80 geometric_mom
START 4 81 geometric_mom
START 4 82 geometric_mom
START 4 83 geometric_mom
PROGRESS 980 / 1600
FINISHED 4 83 geometric_mom completed 0.000889
FINISHED 4 81 geometric_mom completed 0.000918
FINISHED 4 82 geometric_mom completed 0.001072
FINISHED 4 80 geometric_mom completed 0.001024
START 4 84 geometric_mom
START 4 85 geometric_mom
START 4 86 geometric_mom
START 4 87 geometric_mom
FINISHED 4 87 geometric_mom completed FINISHED 40.000804
FINISHED  85 geometric_mom 4 completed 0.000837
84 FINISHED 4 86 geometric_mom geometric_momcompleted  completed 0.0007570.000817

START 4 88 geometric_mom
START 4 89 geometric_mom
START 4 90 geometric_mom
START 4 91 geometric_mom
FINISHED 4 90 geometric_mom completed 0.000847
FINISHED 4 89 geometric_mom completed 0.000955
FINISHED 4 88 geometric_mom completed 0.00092
FINISHED 4 91 geometric_mom completed 0.001015
START 4 92 geometric_mom
START 4 93 geometric_mom
START 4 94 geometric_mom
START 4 95 geometric_mom
PROGRESS 992 / 1600
FINISHED 4 93 geometric_mom completed 0.000797
FINISHED 4 92 geometric_mom completed 0.000762
FINISHED 4 95 geometric_mom completed 0.000806
FINISHED 4 94 geometric_mom completed 0.000941
START 4 96 geometric_mom
START 4 97 geometric_mom
START 4 98 geometric_mom
START 4 99 geometric_mom
FINISHED 4 96 geometric_mom completed 0.000837
FINISHED 4 98 geometric_mom completed 0.001079
FINISHED 4 97 geometric_mom completed 0.000837
FINISHED 4 99 geometric_mom completed 0.000882
START 1 0 dl_clarabel
START 1 1 dl_clarabel
START 1 2 dl_clarabel
START 1 3 dl_clarabel
FINISHED 1 1 dl_clarabel completed 0.658938
FINISHED 1 0 dl_clarabel completed 0.69023
FINISHED 1 3 dl_clarabel completed 0.743419
FINISHED 1 2 dl_clarabel completed 0.758466
START 1 4 dl_clarabel
START 1 5 dl_clarabel
START 1 6 dl_clarabel
PROGRESS 1004 / 1600
FINISHED 1 4 dl_clarabel completed 0.716841
FINISHED 1 6 dl_clarabel completed 0.718382
FINISHED 1 5 dl_clarabel completed 0.722809
running 1004 / 1600
START 1 7 dl_clarabel
START 1 8 dl_clarabel
START 1 9 dl_clarabel
START 1 10 dl_clarabel
FINISHED 1 10 dl_clarabel completed 0.678938
FINISHED 1 8 dl_clarabel completed 0.716228
FINISHED 1 9 dl_clarabel completed 0.784898
FINISHED 1 7 dl_clarabel completed 0.837788
START 1 11 dl_clarabel
START 1 12 dl_clarabel
START 1 13 dl_clarabel
START 1 14 dl_clarabel
FINISHED 1 11 dl_clarabel completed 0.765092
FINISHED 1 13 dl_clarabel completed 0.789559
FINISHED 1 12 dl_clarabel completed 0.848585
FINISHED 1 14 dl_clarabel completed 0.896554
START 1 15 dl_clarabel
START 1 16 dl_clarabel
START 1 17 dl_clarabel
START 1 18 dl_clarabel
PROGRESS 1015 / 1600
FINISHED 1 15 dl_clarabel completed 0.524344
START 1 19 dl_clarabel
FINISHED 1 17 dl_clarabel completed 0.670863
FINISHED 1 16 dl_clarabel completed 0.768851
FINISHED 1 18 dl_clarabel completed 0.872769
START 1 20 dl_clarabel
START 1 21 dl_clarabel
START 1 22 dl_clarabel
FINISHED 1 19 dl_clarabel completed 0.681278
START 1 23 dl_clarabel
FINISHED 1 20 dl_clarabel completed 0.792927
FINISHED 1 21 dl_clarabel completed 0.793744
START 1 24 dl_clarabel
START 1 25 dl_clarabel
FINISHED 1 22 dl_clarabel completed 0.960309
START 1 26 dl_clarabel
FINISHED 1 23 dl_clarabel completed 0.868291
START 1 27 dl_clarabel
FINISHED 1 25 dl_clarabel completed 0.757372
FINISHED 1 24 dl_clarabel completed 0.972706
FINISHED 1 26 dl_clarabel completed 0.728317
START 1 28 dl_clarabel
PROGRESS 1027 / 1600
START 1 29 dl_clarabel
START 1 30 dl_clarabel
FINISHED 1 27 dl_clarabel completed 0.810986
START 1 31 dl_clarabel
FINISHED 1 28 dl_clarabel completed 0.731828
START 1 32 dl_clarabel
FINISHED 1 29 dl_clarabel completed 0.740382
FINISHED 1 30 dl_clarabel completed 0.781705
FINISHED 1 31 dl_clarabel completed 0.71965
START 1 33 dl_clarabel
START 1 34 dl_clarabel
START 1 35 dl_clarabel
FINISHED 1 32 dl_clarabel completed 0.609981
START 1 36 dl_clarabel
FINISHED 1 34 dl_clarabel completed 0.737298
FINISHED 1 33 dl_clarabel completed 0.771275
FINISHED 1 35 dl_clarabel completed 0.808831
START 1 37 dl_clarabel
START 1 38 dl_clarabel
START 1 39 dl_clarabel
PROGRESS 1036 / 1600
FINISHED 1 36 dl_clarabel completed 1.077291
START 1 40 dl_clarabel
FINISHED 1 38 dl_clarabel completed 0.746382
FINISHED 1 37 dl_clarabel completed 0.773946
FINISHED 1 39 dl_clarabel completed 0.811963
START 1 41 dl_clarabel
START 1 42 dl_clarabel
START 1 43 dl_clarabel
FINISHED 1 40 dl_clarabel completed 0.62101
START 1 44 dl_clarabel
FINISHED 1 41 dl_clarabel completed 0.824305
FINISHED 1 43 dl_clarabel completed 0.829546
FINISHED 1 42 dl_clarabel completed 0.884613
FINISHED 1 44 dl_clarabel completed 0.38227
START 1 45 dl_clarabel
START 1 46 dl_clarabel
START 1 47 dl_clarabel
START 1 48 dl_clarabel
FINISHED 1 48 dl_clarabel completed 0.532961
FINISHED 1 45 dl_clarabel completed 0.763849
FINISHED 1 46 dl_clarabel completed FINISHED 1 47 0.802329
dl_clarabel completed 0.803303
START 1 49 dl_clarabel
PROGRESS 1049 / 1600
START 1 50 dl_clarabel
START 1 51 dl_clarabel
START 1 52 dl_clarabel
FINISHED 1 49 dl_clarabel completed 0.715143
START 1 53 dl_clarabel
FINISHED 1 51 dl_clarabel completed 0.728702
FINISHED 1 52 dl_clarabel completed 0.780372
FINISHED 1 50 dl_clarabel completed 0.787541
START 1 54 dl_clarabel
START 1 55 dl_clarabel
START 1 56 dl_clarabel
FINISHED 1 53 dl_clarabel completed 0.853465
START 1 57 dl_clarabel
FINISHED 1 55 dl_clarabel completed 0.633371
FINISHED 1 54 dl_clarabel completed 0.786222
START 1 58 dl_clarabel
START 1 59 dl_clarabel
FINISHED 1 56 dl_clarabel completed 1.091834
PROGRESS 1057 / 1600
FINISHED 1 57 dl_clarabel completed 0.913238
FINISHED 1 58 dl_clarabel completed 0.834296
FINISHED 1 59 dl_clarabel completed 0.758794
running 1059 / 1600
START 1 60 dl_clarabel
START 1 61 dl_clarabel
START 1 62 dl_clarabel
START 1 63 dl_clarabel
FINISHED 1 62 dl_clarabel completed 0.82972
FINISHED 1 63 dl_clarabel completed 0.851753
FINISHED 1 60 dl_clarabel completed 0.885605
FINISHED 1 61 dl_clarabel completed 0.915403
START 1 64 dl_clarabel
START 1 65 dl_clarabel
START 1 66 dl_clarabel
START 1 67 dl_clarabel
FINISHED 1 67 dl_clarabel completed 0.737382
FINISHED 1 66 dl_clarabel completed 0.755007
FINISHED 1 64 dl_clarabel completed 0.961026
FINISHED 1 65 dl_clarabel completed 0.972703
START 1 68 dl_clarabel
START 1 69 dl_clarabel
START 1 70 dl_clarabel
START 1 71 dl_clarabel
PROGRESS 1068 / 1600
FINISHED 1 71 dl_clarabel completed 0.80808
FINISHED 1 70 dl_clarabel completed 0.91265
FINISHED 1 69 dl_clarabel completed 0.942495
FINISHED 1 68 dl_clarabel completed 0.988236
START 1 72 dl_clarabel
START 1 73 dl_clarabel
START 1 74 dl_clarabel
START 1 75 dl_clarabel
FINISHED 1 72 dl_clarabel completed 0.741999
FINISHED 1 73 dl_clarabel completed 0.840542
FINISHED 1 74 dl_clarabel completed 0.86912
START 1 76 dl_clarabel
START 1 77 dl_clarabel
START 1 78 dl_clarabel
FINISHED 1 75 dl_clarabel completed 0.786642
START 1 79 dl_clarabel
FINISHED 1 78 dl_clarabel completed 0.814782
FINISHED 1 76 dl_clarabel completed 0.909417
FINISHED 1 77 dl_clarabel completed 1.001417
START 1 80 dl_clarabel
START 1 81 dl_clarabel
START 1 82 dl_clarabel
FINISHED 1 79 dl_clarabel completed 0.804243
PROGRESS 1080 / 1600
START 1 83 dl_clarabel
FINISHED 1 81 dl_clarabel completed 0.752749
FINISHED 1 82 dl_clarabel completed 0.784014
START 1 84 dl_clarabel
FINISHED 1 80 dl_clarabel completed 0.948199
START 1 85 dl_clarabel
START 1 86 dl_clarabel
FINISHED 1 83 dl_clarabel completed 0.739797
START 1 87 dl_clarabel
FINISHED 1 84 dl_clarabel completed 0.786053
START 1 88 dl_clarabel
FINISHED 1 86 dl_clarabel completed 0.771271
FINISHED 1 85 dl_clarabel completed 0.872889
START 1 89 dl_clarabel
START 1 90 dl_clarabel
FINISHED 1 87 dl_clarabel completed 0.575821
START 1 91 dl_clarabel
FINISHED 1 88 dl_clarabel completed 0.801644
FINISHED 1 90 dl_clarabel completed 0.774598
START 1 92 dl_clarabel
FINISHED 1 89 dl_clarabel completed 0.842925
FINISHED 1 91 dl_clarabel completed 0.917287
PROGRESS 1091 / 1600
START 1 93 dl_clarabel
START 1 94 dl_clarabel
START 1 95 dl_clarabel
FINISHED 1 92 dl_clarabel completed 1.035639
START 1 96 dl_clarabel
FINISHED 1 93 dl_clarabel completed 0.726695
FINISHED 1 94 dl_clarabel completed 0.802503
START 1 97 dl_clarabel
FINISHED 1 95 dl_clarabel completed 0.982225
START 1 98 dl_clarabel
START 1 99 dl_clarabel
FINISHED 1 96 dl_clarabel completed 0.771088
START 3 0 dl_clarabel
FINISHED 1 97 dl_clarabel completed 1.031798
START 3 1 dl_clarabel
FINISHED 1 99 dl_clarabel completed 1.109268
FINISHED 1 98 dl_clarabel completed 1.287814
START 3 2 dl_clarabel
START 3 3 dl_clarabel
FINISHED 3 0 dl_clarabel completed 1.220097
PROGRESS 1100 / 1600
FINISHED 3 1 dl_clarabel completed 2.038864
FINISHED 3 2 dl_clarabel completed 1.64656
FINISHED 3 3 dl_clarabel completed 1.839746
running 1101 / 1600
START 3 4 dl_clarabel
START 3 5 dl_clarabel
START 3 6 dl_clarabel
START 3 7 dl_clarabel
FINISHED 3 7 dl_clarabel completed 1.138552
START 3 8 dl_clarabel
FINISHED 3 5 dl_clarabel completed 1.303411
START 3 9 dl_clarabel
FINISHED 3 6 dl_clarabel completed 1.663234
START 3 10 dl_clarabel
FINISHED 3 4 dl_clarabel completed 1.900312
START 3 11 dl_clarabel
FINISHED 3 9 dl_clarabel completed 1.649306
FINISHED 3 10 dl_clarabel completed 1.434382
START 3 12 dl_clarabel
FINISHED 3 8 dl_clarabel completed 2.025355
START 3 13 dl_clarabel
START 3 14 dl_clarabel
FINISHED 3 11 dl_clarabel completed 1.725927
PROGRESS 1111 / 1600
START 3 15 dl_clarabel
FINISHED 3 12 dl_clarabel completed 1.942088
FINISHED 3 13 dl_clarabel completed 1.751409
FINISHED 3 14 dl_clarabel completed 1.893773
START 3 16 dl_clarabel
START 3 17 dl_clarabel
START 3 18 dl_clarabel
FINISHED 3 15 dl_clarabel completed 1.656336
START 3 19 dl_clarabel
FINISHED 3 18 dl_clarabel completed 1.49089
START 3 20 dl_clarabel
FINISHED 3 16 dl_clarabel completed 1.823597
FINISHED 3 17 dl_clarabel completed 1.87323
START 3 21 dl_clarabel
START 3 22 dl_clarabel
FINISHED 3 19 dl_clarabel completed 1.702988
START 3 23 dl_clarabel
FINISHED 3 20 dl_clarabel completed 1.918074
START 3 24 dl_clarabel
FINISHED 3 21 dl_clarabel completed 1.78475
FINISHED 3 22 dl_clarabel completed 1.920734
PROGRESS 1123 / 1600
START 3 25 dl_clarabel
START 3 26 dl_clarabel
FINISHED 3 23 dl_clarabel completed 1.73928
START 3 27 dl_clarabel
FINISHED 3 24 dl_clarabel completed 1.993215
START 3 28 dl_clarabel
FINISHED 3 26 dl_clarabel completed 1.893875
START 3 29 dl_clarabel
FINISHED 3 27 dl_clarabel completed 1.902847
FINISHED 3 25 dl_clarabel completed 2.229231
START 3 30 dl_clarabel
START 3 31 dl_clarabel
FINISHED 3 28 dl_clarabel completed 1.869799
START 3 32 dl_clarabel
FINISHED 3 29 dl_clarabel completed 1.822665
START 3 33 dl_clarabel
FINISHED 3 30 dl_clarabel completed 1.974345
FINISHED 3 31 dl_clarabel completed 2.157528
START 3 34 dl_clarabel
START 3 35 dl_clarabel
PROGRESS 1132 / 1600
FINISHED 3 32 dl_clarabel completed 1.813165
START 3 36 dl_clarabel
FINISHED 3 33 dl_clarabel completed 2.089714
FINISHED 3 35 dl_clarabel completed 1.545821
START 3 37 dl_clarabel
FINISHED 3 34 dl_clarabel completed 1.808699
START 3 38 dl_clarabel
START 3 39 dl_clarabel
FINISHED 3 36 dl_clarabel completed 2.038786
START 3 40 dl_clarabel
FINISHED 3 37 dl_clarabel completed 1.959238
FINISHED 3 38 dl_clarabel completed 1.841943
FINISHED 3 39 dl_clarabel completed 1.602139
START 3 41 dl_clarabel
START 3 42 dl_clarabel
START 3 43 dl_clarabel
FINISHED 3 40 dl_clarabel completed 1.654105
START 3 44 dl_clarabel
FINISHED 3 43 dl_clarabel completed 1.436619
START 3 45 dl_clarabel
FINISHED 3 41 dl_clarabel completed 1.994964
FINISHED 3 42 dl_clarabel completed 2.117339
PROGRESS 1142 / 1600
START 3 46 dl_clarabel
START 3 47 dl_clarabel
FINISHED 3 44 dl_clarabel completed 1.706766
START 3 48 dl_clarabel
FINISHED 3 45 dl_clarabel completed 1.931694
START 3 49 dl_clarabel
FINISHED 3 47 dl_clarabel completed 1.525644
START 3 50 dl_clarabel
FINISHED 3 46 dl_clarabel completed 1.927938
START 3 51 dl_clarabel
FINISHED 3 48 dl_clarabel completed 1.611097
START 3 52 dl_clarabel
FINISHED 3 49 dl_clarabel completed 1.977591
START 3 53 dl_clarabel
FINISHED 3 50 dl_clarabel completed 1.787759
START 3 54 dl_clarabel
FINISHED 3 51 dl_clarabel completed 1.797256
START 3 55 dl_clarabel
FINISHED 3 52 dl_clarabel completed 2.00526
PROGRESS 1152 / 1600
FINISHED 3 53 dl_clarabel completed 1.953586
FINISHED 3 54 dl_clarabel completed 1.521746
FINISHED 3 55 dl_clarabel completed 1.569663
running 1155 / 1600
START 3 56 dl_clarabel
START 3 57 dl_clarabel
START 3 58 dl_clarabel
START 3 59 dl_clarabel
FINISHED 3 57 dl_clarabel completed 1.4879
START 3 60 dl_clarabel
FINISHED 3 59 dl_clarabel completed 1.719316
FINISHED 3 56 dl_clarabel completed 1.730001
START 3 61 dl_clarabel
START 3 62 dl_clarabel
FINISHED 3 58 dl_clarabel completed 1.968721
START 3 63 dl_clarabel
FINISHED 3 60 dl_clarabel completed 1.260347
START 3 64 dl_clarabel
FINISHED 3 61 dl_clarabel completed 1.478105
FINISHED 3 62 dl_clarabel completed 1.506623
START 3 65 dl_clarabel
START 3 66 dl_clarabel
FINISHED 3 63 dl_clarabel completed 1.884286
PROGRESS 1163 / 1600
START 3 67 dl_clarabel
FINISHED 3 64 dl_clarabel completed 1.957931
START 3 68 dl_clarabel
FINISHED 3 66 dl_clarabel completed 1.904126
FINISHED 3 65 dl_clarabel completed 2.136756
START 3 69 dl_clarabel
START 3 70 dl_clarabel
FINISHED 3 67 dl_clarabel completed 1.553158
START 3 71 dl_clarabel
FINISHED 3 68 dl_clarabel completed 2.026128
START 3 72 dl_clarabel
FINISHED 3 69 dl_clarabel completed 1.814266
START 3 73 dl_clarabel
FINISHED 3 70 dl_clarabel completed 1.867937
START 3 74 dl_clarabel
FINISHED 3 71 dl_clarabel completed 1.669779
START 3 75 dl_clarabel
FINISHED 3 72 dl_clarabel completed 1.440603
START 3 76 dl_clarabel
FINISHED 3 73 dl_clarabel completed 1.833723
PROGRESS 1173 / 1600
FINISHED 3 74 dl_clarabel completed 1.992354
START 3 77 dl_clarabel
START 3 78 dl_clarabel
FINISHED 3 75 dl_clarabel completed 2.101366
START 3 79 dl_clarabel
FINISHED 3 76 dl_clarabel completed 1.468617
START 3 80 dl_clarabel
FINISHED 3 78 dl_clarabel completed 1.31294
START 3 81 dl_clarabel
FINISHED 3 77 dl_clarabel completed 1.822754
START 3 82 dl_clarabel
FINISHED 3 79 dl_clarabel completed 1.974669
START 3 83 dl_clarabel
FINISHED 3 80 dl_clarabel completed 1.770093
START 3 84 dl_clarabel
FINISHED 3 81 dl_clarabel completed 1.970459
START 3 85 dl_clarabel
FINISHED 3 82 dl_clarabel completed 1.883038
START 3 86 dl_clarabel
FINISHED 3 84 dl_clarabel completed 1.648827
FINISHED 3 83 dl_clarabel completed 2.05879
PROGRESS 1183 / 1600
START 3 87 dl_clarabel
START 3 88 dl_clarabel
FINISHED 3 85 dl_clarabel completed 1.730224
START 3 89 dl_clarabel
FINISHED 3 86 dl_clarabel completed 1.717742
START 3 90 dl_clarabel
FINISHED 3 87 dl_clarabel completed 1.427185
START 3 91 dl_clarabel
FINISHED 3 88 dl_clarabel completed 1.695308
START 3 92 dl_clarabel
FINISHED 3 90 dl_clarabel completed 0.900821
START 3 93 dl_clarabel
FINISHED 3 89 dl_clarabel completed 1.896488
START 3 94 dl_clarabel
FINISHED 3 91 dl_clarabel completed 1.764143
START 3 95 dl_clarabel
FINISHED 3 92 dl_clarabel completed 1.823873
START 3 96 dl_clarabel
FINISHED 3 93 dl_clarabel completed 1.837476
FINISHED 3 94 dl_clarabel completed 1.792575
PROGRESS 1194 / 1600
START 3 97 dl_clarabel
START 3 98 dl_clarabel
FINISHED 3 95 dl_clarabel completed 1.738313
START 3 99 dl_clarabel
FINISHED 3 96 dl_clarabel completed 2.062644
START 4 0 dl_clarabel
FINISHED 3 98 dl_clarabel completed 1.857549
FINISHED 3 97 dl_clarabel completed 1.886876
START 4 1 dl_clarabel
START 4 2 dl_clarabel
FINISHED 3 99 dl_clarabel completed 1.937222
START 4 3 dl_clarabel
FINISHED 4 0 dl_clarabel completed 2.322864
START 4 4 dl_clarabel
FINISHED 4 2 dl_clarabel completed 1.983068
START 4 5 dl_clarabel
FINISHED 4 1 dl_clarabel completed 2.25173
START 4 6 dl_clarabel
FINISHED 4 3 dl_clarabel completed 2.452394
PROGRESS 1203 / 1600
FINISHED 4 4 dl_clarabel completed 2.312668
FINISHED 4 5 dl_clarabel completed 1.559636
FINISHED 4 6 dl_clarabel completed 1.742363
running 1206 / 1600
START 4 7 dl_clarabel
START 4 8 dl_clarabel
START 4 9 dl_clarabel
START 4 10 dl_clarabel
FINISHED 4 7 dl_clarabel completed 1.807661
FINISHED 4 8 dl_clarabel completed 2.055517
START 4 11 dl_clarabel
FINISHED 4 9 dl_clarabel completed 2.251614
START 4 12 dl_clarabel
FINISHED 4 10 dl_clarabel completed 2.323434
START 4 13 dl_clarabel
START 4 14 dl_clarabel
FINISHED 4 11 dl_clarabel completed 2.174375
START 4 15 dl_clarabel
FINISHED 4 12 dl_clarabel completed 2.230234
START 4 16 dl_clarabel
FINISHED 4 14 dl_clarabel completed 2.456591
FINISHED 4 13 dl_clarabel completed 2.458574
PROGRESS 1213 / 1600
START 4 17 dl_clarabel
START 4 18 dl_clarabel
FINISHED 4 15 dl_clarabel completed 2.443456
START 4 19 dl_clarabel
FINISHED 4 16 dl_clarabel completed 2.491654
START 4 20 dl_clarabel
FINISHED 4 18 dl_clarabel completed 2.316336
START 4 21 dl_clarabel
FINISHED 4 17 dl_clarabel completed 2.624235
START 4 22 dl_clarabel
FINISHED 4 19 dl_clarabel completed 2.466155
FINISHED 4 20 dl_clarabel completed 2.337589
START 4 23 dl_clarabel
START 4 24 dl_clarabel
FINISHED 4 21 dl_clarabel completed 2.089456
START 4 25 dl_clarabel
FINISHED 4 22 dl_clarabel completed 2.199204
START 4 26 dl_clarabel
PROGRESS 1223 / 1600
FINISHED 4 23 dl_clarabel completed 2.395389
START 4 27 dl_clarabel
FINISHED 4 24 dl_clarabel completed 2.844579
START 4 28 dl_clarabel
FINISHED 4 26 dl_clarabel completed 2.055046
START 4 29 dl_clarabel
FINISHED 4 25 dl_clarabel completed 2.810568
START 4 30 dl_clarabel
FINISHED 4 27 dl_clarabel completed 2.576084
START 4 31 dl_clarabel
FINISHED 4 28 dl_clarabel completed 2.357534
START 4 32 dl_clarabel
FINISHED 4 29 dl_clarabel completed 2.307014
START 4 33 dl_clarabel
FINISHED 4 30 dl_clarabel completed 2.251944
START 4 34 dl_clarabel
FINISHED 4 32 dl_clarabel completed 2.260294
FINISHED 4 31 dl_clarabel completed 2.604863
START 4 35 dl_clarabel
START 4 36 dl_clarabel
FINISHED 4 34 dl_clarabel completed 2.44823
FINISHED 4 33 dl_clarabel completed 2.909129
PROGRESS 1233 / 1600
START 4 37 dl_clarabel
START 4 38 dl_clarabel
FINISHED 4 35 dl_clarabel completed 1.699325
START 4 39 dl_clarabel
FINISHED 4 36 dl_clarabel completed 2.569385
START 4 40 dl_clarabel
FINISHED 4 37 dl_clarabel completed 2.26786
FINISHED 4 38 dl_clarabel completed 2.298292
FINISHED 4 39 dl_clarabel completed 1.40871
START 4 41 dl_clarabel
START 4 42 dl_clarabel
START 4 43 dl_clarabel
FINISHED 4 40 dl_clarabel completed 2.172368
START 4 44 dl_clarabel
FINISHED 4 41 dl_clarabel completed 2.036445
FINISHED 4 43 dl_clarabel completed 1.743843
START 4 45 dl_clarabel
START 4 46 dl_clarabel
FINISHED 4 42 dl_clarabel completed 2.347033
PROGRESS 1244 / 1600
START 4 47 dl_clarabel
FINISHED 4 44 dl_clarabel completed 2.374089
START 4 48 dl_clarabel
FINISHED 4 46 dl_clarabel completed 2.02059
START 4 49 dl_clarabel
FINISHED 4 45 dl_clarabel completed 2.286597
START 4 50 dl_clarabel
FINISHED 4 47 dl_clarabel completed 1.879518
START 4 51 dl_clarabel
FINISHED 4 48 dl_clarabel completed 2.042056
START 4 52 dl_clarabel
FINISHED 4 49 dl_clarabel completed 2.424318
START 4 53 dl_clarabel
FINISHED 4 50 dl_clarabel completed 2.654079
START 4 54 dl_clarabel
FINISHED 4 51 dl_clarabel completed 2.473094
START 4 55 dl_clarabel
FINISHED 4 52 dl_clarabel completed 2.318002
START 4 56 dl_clarabel
FINISHED 4 53 dl_clarabel completed 2.733035
FINISHED 4 54 dl_clarabel completed 2.223838
PROGRESS 1253 / 1600
FINISHED 4 55 dl_clarabel completed 1.699487
FINISHED 4 56 dl_clarabel completed 2.099925
running 1256 / 1600
START 4 57 dl_clarabel
START 4 58 dl_clarabel
START 4 59 dl_clarabel
START 4 60 dl_clarabel
FINISHED 4 57 dl_clarabel completed 1.994983
FINISHED 4 59 dl_clarabel completed 2.18408
START 4 61 dl_clarabel
START 4 62 dl_clarabel
FINISHED 4 60 dl_clarabel completed 2.334459
FINISHED 4 58 dl_clarabel completed 2.454248
START 4 63 dl_clarabel
START 4 64 dl_clarabel
FINISHED 4 62 dl_clarabel completed 1.359911
START 4 65 dl_clarabel
FINISHED 4 64 dl_clarabel completed 2.345604
FINISHED 4 61 dl_clarabel completed 2.673841
START 4 66 dl_clarabel
START 4 67 dl_clarabel
FINISHED 4 63 dl_clarabel completed 2.83531
PROGRESS 1265 / 1600
START 4 68 dl_clarabel
FINISHED 4 65 dl_clarabel completed 3.063264
START 4 69 dl_clarabel
FINISHED 4 67 dl_clarabel completed 2.714501
FINISHED 4 66 dl_clarabel completed 2.782603
START 4 70 dl_clarabel
START 4 71 dl_clarabel
FINISHED 4 68 dl_clarabel completed 2.798152
START 4 72 dl_clarabel
FINISHED 4 69 dl_clarabel completed 2.191886
START 4 73 dl_clarabel
FINISHED 4 70 dl_clarabel completed 2.590188
START 4 74 dl_clarabel
FINISHED 4 71 dl_clarabel completed 2.692387
START 4 75 dl_clarabel
FINISHED 4 72 dl_clarabel completed 2.180884
START 4 76 dl_clarabel
FINISHED 4 73 dl_clarabel completed 2.388444
START 4 77 dl_clarabel
FINISHED 4 75 dl_clarabel completed 1.754327
FINISHED 4 74 dl_clarabel completed 2.494794
PROGRESS 1274 / 1600
START 4 78 dl_clarabel
START 4 79 dl_clarabel
FINISHED 4 76 dl_clarabel completed 2.104764
START 4 80 dl_clarabel
FINISHED 4 77 dl_clarabel completed 2.143174
START 4 81 dl_clarabel
FINISHED 4 78 dl_clarabel completed 1.717944
START 4 82 dl_clarabel
FINISHED 4 79 dl_clarabel completed 2.502631
START 4 83 dl_clarabel
FINISHED 4 80 dl_clarabel completed 2.64622
START 4 84 dl_clarabel
FINISHED 4 81 dl_clarabel completed 2.479748
START 4 85 dl_clarabel
FINISHED 4 82 dl_clarabel completed 2.265432
START 4 86 dl_clarabel
FINISHED 4 83 dl_clarabel completed 2.366604
START 4 87 dl_clarabel
FINISHED 4 84 dl_clarabel completed 2.397614
FINISHED 4 85 dl_clarabel completed 2.393166
PROGRESS 1284 / 1600
START 4 88 dl_clarabel
START 4 89 dl_clarabel
FINISHED 4 86 dl_clarabel completed 2.315139
START 4 90 dl_clarabel
FINISHED 4 87 dl_clarabel completed 2.235973
START 4 91 dl_clarabel
FINISHED 4 90 dl_clarabel completed 1.891379
FINISHED 4 89 dl_clarabel completed 2.521907
FINISHED 4 88 dl_clarabel completed 2.686458
START 4 92 dl_clarabel
START 4 93 dl_clarabel
START 4 94 dl_clarabel
FINISHED 4 91 dl_clarabel completed 2.305099
START 4 95 dl_clarabel
FINISHED 4 93 dl_clarabel completed 2.228319
START 4 96 dl_clarabel
FINISHED 4 94 dl_clarabel completed 2.587537
FINISHED 4 92 dl_clarabel completed 2.681865
START 4 97 dl_clarabel
FINISHED 4 95 dl_clarabel completed 2.363714
PROGRESS 1295 / 1600
START 4 98 dl_clarabel
START 4 99 dl_clarabel
FINISHED 4 96 dl_clarabel completed 2.120763
START 1 0 algorithm_1
FINISHED 4 97 dl_clarabel completed 2.244538
START 1 1 algorithm_1
FINISHED 1 0 algorithm_1 completed 0.509778
FINISHED 1 1 algorithm_1 completed 0.453428
START 1 2 algorithm_1
START 1 3 algorithm_1
FINISHED 4 98 dl_clarabel completed 2.070902
FINISHED 4 99 dl_clarabel completed 2.091265
START 1 4 algorithm_1
START 1 5 algorithm_1
FINISHED 1 2 algorithm_1 completed 0.226809
FINISHED 1 3 algorithm_1 completed 0.152601
START 1 6 algorithm_1
START 1 7 algorithm_1
FINISHED 1 5 algorithm_1 completed 0.120159
FINISHED 1 4 algorithm_1 completed 0.217017
FINISHED 1 7 algorithm_1 completed 0.113878
FINISHED 1 6 algorithm_1 completed 0.25936
PROGRESS 1304 / 1600
running 1308 / 1600
START 1 8 algorithm_1
START 1 9 algorithm_1
START 1 10 algorithm_1
START 1 11 algorithm_1
FINISHED 1 11 algorithm_1 completed 0.113354
FINISHED 1 8 algorithm_1 completed 0.125873
FINISHED 1 10 algorithm_1 completed 0.219185
FINISHED 1 9 algorithm_1 completed 0.281316
START 1 12 algorithm_1
START 1 13 algorithm_1
START 1 14 algorithm_1
START 1 15 algorithm_1
FINISHED 1 14 algorithm_1 completed 0.111533
FINISHED 1 12 algorithm_1 completed 0.136574
FINISHED 1 13 algorithm_1 completed 0.281847
START 1 16 algorithm_1
START 1 17 algorithm_1
FINISHED 1 15 algorithm_1 completed 0.088644
FINISHED 1 16 algorithm_1 completed 0.223131
FINISHED 1 17 algorithm_1 completed 0.289242
PROGRESS 1315 / 1600
START 1 18 algorithm_1
START 1 19 algorithm_1
START 1 20 algorithm_1
START 1 21 algorithm_1
FINISHED 1 19 algorithm_1 completed 0.100053
FINISHED 1 20 algorithm_1 completed 0.087895
FINISHED 1 18 algorithm_1 completed 0.127986
START 1 22 algorithm_1
START 1 23 algorithm_1
START 1 24 algorithm_1
FINISHED 1 21 algorithm_1 completed 0.270089
START 1 25 algorithm_1
FINISHED 1 22 FINISHED algorithm_1 completed 0.175317
1 24 algorithm_1 completed 0.175397
FINISHED 1 23 algorithm_1 completed 0.211555
START 1 26 algorithm_1
START 1 27 algorithm_1
FINISHED 1 25 algorithm_1 completed 0.247381
FINISHED 1 26 algorithm_1 completed 0.091734
FINISHED 1 27 algorithm_1 completed 0.104245
PROGRESS 1325 / 1600
START 1 28 algorithm_1
START 1 29 algorithm_1
START 1 30 algorithm_1
START 1 31 algorithm_1
FINISHED 1 29 algorithm_1 completed 0.174535
FINISHED 1 31 algorithm_1 completed 0.182495
FINISHED 1 28 algorithm_1 completed 0.194525
FINISHED 1 30 algorithm_1 completed 0.236256
START 1 32 algorithm_1
START 1 33 algorithm_1
START 1 34 algorithm_1
START 1 35 algorithm_1
FINISHED 1 35 algorithm_1 completed 0.101066
FINISHED 1 32 algorithm_1 completed 0.209509
START 1 36 algorithm_1
START 1 37 algorithm_1
FINISHED 1 34 algorithm_1 completed 0.289514
FINISHED 1 33 algorithm_1 completed 0.357718
FINISHED 1 36 algorithm_1 completed 0.187027
FINISHED 1 37 algorithm_1 completed 0.33374
PROGRESS 1334 / 1600
START 1 38 algorithm_1
START 1 39 algorithm_1
START 1 40 algorithm_1
START 1 41 algorithm_1
FINISHED 1 38 algorithm_1 completed 0.065492
FINISHED 1 39 algorithm_1 completed 0.114327
FINISHED 1 41 algorithm_1 completed 0.125419
START 1 42 algorithm_1
START 1 43 algorithm_1
START 1 44 algorithm_1
FINISHED 1 40 algorithm_1 completed 0.285476
START 1 45 algorithm_1
FINISHED 1 43 algorithm_1 completed 0.137994
FINISHED 1 42 algorithm_1 completed 0.24152
FINISHED 1 44 algorithm_1 completed 0.30407
START 1 46 algorithm_1
START 1 47 algorithm_1
FINISHED 1 45 algorithm_1 completed 0.146325
FINISHED 1 47 algorithm_1 completed 0.076981
FINISHED 1 46 algorithm_1 completed 0.309325
PROGRESS 1345 / 1600
START 1 48 algorithm_1
START 1 49 algorithm_1
START 1 50 algorithm_1
START 1 51 algorithm_1
FINISHED 1 50 algorithm_1 completed 0.161571
FINISHED 1 48 algorithm_1 completed 0.161792
FINISHED 1 49 algorithm_1 completed 0.192812
FINISHED 1 51 algorithm_1 completed 0.281564
START 1 52 algorithm_1
START 1 53 algorithm_1
START 1 54 algorithm_1
START 1 55 algorithm_1
FINISHED 1 52 algorithm_1 completed 0.127994
FINISHED 1 53 algorithm_1 completed 0.148508
FINISHED 1 54 algorithm_1 completed 0.260853
START 1 56 algorithm_1
START 1 57 algorithm_1
FINISHED 1 55 algorithm_1 completed 0.378134
FINISHED 1 56 algorithm_1 completed 0.115427
FINISHED 1 57 algorithm_1 completed 0.176788
PROGRESS 1355 / 1600
running 1358 / 1600
START 1 58 algorithm_1
START 1 59 algorithm_1
START 1 60 algorithm_1
START 1 61 algorithm_1
FINISHED 1 61 algorithm_1 completed 0.089645
FINISHED 1 60 algorithm_1 completed 0.103804
FINISHED 1 58 algorithm_1 completed 0.174
START 1 62 algorithm_1
START 1 63 algorithm_1
START 1 64 algorithm_1
FINISHED 1 59 algorithm_1 completed 0.305541
START 1 65 algorithm_1
FINISHED 1 62 algorithm_1 completed 0.076602
START 1 66 algorithm_1
FINISHED 1 63 algorithm_1 completed 0.31238
FINISHED 1 64 algorithm_1 completed 0.310859
FINISHED 1 65 algorithm_1 completed 0.160206
START 1 67 algorithm_1
START 1 68 algorithm_1
START 1 69 algorithm_1
FINISHED 1 66 algorithm_1 completed 0.228184
FINISHED 1 67 algorithm_1 completed 0.100443
FINISHED 1 68 algorithm_1 completed 0.130284
FINISHED 1 69 algorithm_1 completed 0.222015
PROGRESS 1366 / 1600
START 1 70 algorithm_1
START 1 71 algorithm_1
START 1 72 algorithm_1
START 1 73 algorithm_1
FINISHED 1 70 algorithm_1 completed 0.108771
FINISHED 1 73 algorithm_1 completed 0.15814
FINISHED 1 71 algorithm_1 completed 0.185985
START 1 74 algorithm_1
START 1 75 algorithm_1
START 1 76 algorithm_1
FINISHED 1 72 algorithm_1 completed 0.379966
START 1 77 algorithm_1
FINISHED 1 75 algorithm_1 completed 0.090803
FINISHED 1 74 algorithm_1 completed 0.192985
START 1 78 algorithm_1
START 1 79 algorithm_1
FINISHED 1 76 algorithm_1 completed 0.284929
FINISHED 1 77 algorithm_1 completed 0.249538
FINISHED 1 78 algorithm_1 completed 0.177086
FINISHED 1 79 algorithm_1 completed 0.177106
PROGRESS 1376 / 1600
START 1 80 algorithm_1
START 1 81 algorithm_1
START 1 82 algorithm_1
START 1 83 algorithm_1
FINISHED 1 82 algorithm_1 completed 0.19562
FINISHED 1 83 algorithm_1 completed 0.253853FINISHED
 1 81 algorithm_1 completed 0.253838
START 1 84 algorithm_1
FINISHED 1 80 algorithm_1 completed 0.327325
START 1 85 algorithm_1
START 1 86 algorithm_1
START 1 87 algorithm_1
FINISHED 1 84 algorithm_1 completed 0.149173
START 1 88 algorithm_1
FINISHED 1 86 algorithm_1 completed 0.157769
FINISHED 1 87 algorithm_1 completed 0.18271
START 1 89 algorithm_1
START 1 90 algorithm_1
FINISHED 1 85 algorithm_1 completed 0.341763
FINISHED 1 88 algorithm_1 completed 0.244344
FINISHED 1 90 algorithm_1 completed 0.091969
FINISHED 1 89 algorithm_1 completed 0.13775
PROGRESS 1387 / 1600
START 1 91 algorithm_1
START 1 92 algorithm_1
START 1 93 algorithm_1
START 1 94 algorithm_1
FINISHED 1 92 algorithm_1 completed 0.091575
FINISHED 1 94 algorithm_1 completed 0.151652
FINISHED 1 93 algorithm_1 completed 0.190629
START 1 95 algorithm_1
START 1 96 algorithm_1
START 1 97 algorithm_1
FINISHED 1 91 algorithm_1 completed 0.307258
START 1 98 algorithm_1
FINISHED 1 96 algorithm_1 completed 0.125363
FINISHED 1 97 algorithm_1 completed 0.286907
START 1 99 algorithm_1
FINISHED 1 95 algorithm_1 completed 0.511563
FINISHED 1 98 algorithm_1 completed 0.389446
START 3 0 algorithm_1
START 3 1 algorithm_1
FINISHED 1 99 algorithm_1 completed 0.292053
PROGRESS 1399 / 1600
START 3 2 algorithm_1
START 3 3 algorithm_1
FINISHED 3 0 algorithm_1 completed 9.873044
START 3 4 algorithm_1
FINISHED 3 1 algorithm_1 completed 16.020527
PROGRESS 1402 / 1600
FINISHED 3 3 algorithm_1 completed 18.072202
running 1402 / 1600
START 3 5 algorithm_1
START 3 6 algorithm_1
FINISHED 3 4 algorithm_1 completed 12.828798
START 3 7 algorithm_1
FINISHED 3 7 algorithm_1 completed 3.725525
START 3 8 algorithm_1
FINISHED 3 2 algorithm_1 completed 30.540705
START 3 9 algorithm_1
PROGRESS 1406 / 1600
FINISHED 3 5 algorithm_1 completed 13.626727
START 3 10 algorithm_1
FINISHED 3 9 algorithm_1 completed 7.252294
START 3 11 algorithm_1
FINISHED 3 8 algorithm_1 completed 13.452521
FINISHED 3 11 algorithm_1 completed 1.168726
START 3 12 algorithm_1
START 3 13 algorithm_1
FINISHED 3 6 algorithm_1 completed 20.241843
START 3 14 algorithm_1
FINISHED 3 13 algorithm_1 completed 5.400535
START 3 15 algorithm_1
PROGRESS 1412 / 1600
FINISHED 3 12 algorithm_1 completed 8.816329
START 3 16 algorithm_1
FINISHED 3 10 algorithm_1 completed 16.401441
START 3 17 algorithm_1
FINISHED 3 14 algorithm_1 completed 15.97678
START 3 18 algorithm_1
FINISHED 3 16 algorithm_1 completed 13.66675
START 3 19 algorithm_1
PROGRESS 1416 / 1600
FINISHED 3 18 algorithm_1 completed 13.516398
FINISHED 3 17 algorithm_1 completed 19.578269
START 3 20 algorithm_1
START 3 21 algorithm_1
FINISHED 3 15 algorithm_1 completed 27.297474
START 3 22 algorithm_1
FINISHED 3 21 algorithm_1 completed 2.047339
START 3 23 algorithm_1
FINISHED 3 19 algorithm_1 completed 11.088979
START 3 24 algorithm_1
FINISHED 3 20 algorithm_1 completed 6.419171
START 3 25 algorithm_1
FINISHED 3 25 algorithm_1 completed 2.821921
PROGRESS 1422 / 1600
START 3 26 algorithm_1
FINISHED 3 22 algorithm_1 completed 15.508049
START 3 27 algorithm_1
FINISHED 3 24 algorithm_1 completed 18.945648
START 3 28 algorithm_1
FINISHED 3 26 algorithm_1 completed 13.067699
START 3 29 algorithm_1
FINISHED 3 23 algorithm_1 completed 22.293114
START 3 30 algorithm_1
PROGRESS 1427 / 1600
FINISHED 3 28 algorithm_1 completed 13.443221
START 3 31 algorithm_1
FINISHED 3 29 algorithm_1 completed 13.577643
START 3 32 algorithm_1
PROGRESS 1429 / 1600
FINISHED 3 30 algorithm_1 completed 25.925199
START 3 33 algorithm_1
FINISHED 3 27 algorithm_1 completed 34.865722
START 3 34 algorithm_1
FINISHED 3 31 algorithm_1 completed 18.519862
START 3 35 algorithm_1
PROGRESS 1432 / 1600
FINISHED 3 33 algorithm_1 completed 10.192459
START 3 36 algorithm_1
FINISHED 3 32 algorithm_1 completed 24.350807
START 3 37 algorithm_1
FINISHED 3 34 algorithm_1 completed 11.315396
START 3 38 algorithm_1
FINISHED 3 35 algorithm_1 completed 12.615669
START 3 39 algorithm_1
FINISHED 3 36 algorithm_1 completed 10.201438
START 3 40 algorithm_1
FINISHED 3 39 algorithm_1 completed 5.76762
PROGRESS 1437 / 1600
FINISHED 3 37 algorithm_1 completed 15.465037
running 1438 / 1600
START 3 41 algorithm_1
START 3 42 algorithm_1
FINISHED 3 38 algorithm_1 completed 17.790711
START 3 43 algorithm_1
FINISHED 3 43 algorithm_1 completed 6.942765
START 3 44 algorithm_1
PROGRESS 1441 / 1600
FINISHED 3 41 algorithm_1 completed 11.022988
START 3 45 algorithm_1
FINISHED 3 44 algorithm_1 completed 4.287015
START 3 46 algorithm_1
FINISHED 3 42 algorithm_1 completed 14.290885
START 3 47 algorithm_1
FINISHED 3 40 algorithm_1 completed 27.718501
START 3 48 algorithm_1
FINISHED 3 47 algorithm_1 completed 5.693757
START 3 49 algorithm_1
FINISHED 3 48 algorithm_1 completed 5.411899
START 3 50 algorithm_1
FINISHED 3 46 algorithm_1 completed 11.800401
START 3 51 algorithm_1
PROGRESS 1448 / 1600
FINISHED 3 49 algorithm_1 completed 12.358064
START 3 52 algorithm_1
FINISHED 3 50 algorithm_1 completed 10.943958
START 3 53 algorithm_1
FINISHED 3 51 algorithm_1 completed 12.653203
START 3 54 algorithm_1
FINISHED 3 45 algorithm_1 completed 27.356449
START 3 55 algorithm_1
FINISHED 3 53 algorithm_1 completed 6.603569
FINISHED 3 52 algorithm_1 completed 8.981541
FINISHED 3 54 algorithm_1 completed 5.640667
PROGRESS 1453 / 1600
running 1455 / 1600
FINISHED 3 55 algorithm_1 completed 8.841897
START 3 56 algorithm_1
START 3 57 algorithm_1
START 3 58 algorithm_1
START 3 59 algorithm_1
FINISHED 3 57 algorithm_1 completed 2.022993
START 3 60 algorithm_1
FINISHED 3 56 algorithm_1 completed 7.493908
START 3 61 algorithm_1
FINISHED 3 59 algorithm_1 completed 10.906266
PROGRESS 1459 / 1600
START 3 62 algorithm_1
FINISHED 3 58 algorithm_1 completed 15.861506
START 3 63 algorithm_1
FINISHED 3 62 algorithm_1 completed 2.818448
START 3 64 algorithm_1
FINISHED 3 60 algorithm_1 completed 16.044012
START 3 65 algorithm_1
FINISHED 3 64 algorithm_1 completed 11.218202
FINISHED 3 61 algorithm_1 completed 20.424862
PROGRESS 1462 / 1600
START 3 66 algorithm_1
START 3 67 algorithm_1
FINISHED 3 63 algorithm_1 completed 19.229398
START 3 68 algorithm_1
FINISHED 3 67 algorithm_1 completed 11.168693
START 3 69 algorithm_1
FINISHED 3 68 algorithm_1 completed 6.159405
START 3 70 algorithm_1
FINISHED 3 66 algorithm_1 completed 13.569945
START 3 71 algorithm_1
PROGRESS 1468 / 1600
FINISHED 3 65 algorithm_1 completed 31.798739
START 3 72 algorithm_1
FINISHED 3 72 algorithm_1 completed 2.133748
START 3 73 algorithm_1
FINISHED 3 71 algorithm_1 completed 11.464781
START 3 74 algorithm_1
PROGRESS 1471 / 1600
FINISHED 3 73 algorithm_1 completed 10.561945
START 3 75 algorithm_1
FINISHED 3 74 algorithm_1 completed 9.556975
START 3 76 algorithm_1
FINISHED 3 69 algorithm_1 completed 25.634436
START 3 77 algorithm_1
FINISHED 3 70 algorithm_1 completed 31.416335
START 3 78 algorithm_1
FINISHED 3 78 algorithm_1 completed 3.366346
PROGRESS 1475 / 1600
START 3 79 algorithm_1
FINISHED 3 75 algorithm_1 completed 14.842145
START 3 80 algorithm_1
FINISHED 3 77 algorithm_1 completed 14.387254
START 3 81 algorithm_1
FINISHED 3 80 algorithm_1 completed 9.219223
START 3 82 algorithm_1
FINISHED 3 79 algorithm_1 completed 12.241014
START 3 83 algorithm_1
PROGRESS 1480 / 1600
FINISHED 3 81 algorithm_1 completed 16.703653
START 3 84 algorithm_1
FINISHED 3 76 algorithm_1 completed 34.164287
START 3 85 algorithm_1
FINISHED 3 83 algorithm_1 completed 7.363618
START 3 86 algorithm_1
FINISHED 3 84 algorithm_1 completed 1.98036
START 3 87 algorithm_1
FINISHED 3 86 algorithm_1 completed 7.758182
START 3 88 algorithm_1
PROGRESS 1485 / 1600
FINISHED 3 87 algorithm_1 completed 13.365836
START 3 89 algorithm_1
FINISHED 3 85 algorithm_1 completed 16.282369
START 3 90 algorithm_1
FINISHED 3 82 algorithm_1 completed 30.331724
START 3 91 algorithm_1
FINISHED 3 90 algorithm_1 completed 4.893797
START 3 92 algorithm_1
PROGRESS 1489 / 1600
FINISHED 3 88 algorithm_1 completed 22.030668
FINISHED 3 89 algorithm_1 completed 16.807266
running 1490 / 1600
START 3 93 algorithm_1
START 3 94 algorithm_1
FINISHED 3 94 algorithm_1 completed 8.465926
START 3 95 algorithm_1
FINISHED 3 91 algorithm_1 completed 23.179244
START 3 96 algorithm_1
FINISHED 3 93 algorithm_1 completed 10.822892
PROGRESS 1493 / 1600
START 3 97 algorithm_1
FINISHED 3 92 algorithm_1 completed 29.187228
START 3 98 algorithm_1
FINISHED 3 95 algorithm_1 completed 14.733466
START 3 99 algorithm_1
PROGRESS 1496 / 1600
FINISHED 3 98 algorithm_1 completed 11.511541
START 4 0 algorithm_1
FINISHED 3 96 algorithm_1 completed 25.690444
START 4 1 algorithm_1
FINISHED 3 97 algorithm_1 completed 25.911271
START 4 2 algorithm_1
FINISHED 3 99 algorithm_1 completed 17.483375
START 4 3 algorithm_1
PROGRESS 1500 / 1600
running 1500 / 1600
PROGRESS 1500 / 1600
PROGRESS 1500 / 1600
PROGRESS 1500 / 1600
FINISHED 4 2 algorithm_1 completed 64.968959
START 4 4 algorithm_1
PROGRESS 1501 / 1600
PROGRESS 1501 / 1600
FINISHED 4 0 algorithm_1 completed 103.109043
START 4 5 algorithm_1
PROGRESS 1502 / 1600
FINISHED 4 3 algorithm_1 completed 119.983382
PROGRESS 1503 / 1600
START 4 6 algorithm_1
PROGRESS 1503 / 1600
running 1503 / 1600
PROGRESS 1503 / 1600
PROGRESS 1503 / 1600
FINISHED 4 4 algorithm_1 completed 112.2224
START 4 7 algorithm_1
PROGRESS 1504 / 1600
PROGRESS 1504 / 1600
FINISHED 4 7 algorithm_1 completed 44.271027
START 4 8 algorithm_1
PROGRESS 1505 / 1600
PROGRESS 1505 / 1600
PROGRESS 1505 / 1600
PROGRESS 1505 / 1600
running 1505 / 1600
PROGRESS 1505 / 1600
PROGRESS 1505 / 1600
FINISHED 4 5 algorithm_1 completed 221.048577
START 4 9 algorithm_1
PROGRESS 1506 / 1600
PROGRESS 1506 / 1600
PROGRESS 1506 / 1600
FINISHED 4 8 algorithm_1 completed 158.546474
PROGRESS 1506 / 1600
START 4 10 algorithm_1
FINISHED 4 9 algorithm_1 completed 77.313669
START 4 11 algorithm_1
PROGRESS 1508 / 1600
FINISHED 4 11 algorithm_1 completed 12.715431
START 4 12 algorithm_1
PROGRESS 1509 / 1600
running 1509 / 1600
PROGRESS 1509 / 1600
FINISHED 4 12 algorithm_1 completed 32.475995
START 4 13 algorithm_1
PROGRESS 1510 / 1600
PROGRESS 1510 / 1600
FINISHED 4 13 algorithm_1 completed 34.670134
START 4 14 algorithm_1
PROGRESS 1511 / 1600
PROGRESS 1511 / 1600
PROGRESS 1511 / 1600
PROGRESS 1511 / 1600
PROGRESS 1511 / 1600
running 1511 / 1600
PROGRESS 1511 / 1600
FINISHED 4 10 algorithm_1 completed 189.642693
START 4 15 algorithm_1
FINISHED 4 6 algorithm_1 completed 450.244457
START 4 16 algorithm_1
FINISHED 4 14 algorithm_1 completed 104.519001
START 4 17 algorithm_1
PROGRESS 1514 / 1600
PROGRESS 1514 / 1600
PROGRESS 1514 / 1600
PROGRESS 1514 / 1600
PROGRESS 1514 / 1600
PROGRESS 1514 / 1600
PROGRESS 1514 / 1600
running 1514 / 1600
PROGRESS 1514 / 1600
FINISHED 4 16 algorithm_1 completed 133.164692
START 4 18 algorithm_1
FINISHED 4 1 algorithm_1 completed 724.126387
START 4 19 algorithm_1
PROGRESS 1516 / 1600
PROGRESS 1516 / 1600
PROGRESS 1516 / 1600
FINISHED 4 15 algorithm_1 completed 183.516399
START 4 20 algorithm_1
PROGRESS 1517 / 1600
PROGRESS 1517 / 1600
PROGRESS 1517 / 1600
FINISHED 4 18 algorithm_1 completed 108.616994
START 4 21 algorithm_1
PROGRESS 1518 / 1600
running 1518 / 1600
FINISHED 4 19 algorithm_1 completed 109.789639
START 4 22 algorithm_1
FINISHED 4 21 algorithm_1 completed 14.358196
START 4 23 algorithm_1
PROGRESS 1520 / 1600
PROGRESS 1520 / 1600
PROGRESS 1520 / 1600
PROGRESS 1520 / 1600
PROGRESS 1520 / 1600
FINISHED 4 20 algorithm_1 completed 150.208581
START 4 24 algorithm_1
FINISHED 4 22 algorithm_1 completed 88.526134
START 4 25 algorithm_1
PROGRESS 1522 / 1600
FINISHED 4 17 algorithm_1 completed 358.555983
PROGRESS 1522 / 1600
START 4 26 algorithm_1
PROGRESS 1523 / 1600
FINISHED 4 24 algorithm_1 completed 52.5974
running 1523 / 1600
START 4 27 algorithm_1
PROGRESS 1524 / 1600
PROGRESS 1524 / 1600
FINISHED 4 23 algorithm_1 completed 170.330012
START 4 28 algorithm_1
PROGRESS 1525 / 1600
FINISHED 4 26 algorithm_1 completed 67.35183
START 4 29 algorithm_1
PROGRESS 1526 / 1600
PROGRESS 1526 / 1600
PROGRESS 1526 / 1600
PROGRESS 1526 / 1600
PROGRESS 1526 / 1600
running 1526 / 1600
FINISHED 4 25 algorithm_1 completed 181.326917
START 4 30 algorithm_1
PROGRESS 1527 / 1600
PROGRESS 1527 / 1600
FINISHED 4 27 algorithm_1 completed 170.511193
START 4 31 algorithm_1
PROGRESS 1528 / 1600
PROGRESS 1528 / 1600
PROGRESS 1528 / 1600
FINISHED 4 29 algorithm_1 completed 172.819539
START 4 32 algorithm_1
PROGRESS 1529 / 1600
PROGRESS 1529 / 1600
PROGRESS 1529 / 1600
FINISHED 4 31 algorithm_1 completed 95.715518
running 1529 / 1600
START 4 33 algorithm_1
PROGRESS 1530 / 1600
PROGRESS 1530 / 1600
FINISHED 4 32 algorithm_1 completed 82.66517
START 4 34 algorithm_1
FINISHED 4 34 algorithm_1 completed 7.589553
START 4 35 algorithm_1
PROGRESS 1532 / 1600
PROGRESS 1532 / 1600
FINISHED 4 33 algorithm_1 completed 67.743225
START 4 36 algorithm_1
PROGRESS 1533 / 1600
PROGRESS 1533 / 1600
PROGRESS 1533 / 1600
PROGRESS 1533 / 1600
FINISHED 4 36 algorithm_1 completed 63.208532
running 1533 / 1600
START 4 37 algorithm_1
PROGRESS 1534 / 1600
PROGRESS 1534 / 1600
PROGRESS 1534 / 1600
PROGRESS 1534 / 1600
PROGRESS 1534 / 1600
PROGRESS 1534 / 1600
PROGRESS 1534 / 1600
PROGRESS 1534 / 1600
running 1534 / 1600
FINISHED 4 35 algorithm_1 completed 230.745968
START 4 38 algorithm_1
PROGRESS 1535 / 1600
FINISHED 4 37 algorithm_1 completed 148.362548
START 4 39 algorithm_1
PROGRESS 1536 / 1600
FINISHED 4 28 algorithm_1 completed 524.302299
START 4 40 algorithm_1
PROGRESS 1537 / 1600
PROGRESS 1537 / 1600
PROGRESS 1537 / 1600
FINISHED 4 38 algorithm_1 completed 87.929438
PROGRESS 1537 / 1600
START 4 41 algorithm_1
FINISHED 4 40 algorithm_1 completed 65.571807
START 4 42 algorithm_1
FINISHED 4 41 algorithm_1 completed 8.793596
START 4 43 algorithm_1
PROGRESS 1540 / 1600
PROGRESS 1540 / 1600
FINISHED 4 43 algorithm_1 completed 25.694078
running 1540 / 1600
START 4 44 algorithm_1
PROGRESS 1541 / 1600
PROGRESS 1541 / 1600
PROGRESS 1541 / 1600
PROGRESS 1541 / 1600
FINISHED 4 30 algorithm_1 completed 593.258579
START 4 45 algorithm_1
PROGRESS 1542 / 1600
PROGRESS 1542 / 1600
FINISHED 4 45 algorithm_1 completed 35.433764
START 4 46 algorithm_1
FINISHED 4 39 algorithm_1 completed 230.78148
PROGRESS 1543 / 1600
START 4 47 algorithm_1
PROGRESS 1544 / 1600
FINISHED 4 42 algorithm_1 completed 166.318648
running 1545 / 1600
START 4 48 algorithm_1
PROGRESS 1545 / 1600
FINISHED 4 47 algorithm_1 completed 42.12341
START 4 49 algorithm_1
PROGRESS 1546 / 1600
PROGRESS 1546 / 1600
FINISHED 4 44 algorithm_1 completed 191.974454
START 4 50 algorithm_1
PROGRESS 1547 / 1600
PROGRESS 1547 / 1600
PROGRESS 1547 / 1600
FINISHED 4 48 algorithm_1 completed 98.219071
START 4 51 algorithm_1
PROGRESS 1548 / 1600
PROGRESS 1548 / 1600
running 1548 / 1600
PROGRESS 1548 / 1600
PROGRESS 1548 / 1600
FINISHED 4 50 algorithm_1 completed 112.814847
START 4 52 algorithm_1
PROGRESS 1549 / 1600
PROGRESS 1549 / 1600
PROGRESS 1549 / 1600
FINISHED 4 46 algorithm_1 completed 253.360927
START 4 53 algorithm_1
FINISHED 4 49 algorithm_1 completed 206.451343
PROGRESS 1551 / 1600
running 1551 / 1600
START 4 54 algorithm_1
PROGRESS 1551 / 1600
FINISHED 4 54 algorithm_1 completed 19.524187
START 4 55 algorithm_1
PROGRESS 1552 / 1600
FINISHED 4 52 algorithm_1 completed 91.269225
START 4 56 algorithm_1
PROGRESS 1553 / 1600
FINISHED 4 53 algorithm_1 completed 62.942685
START 4 57 algorithm_1
PROGRESS 1554 / 1600
FINISHED 4 56 algorithm_1 completed 38.387545
START 4 58 algorithm_1
PROGRESS 1555 / 1600
FINISHED 4 51 algorithm_1 completed 217.818224
START 4 59 algorithm_1
FINISHED 4 55 algorithm_1 completed 72.085298
START 4 60 algorithm_1
PROGRESS 1557 / 1600
FINISHED 4 57 algorithm_1 completed 55.749284
START 4 61 algorithm_1
PROGRESS 1558 / 1600
PROGRESS 1558 / 1600
FINISHED 4 59 algorithm_1 completed 50.270906
running 1558 / 1600
START 4 62 algorithm_1
PROGRESS 1559 / 1600
FINISHED 4 62 algorithm_1 completed 16.992746
START 4 63 algorithm_1
PROGRESS 1560 / 1600
PROGRESS 1560 / 1600
FINISHED 4 58 algorithm_1 completed 116.763493
START 4 64 algorithm_1
FINISHED 4 63 algorithm_1 completed 37.594408
START 4 65 algorithm_1
PROGRESS 1562 / 1600
PROGRESS 1562 / 1600
FINISHED 4 65 algorithm_1 completed 37.039276
START 4 66 algorithm_1
PROGRESS 1563 / 1600
PROGRESS 1563 / 1600
PROGRESS 1563 / 1600
running 1563 / 1600
PROGRESS 1563 / 1600
FINISHED 4 61 algorithm_1 completed 180.573434
START 4 67 algorithm_1
PROGRESS 1564 / 1600
PROGRESS 1564 / 1600
FINISHED 4 66 algorithm_1 completed 89.498996
START 4 68 algorithm_1
PROGRESS 1565 / 1600
PROGRESS 1565 / 1600
FINISHED 4 67 algorithm_1 completed 67.031066
START 4 69 algorithm_1
PROGRESS 1566 / 1600
PROGRESS 1566 / 1600
PROGRESS 1566 / 1600
running 1566 / 1600
FINISHED 4 69 algorithm_1 completed 59.23568
START 4 70 algorithm_1
PROGRESS 1567 / 1600
FINISHED 4 60 algorithm_1 completed 330.280621
START 4 71 algorithm_1
PROGRESS 1568 / 1600
PROGRESS 1568 / 1600
FINISHED 4 68 algorithm_1 completed 132.543923
START 4 72 algorithm_1
PROGRESS 1569 / 1600
PROGRESS 1569 / 1600
PROGRESS 1569 / 1600
FINISHED 4 70 algorithm_1 completed 94.973172
START 4 73 algorithm_1
FINISHED 4 72 algorithm_1 completed 59.522669
START 4 74 algorithm_1
PROGRESS 1571 / 1600
FINISHED 4 71 algorithm_1 completed 100.037216
START 4 75 algorithm_1
PROGRESS 1572 / 1600
running 1572 / 1600
PROGRESS 1572 / 1600
FINISHED 4 73 algorithm_1 completed 52.187197
START 4 76 algorithm_1
PROGRESS 1573 / 1600
FINISHED 4 74 algorithm_1 completed 59.219771
START 4 77 algorithm_1
PROGRESS 1574 / 1600
FINISHED 4 75 algorithm_1 completed 68.946303
START 4 78 algorithm_1
PROGRESS 1575 / 1600
FINISHED 4 78 algorithm_1 completed 16.514423
START 4 79 algorithm_1
PROGRESS 1576 / 1600
PROGRESS 1576 / 1600
FINISHED 4 77 algorithm_1 completed 62.133998
START 4 80 algorithm_1
PROGRESS 1577 / 1600
FINISHED 4 79 algorithm_1 completed 49.850363
START 4 81 algorithm_1
PROGRESS 1578 / 1600
FINISHED 4 76 algorithm_1 completed 106.653721
running 1579 / 1600
START 4 82 algorithm_1
PROGRESS 1579 / 1600
PROGRESS 1579 / 1600
FINISHED 4 80 algorithm_1 completed 68.90103
START 4 83 algorithm_1
PROGRESS 1580 / 1600
PROGRESS 1580 / 1600
FINISHED 4 82 algorithm_1 completed 69.146714
START 4 84 algorithm_1
PROGRESS 1581 / 1600
FINISHED 4 81 algorithm_1 completed 102.514137
START 4 85 algorithm_1
PROGRESS 1582 / 1600
FINISHED 4 64 algorithm_1 completed 593.805983
START 4 86 algorithm_1
PROGRESS 1583 / 1600
PROGRESS 1583 / 1600
running 1583 / 1600
PROGRESS 1583 / 1600
PROGRESS 1583 / 1600
FINISHED 4 85 algorithm_1 completed 81.493608
START 4 87 algorithm_1
PROGRESS 1584 / 1600
PROGRESS 1584 / 1600
FINISHED 4 83 algorithm_1 completed 170.976883
START 4 88 algorithm_1
PROGRESS 1585 / 1600
PROGRESS 1585 / 1600
FINISHED 4 88 algorithm_1 completed 41.986687
PROGRESS 1585 / 1600
START 4 89 algorithm_1
PROGRESS 1586 / 1600
running 1586 / 1600
PROGRESS 1586 / 1600
PROGRESS 1586 / 1600
PROGRESS 1586 / 1600
FINISHED 4 89 algorithm_1 completed 75.295145
START 4 90 algorithm_1
FINISHED 4 87 algorithm_1 completed 155.033284
PROGRESS 1587 / 1600
FINISHED 4 84 algorithm_1 completed 260.923822
START 4 91 algorithm_1
START 4 92 algorithm_1
FINISHED 4 86 algorithm_1 completed 227.075307
START 4 93 algorithm_1
PROGRESS 1590 / 1600
PROGRESS 1590 / 1600
FINISHED 4 90 algorithm_1 completed 52.904824
START 4 94 algorithm_1
PROGRESS 1591 / 1600
PROGRESS 1591 / 1600
running 1591 / 1600
PROGRESS 1591 / 1600
PROGRESS 1591 / 1600
FINISHED 4 92 algorithm_1 completed 110.614317
START 4 95 algorithm_1
FINISHED 4 91 algorithm_1 completed 111.676077
START 4 96 algorithm_1
PROGRESS 1593 / 1600
PROGRESS 1593 / 1600
PROGRESS 1593 / 1600
PROGRESS 1593 / 1600
FINISHED 4 94 algorithm_1 completed 134.722846
START 4 97 algorithm_1
PROGRESS 1594 / 1600
PROGRESS 1594 / 1600
FINISHED 4 96 algorithm_1 completed 91.324719
running 1594 / 1600
START 4 98 algorithm_1
PROGRESS 1595 / 1600
PROGRESS 1595 / 1600
FINISHED 4 98 algorithm_1 completed 40.064422
START 4 99 algorithm_1
PROGRESS 1596 / 1600
PROGRESS 1596 / 1600
FINISHED 4 93 algorithm_1 completed 276.701991
PROGRESS 1597 / 1600
PROGRESS 1597 / 1600
FINISHED 4 95 algorithm_1 completed 197.742006
PROGRESS 1598 / 1600
PROGRESS 1598 / 1600
running 1598 / 1600
FINISHED 4 97 algorithm_1 completed 163.341881
PROGRESS 1599 / 1600
PROGRESS 1599 / 1600
PROGRESS 1599 / 1600
FINISHED 4 99 algorithm_1 completed 144.886522
PROGRESS 1600 / 1600
finished 1600 / 1600
finished 1600 / 1600
running 1600 / 2000
START 5 0 coordinate_mom
START 5 1 coordinate_mom
START 5 2 coordinate_mom
START 5 3 coordinate_mom
FINISHED 5 2 coordinate_mom completed 0.000351
FINISHED 5 1 coordinate_mom completed 0.000328
FINISHED 5 3 coordinate_mom completed 0.000359
FINISHED 5 0 coordinate_mom completed 0.000445
PROGRESS 1600 / 2000
START 5 4 coordinate_mom
START 5 5 coordinate_mom
START 5 6 coordinate_mom
START 5 7 coordinate_mom
FINISHED 5 4 coordinate_mom completed 0.000324
FINISHED 5 7 coordinate_mom completed 0.000334
FINISHED 5 5 coordinate_mom completed 0.000356
FINISHED 5 6 coordinate_mom completed 0.000339
START 5 8 coordinate_mom
START 5 9 coordinate_mom
START 5 10 coordinate_mom
START 5 11 coordinate_mom
FINISHED 5 8 coordinate_mom completed 0.000354
FINISHED 5 9 coordinate_mom completed 0.000358
FINISHED 5 10 coordinate_mom completed 0.000435
FINISHED 5 11 coordinate_mom completed 0.000452
START 5 12 coordinate_mom
START 5 13 coordinate_mom
START 5 14 coordinate_mom
START 5 15 coordinate_mom
FINISHED 5 12 coordinate_mom completed 0.000337
FINISHED 5 14 coordinate_mom completed 0.00035
FINISHED 5 13 coordinate_mom completed 0.00035
FINISHED 5 15 coordinate_mom completed 0.000768
PROGRESS 1612 / 2000
START 5 16 coordinate_mom
START 5 17 coordinate_mom
START 5 18 coordinate_mom
START 5 19 coordinate_mom
FINISHED 5 16 coordinate_mom completed 0.000317
FINISHED 5 17 coordinate_mom completed 0.00034
FINISHED 5 19 coordinate_mom completed 0.000378
FINISHED 5 18 coordinate_mom completed 0.000328
START 5 20 coordinate_mom
START 5 21 coordinate_mom
START 5 22 coordinate_mom
START 5 23 coordinate_mom
FINISHED 5 22 coordinate_mom completed 0.000328
FINISHED 5 21 coordinate_mom completed 0.000351
FINISHED 5 20 coordinate_mom completed 0.000328
FINISHED 5 23 coordinate_mom completed 0.000415
START 5 24 coordinate_mom
START 5 25 coordinate_mom
START 5 26 coordinate_mom
START 5 27 coordinate_mom
FINISHED 5 25 coordinate_mom completed 0.00033
FINISHED 5 24 coordinate_mom completed 0.000352
FINISHED 5 27 coordinate_mom completed 0.000401
FINISHED 5 26 coordinate_mom completed 0.000755
PROGRESS 1624 / 2000
START 5 28 coordinate_mom
START 5 29 coordinate_mom
START 5 30 coordinate_mom
START 5 31 coordinate_mom
FINISHED 5 29 FINISHEDcoordinate_mom  5 completed 31 coordinate_mom completed 0.0003040.000322

FINISHED 5 30 coordinate_mom completed 0.000403
FINISHED 5 28 coordinate_mom completed 0.000375
START 5 32 coordinate_mom
START 5 33 coordinate_mom
START 5 34 coordinate_mom
START 5 35 coordinate_mom
FINISHED 5 33 coordinate_mom completed 0.000341
FINISHED 5 34 coordinate_mom completed 0.000353
FINISHED 5 32 coordinate_mom completed 0.000313
FINISHED 5 35 coordinate_mom completed 0.000425
START 5 36 coordinate_mom
START 5 37 coordinate_mom
START 5 38 coordinate_mom
START 5 39 coordinate_mom
FINISHED 5 39 coordinate_mom completed 0.000345
FINISHED 5 36 coordinate_mom completed 0.000382
FINISHED 5 37 coordinate_mom completed 0.000427
FINISHED 5 38 coordinate_mom completed 0.0007
PROGRESS 1636 / 2000
START 5 40 coordinate_mom
START 5 41 coordinate_mom
START 5 42 coordinate_mom
START 5 43 coordinate_mom
FINISHED 5 41 coordinate_mom completed 0.00034
FINISHED 5 42 coordinate_mom completed 0.000371
FINISHED 5 40 coordinate_mom completed 0.000298
FINISHED 5 43 coordinate_mom completed 0.000392
START 5 44 coordinate_mom
START 5 45 coordinate_mom
START 5 46 coordinate_mom
START 5 47 coordinate_mom
FINISHED 5 45 coordinate_mom completed 0.000351
FINISHED 5 44 coordinate_mom completed 0.000317
FINISHED 5 47 coordinate_mom completed 0.000375
FINISHED 5 46 coordinate_mom completed 0.000385
START 5 48 coordinate_mom
START 5 49 coordinate_mom
START 5 50 coordinate_mom
START 5 51 coordinate_mom
FINISHED 5 48 coordinate_mom completed 0.000334
FINISHED 5 51 coordinate_mom completed 0.000384
FINISHED 5 50 coordinate_mom completed 0.000385
FINISHED 5 49 coordinate_mom completed 0.000693
PROGRESS 1648 / 2000
START 5 52 coordinate_mom
START 5 53 coordinate_mom
START 5 54 coordinate_mom
START 5 55 coordinate_mom
FINISHEDFINISHED 5 54 5 53 coordinate_mom completed 0.000321
 coordinate_mom completed 0.000326
FINISHED 5 52 coordinate_mom completed 0.000396
FINISHED 5 55 coordinate_mom completed 0.000386
START 5 56 coordinate_mom
START 5 57 coordinate_mom
START 5 58 coordinate_mom
START 5 59 coordinate_mom
FINISHED 5 58 coordinate_mom completed 0.000312
FINISHED 5 FINISHED 5 59 coordinate_momFINISHED  completed56  0.000314
5 coordinate_mom completed 0.000328
57 coordinate_mom completed 0.000339
START 5 60 coordinate_mom
START 5 61 coordinate_mom
START 5 62 coordinate_mom
START 5 63 coordinate_mom
FINISHED 5 61 coordinate_mom completed 0.000308
FINISHED 5 60 coordinate_mom completed 0.000356
FINISHED 5 62 coordinate_mom completed 0.000661
FINISHED 5 63 coordinate_mom completed 0.000691
PROGRESS 1660 / 2000
running 1664 / 2000
START 5 64 coordinate_mom
START 5 65 coordinate_mom
START 5 66 coordinate_mom
START 5 67 coordinate_mom
FINISHED 5 67 coordinate_mom completed 0.000381
FINISHED 5 64 coordinate_mom completed 0.000393
FINISHED 5 66 coordinate_mom completed 0.000453
FINISHED 5 65 coordinate_mom completed 0.000466
START 5 68 coordinate_mom
START 5 69 coordinate_mom
START 5 70 coordinate_mom
START 5 71 coordinate_mom
FINISHED 5 70 coordinate_mom completed FINISHED0.000354 
5 69 coordinate_mom completed 0.00031
FINISHED 5 68 coordinate_mom completed 0.000295
FINISHED 5 71 coordinate_mom completed 0.000351
START 5 72 coordinate_mom
START 5 73 coordinate_mom
START 5 74 coordinate_mom
START 5 75 coordinate_mom
FINISHED 5 73 coordinate_mom completed 0.000311
FINISHED 5 74 coordinate_mom completed 0.000352
FINISHED 5 75 coordinate_mom completed 0.00074
FINISHED 5 72 coordinate_mom completed 0.000395
PROGRESS 1672 / 2000
START 5 76 coordinate_mom
START 5 77 coordinate_mom
START 5 78 coordinate_mom
START 5 79 coordinate_mom
FINISHED 5 77 coordinate_mom completed 0.000333
FINISHED 5 76 coordinate_mom completed 0.000335
FINISHED 5 79 coordinate_mom completed FINISHED0.00038
 5 78 coordinate_mom completed 0.000372
START 5 80 coordinate_mom
START 5 81 coordinate_mom
START 5 82 coordinate_mom
START 5 83 coordinate_mom
FINISHED 5 82 coordinate_mom completed 0.000319
FINISHED 5 83 coordinate_mom completed 0.000402
FINISHED 5 81 coordinate_mom completed 0.000467
FINISHED 5 80 coordinate_mom completed 0.000345
START 5 84 coordinate_mom
START 5 85 coordinate_mom
START 5 86 coordinate_mom
START 5 87 coordinate_mom
FINISHED 5 87 coordinate_mom completed 0.00033
FINISHED 5 86 coordinate_mom completed 0.000334
FINISHED 5 84 coordinate_mom completed 0.000378
FINISHED 5 85 coordinate_mom completed 0.000354
PROGRESS 1684 / 2000
START 5 88 coordinate_mom
START 5 89 coordinate_mom
START 5 90 coordinate_mom
START 5 91 coordinate_mom
FINISHED 5 90 coordinate_mom completed 0.000338
FINISHED 5 89 coordinate_mom completed 0.000351
FINISHED 5 88 coordinate_mom completed 0.000324
FINISHED 5 91 coordinate_mom completed 0.000377
START 5 92 coordinate_mom
START 5 93 coordinate_mom
START 5 94 coordinate_mom
START 5 95 coordinate_mom
FINISHED 5 92 coordinate_mom completed 0.0003
FINISHED 5 94FINISHED 5  coordinate_momFINISHED 93  completed5 0.000329
coordinate_mom  completed 950.000304
 coordinate_mom completed 0.000304
START 5 96 coordinate_mom
START 5 97 coordinate_mom
START 5 98 coordinate_mom
START 5 99 coordinate_mom
FINISHED 5 96 coordinate_mom completed 0.000317
FINISHED 5 99 coordinate_mom completed 0.000387
FINISHED 5 98 coordinate_mom completed 0.000846
FINISHED 5 97 coordinate_mom completed 0.000772
PROGRESS 1696 / 2000
START 5 0 geometric_mom
START 5 1 geometric_mom
START 5 2 geometric_mom
START 5 3 geometric_mom
FINISHED 5 2 geometric_mom completed 0.000824
FINISHED 5 0 geometric_mom completed 0.00098
FINISHED 5 1 geometric_mom completed 0.000854
FINISHED 5 3 geometric_mom completed 0.00095
START 5 4 geometric_mom
START 5 5 geometric_mom
START 5 6 geometric_mom
START 5 7 geometric_mom
FINISHED 5 7 geometric_mom completed 0.000832
FINISHED 5 5 geometric_mom completed 0.000985
FINISHED 5 4 geometric_mom completed 0.000823
FINISHED 5 6 geometric_mom completed 0.000911
START 5 8 geometric_mom
START 5 9 geometric_mom
START 5 10 geometric_mom
START 5 11 geometric_mom
FINISHED 5 8 geometric_mom completed 0.000824
FINISHED 5 11 geometric_mom completed 0.001492
FINISHED 5 10 geometric_mom completed 0.001181
FINISHED 5 9 geometric_mom completed 0.002631
PROGRESS 1708 / 2000
running 1712 / 2000
START 5 12 geometric_mom
START 5 13 geometric_mom
START 5 14 geometric_mom
START 5 15 geometric_mom
FINISHED 5 12 geometric_mom completed 0.000782
FINISHED 5 14 geometric_mom completed 0.000888
FINISHED 5 13 geometric_mom completed 0.001042
FINISHED 5 15 geometric_mom completed 0.00105
START 5 16 geometric_mom
START 5 17 geometric_mom
START 5 18 geometric_mom
START 5 19 geometric_mom
FINISHED 5 18 geometric_mom completed FINISHED 5 17 geometric_mom completed 0.000883
0.000816
FINISHED 5 16 geometric_mom completed 0.000966
FINISHED 5 19 geometric_mom completed 0.000891
START 5 20 geometric_mom
START 5 21 geometric_mom
START 5 22 geometric_mom
START 5 23 geometric_mom
FINISHED 5 20 geometric_mom completed 0.001106
FINISHED 5 23 geometric_mom completed 0.001935
FINISHED 5 22 geometric_mom completed 0.000862
FINISHED 5 21 geometric_mom completed 0.000884
PROGRESS 1720 / 2000
START 5 24 geometric_mom
START 5 25 geometric_mom
START 5 26 geometric_mom
START 5 27 geometric_mom
FINISHED 5 24 geometric_mom completed 0.000871
FINISHED 5 26 geometric_mom completed 0.000902
FINISHED 5 25 geometric_mom completed 0.001065
FINISHED 5 27 geometric_mom completed 0.001007
START 5 28 geometric_mom
START 5 29 geometric_mom
START 5 30 geometric_mom
START 5 31 geometric_mom
FINISHED 5 29 geometric_mom completed 0.000796
FINISHED 5 31 geometric_mom completed 0.000899
FINISHED 5 30 geometric_mom completed 0.0009
FINISHED 5 28 geometric_mom completed 0.000918
START 5 32 geometric_mom
START 5 33 geometric_mom
START 5 34 geometric_mom
START 5 35 geometric_mom
FINISHED 5 33 geometric_mom completed 0.000908
FINISHED 5 35 geometric_mom completed 0.001057
FINISHED 5 34 geometric_mom completed 0.002385
FINISHED 5 32 geometric_mom completed 0.001062
PROGRESS 1732 / 2000
START 5 36 geometric_mom
START 5 37 geometric_mom
START 5 38 geometric_mom
START 5 39 geometric_mom
FINISHED 5 38 geometric_mom completed 0.000762
FINISHED 5 37 FINISHED 5 36 geometric_mom completed 0.000799
geometric_mom completed 0.000786
FINISHED 5 39 geometric_mom completed 0.000925
START 5 40 geometric_mom
START 5 41 geometric_mom
START 5 42 geometric_mom
START 5 43 geometric_mom
FINISHED 5 43 geometric_mom completed 0.000816
FINISHED 5 41 geometric_mom completed 0.00084
FINISHED 5 40 geometric_mom completed 0.000877
FINISHED 5 42 geometric_mom completed 0.001025
START 5 44 geometric_mom
START 5 45 geometric_mom
START 5 46 geometric_mom
START 5 47 geometric_mom
FINISHED 5 44 geometric_mom completed 0.001037
FINISHED 5 45 geometric_mom completed 0.002406
FINISHED 5 46 geometric_mom completed 0.001067
FINISHED 5 47 geometric_mom completed 0.000878
PROGRESS 1744 / 2000
START 5 48 geometric_mom
START 5 49 geometric_mom
START 5 50 geometric_mom
START 5 51 geometric_mom
FINISHED 5 49 geometric_mom completed 0.00113
FINISHED 5 48 geometric_mom completed 0.001135
FINISHED 5 50 geometric_mom completed 0.000931
FINISHED 5 51 geometric_mom completed 0.000866
START 5 52 geometric_mom
START 5 53 geometric_mom
START 5 54 geometric_mom
START 5 55 geometric_mom
FINISHED 5 52 geometric_mom completed 0.00089
FINISHED 5 55 geometric_mom completed 0.001219
FINISHED 5 54 geometric_mom completed 0.000929
FINISHED 5 53 geometric_mom completed 0.001094
START 5 56 geometric_mom
START 5 57 geometric_mom
START 5 58 geometric_mom
START 5 59 geometric_mom
FINISHED 5 59 geometric_mom completed 0.001069
FINISHED 5 57 geometric_mom completed 0.000926
FINISHED 5 56 geometric_mom completed 0.000861
FINISHED 5 58 geometric_mom completed 0.002255
PROGRESS 1756 / 2000
running 1760 / 2000
START 5 60 geometric_mom
START 5 61 geometric_mom
START 5 62 geometric_mom
START 5 63 geometric_mom
FINISHED 5 63 geometric_mom completed 0.000777
FINISHED 5 60 geometric_mom completed 0.00111
FINISHED 5 62 geometric_mom completed 0.000934
FINISHED 5 61 geometric_mom completed 0.000881
START 5 64 geometric_mom
START 5 65 geometric_mom
START 5 66 geometric_mom
START 5 67 geometric_mom
FINISHED 5 66 geometric_mom completed 0.000833
FINISHED 5 65 geometric_mom completed 0.000845
FINISHED 5 64 geometric_mom completed 0.00097
FINISHED 5 67 geometric_mom completed 0.001039
START 5 68 geometric_mom
START 5 69 geometric_mom
START 5 70 geometric_mom
START 5 71 geometric_mom
FINISHED 5 69 geometric_mom completed 0.002131
FINISHED 5 68 geometric_mom completed 0.000947
FINISHED 5 71 geometric_mom completed 0.000865
FINISHED 5 70 geometric_mom completed 0.001038
PROGRESS 1768 / 2000
START 5 72 geometric_mom
START 5 73 geometric_mom
START 5 74 geometric_mom
START 5 75 geometric_mom
FINISHED 5 75 FINISHED 5 73 geometric_mom completed 0.000927
geometric_mom completed 0.000842
FINISHED 5 72 geometric_mom completed 0.00099
FINISHED 5 74 geometric_mom completed 0.001381
START 5 76 geometric_mom
START 5 77 geometric_mom
START 5 78 geometric_mom
START 5 79 geometric_mom
FINISHED 5 79 geometric_mom completed 0.000981
FINISHED 5 77 geometric_mom completed 0.001018
FINISHED 5 76 geometric_mom completed 0.00122
FINISHED 5 78 geometric_mom completed 0.00135
START 5 80 geometric_mom
START 5 81 geometric_mom
START 5 82 geometric_mom
START 5 83 geometric_mom
FINISHED 5 82 geometric_mom completed 0.000878
FINISHED 5 80 geometric_mom completed 0.000905
FINISHED 5 81 geometric_mom completed 0.001059
FINISHED 5 83 geometric_mom completed 0.000994
PROGRESS 1780 / 2000
START 5 84 geometric_mom
START 5 85 geometric_mom
START 5 86 geometric_mom
START 5 87 geometric_mom
FINISHEDFINISHEDFINISHED 5  5 86 geometric_mom completed 0.00087584 
 5 85 geometric_mom completed geometric_mom completed 0.001102
0.000981
FINISHED 5 87 geometric_mom completed 0.001086
START 5 88 geometric_mom
START 5 89 geometric_mom
START 5 90 geometric_mom
START 5 91 geometric_mom
FINISHED 5 90 geometric_mom completed 0.000931
FINISHED 5 91 geometric_mom completed 0.001066
FINISHED 5 88 geometric_mom completed 0.001004
FINISHED 5 89 geometric_mom completed 0.001037
START 5 92 geometric_mom
START 5 93 geometric_mom
START 5 94 geometric_mom
START 5 95 geometric_mom
FINISHED 5 92 geometric_mom completed 0.000836
FINISHED 5 93 geometric_mom completed 0.001133
FINISHED 5 95 geometric_mom completed 0.00102
FINISHED 5 94 geometric_mom completed 0.001213
PROGRESS 1792 / 2000
START 5 96 geometric_mom
START 5 97 geometric_mom
START 5 98 geometric_mom
START 5 99 geometric_mom
FINISHED 5 97 geometric_mom completedFINISHED  0.000876
FINISHED5 5 99 geometric_mom  98 completed geometric_mom0.000941 
completed FINISHED0.000861
 5 96 geometric_mom completed 0.000966
START 5 0 dl_clarabel
START 5 1 dl_clarabel
START 5 2 dl_clarabel
START 5 3 dl_clarabel
FINISHED 5 3 dl_clarabel completed 1.879224
FINISHED 5 1 dl_clarabel completed 2.020078
START 5 4 dl_clarabel
START 5 5 dl_clarabel
FINISHED 5 2 dl_clarabel completed 2.164053
FINISHED 5 0 dl_clarabel completed 2.546718
PROGRESS 1803 / 2000
FINISHED 5 4 dl_clarabel completed 2.254351
FINISHED 5 5 dl_clarabel completed 2.312261
running 1804 / 2000
START 5 6 dl_clarabel
START 5 7 dl_clarabel
START 5 8 dl_clarabel
START 5 9 dl_clarabel
FINISHED 5 7 dl_clarabel completed 1.408417
START 5 10 dl_clarabel
FINISHED 5 9 dl_clarabel completed 2.2536
FINISHED 5 8 dl_clarabel completed 2.281853
START 5 11 dl_clarabel
START 5 12 dl_clarabel
FINISHED 5 6 dl_clarabel completed 2.465905
START 5 13 dl_clarabel
FINISHED 5 10 dl_clarabel completed 1.818023
START 5 14 dl_clarabel
FINISHED 5 12 dl_clarabel completed 2.017939
START 5 15 dl_clarabel
FINISHED 5 11 dl_clarabel completed 2.188784
FINISHED 5 13 dl_clarabel completed 2.372372
PROGRESS 1813 / 2000
START 5 16 dl_clarabel
START 5 17 dl_clarabel
FINISHED 5 14 dl_clarabel completed 2.490552
START 5 18 dl_clarabel
FINISHED 5 15 dl_clarabel completed 2.449097
START 5 19 dl_clarabel
FINISHED 5 17 dl_clarabel completed 2.499745
FINISHED 5 16 dl_clarabel completed 2.613495
START 5 20 dl_clarabel
START 5 21 dl_clarabel
FINISHED 5 18 dl_clarabel completed 2.788195
START 5 22 dl_clarabel
FINISHED 5 19 dl_clarabel completed 2.462645
START 5 23 dl_clarabel
FINISHED 5 21 dl_clarabel completed 2.392877
START 5 24 dl_clarabel
FINISHED 5 20 dl_clarabel completed 2.634144
START 5 25 dl_clarabel
FINISHED 5 22 dl_clarabel completed 2.844929
FINISHED 5 23 dl_clarabel completed 2.663865
PROGRESS 1822 / 2000
START 5 26 dl_clarabel
START 5 27 dl_clarabel
FINISHED 5 24 dl_clarabel completed 2.708642
START 5 28 dl_clarabel
FINISHED 5 25 dl_clarabel completed 2.795984
START 5 29 dl_clarabel
FINISHED 5 27 dl_clarabel completed 1.930873
FINISHED 5 26 dl_clarabel completed 1.948117
START 5 30 dl_clarabel
START 5 31 dl_clarabel
FINISHED 5 29 dl_clarabel completed 2.12888
START 5 32 dl_clarabel
FINISHED 5 28 dl_clarabel completed 2.716657
START 5 33 dl_clarabel
FINISHED 5 31 dl_clarabel completed 2.299007
START 5 34 dl_clarabel
FINISHED 5 30 dl_clarabel completed 2.73749
START 5 35 dl_clarabel
PROGRESS 1832 / 2000
FINISHED 5 32 dl_clarabel completed 2.761706
START 5 36 dl_clarabel
FINISHED 5 33 dl_clarabel completed 2.942155
START 5 37 dl_clarabel
FINISHED 5 34 dl_clarabel completed 2.731071
START 5 38 dl_clarabel
FINISHED 5 35 dl_clarabel completed 2.807529
START 5 39 dl_clarabel
FINISHED 5 36 dl_clarabel completed 2.59217
FINISHED 5 37 dl_clarabel completed 2.165445
START 5 40 dl_clarabel
START 5 41 dl_clarabel
FINISHED 5 38 dl_clarabel completed 2.744302
START 5 42 dl_clarabel
FINISHED 5 39 dl_clarabel completed 2.57334
START 5 43 dl_clarabel
FINISHED 5 40 dl_clarabel completed 2.734951
FINISHED 5 41 dl_clarabel completed 2.881329
START 5 44 dl_clarabel
START 5 45 dl_clarabel
FINISHED 5 42 dl_clarabel completed 2.429191
FINISHED 5 43 dl_clarabel completed 2.314932
PROGRESS 1842 / 2000
START 5 46 dl_clarabel
START 5 47 dl_clarabel
FINISHED 5 45 dl_clarabel completed 1.99981
START 5 48 dl_clarabel
FINISHED 5 44 dl_clarabel completed 2.626768
START 5 49 dl_clarabel
FINISHED 5 47 dl_clarabel completed 2.20751
START 5 50 dl_clarabel
FINISHED 5 46 dl_clarabel completed 2.902561
START 5 51 dl_clarabel
FINISHED 5 48 dl_clarabel completed 2.439277
START 5 52 dl_clarabel
FINISHED 5 49 dl_clarabel completed 2.734048
START 5 53 dl_clarabel
FINISHED 5 50 dl_clarabel completed 2.520271
START 5 54 dl_clarabel
FINISHED 5 51 dl_clarabel completed 2.91861
START 5 55 dl_clarabel
FINISHED 5 52 dl_clarabel completed 2.886309
FINISHED 5 53 dl_clarabel completed 2.257198
PROGRESS 1853 / 2000
FINISHED 5 54 dl_clarabel completed 2.535635
FINISHED 5 55 dl_clarabel completed 2.203502
running 1855 / 2000
START 5 56 dl_clarabel
START 5 57 dl_clarabel
START 5 58 dl_clarabel
START 5 59 dl_clarabel
FINISHED 5 57 dl_clarabel completed 2.349116
START 5 60 dl_clarabel
FINISHED 5 59 dl_clarabel completed 2.674873
FINISHED 5 56 dl_clarabel completed 2.736554
START 5 61 dl_clarabel
START 5 62 dl_clarabel
FINISHED 5 58 dl_clarabel completed 3.071807
START 5 63 dl_clarabel
FINISHED 5 62 dl_clarabel completed 2.226449
START 5 64 dl_clarabel
FINISHED 5 60 dl_clarabel completed 2.843665
START 5 65 dl_clarabel
FINISHED 5 61 dl_clarabel completed 2.846195
FINISHED 5 63 dl_clarabel completed 2.609138
PROGRESS 1864 / 2000
START 5 66 dl_clarabel
START 5 67 dl_clarabel
FINISHED 5 64 dl_clarabel completed 2.559209
START 5 68 dl_clarabel
FINISHED 5 65 dl_clarabel completed 2.925043
START 5 69 dl_clarabel
FINISHED 5 67 dl_clarabel completed 2.688122
FINISHED 5 66 dl_clarabel completed 2.741162
START 5 70 dl_clarabel
START 5 71 dl_clarabel
FINISHED 5 68 dl_clarabel completed 3.058744
START 5 72 dl_clarabel
FINISHED 5 69 dl_clarabel completed 2.817635
START 5 73 dl_clarabel
FINISHED 5 70 dl_clarabel completed 2.73157
FINISHED 5 71 dl_clarabel completed 2.765544
START 5 74 dl_clarabel
START 5 75 dl_clarabel
FINISHED 5 72 dl_clarabel completed 2.532391
FINISHED 5 73 dl_clarabel completed 2.708161
PROGRESS 1872 / 2000
START 5 76 dl_clarabel
START 5 77 dl_clarabel
FINISHED 5 74 dl_clarabel completed 2.812955
FINISHED 5 75 dl_clarabel completed 2.8353
START 5 78 dl_clarabel
START 5 79 dl_clarabel
FINISHED 5 77 dl_clarabel completed 2.47783
FINISHED 5 76 dl_clarabel completed 2.729932
START 5 80 dl_clarabel
START 5 81 dl_clarabel
FINISHED 5 78 dl_clarabel completed 2.319411
FINISHED 5 79 dl_clarabel completed 2.430737
START 5 82 dl_clarabel
START 5 83 dl_clarabel
FINISHED 5 80 dl_clarabel completed 2.957069
FINISHED 5 81 dl_clarabel completed 3.048898
START 5 84 dl_clarabel
START 5 85 dl_clarabel
FINISHED 5 82 dl_clarabel completed 2.956061
FINISHED 5 83 dl_clarabel completed 3.123326
PROGRESS 1882 / 2000
START 5 86 dl_clarabel
START 5 87 dl_clarabel
FINISHED 5 84 dl_clarabel completed 2.88303
START 5 88 dl_clarabel
FINISHED 5 85 dl_clarabel completed 2.780878
START 5 89 dl_clarabel
FINISHED 5 86 dl_clarabel completed 2.553806
START 5 90 dl_clarabel
FINISHED 5 87 dl_clarabel completed 2.805971
START 5 91 dl_clarabel
FINISHED 5 88 dl_clarabel completed 2.754698
FINISHED 5 89 dl_clarabel completed 2.621617
START 5 92 dl_clarabel
START 5 93 dl_clarabel
FINISHED 5 90 dl_clarabel completed 2.136248
START 5 94 dl_clarabel
FINISHED 5 91 dl_clarabel completed 2.815201
START 5 95 dl_clarabel
FINISHED 5 93 dl_clarabel completed 2.17535
FINISHED 5 92 dl_clarabel completed 2.951032
PROGRESS 1893 / 2000
START 5 96 dl_clarabel
START 5 97 dl_clarabel
FINISHED 5 94 dl_clarabel completed 2.730706
START 5 98 dl_clarabel
FINISHED 5 95 dl_clarabel completed 2.434005
START 5 99 dl_clarabel
FINISHED 5 97 dl_clarabel completed 2.458822
START 5 0 algorithm_1
FINISHED 5 96 dl_clarabel completed 2.912341
START 5 1 algorithm_1
FINISHED 5 98 dl_clarabel completed 2.853148
START 5 2 algorithm_1
FINISHED 5 99 dl_clarabel completed 2.448473
START 5 3 algorithm_1
PROGRESS 1900 / 2000
running 1900 / 2000
PROGRESS 1900 / 2000
PROGRESS 1900 / 2000
FINISHED 5 0 algorithm_1 completed 53.605587
START 5 4 algorithm_1
PROGRESS 1901 / 2000
PROGRESS 1901 / 2000
PROGRESS 1901 / 2000
PROGRESS 1901 / 2000
PROGRESS 1901 / 2000
PROGRESS 1901 / 2000
running 1901 / 2000
PROGRESS 1901 / 2000
PROGRESS 1901 / 2000
PROGRESS 1901 / 2000
PROGRESS 1901 / 2000
PROGRESS 1901 / 2000
PROGRESS 1901 / 2000
PROGRESS 1901 / 2000
PROGRESS 1901 / 2000
running 1901 / 2000
PROGRESS 1901 / 2000
PROGRESS 1901 / 2000
PROGRESS 1901 / 2000
PROGRESS 1901 / 2000
PROGRESS 1901 / 2000
PROGRESS 1901 / 2000
PROGRESS 1901 / 2000
PROGRESS 1901 / 2000
running 1901 / 2000
PROGRESS 1901 / 2000
PROGRESS 1901 / 2000
PROGRESS 1901 / 2000
PROGRESS 1901 / 2000
PROGRESS 1901 / 2000
PROGRESS 1901 / 2000
PROGRESS 1901 / 2000
PROGRESS 1901 / 2000
running 1901 / 2000
PROGRESS 1901 / 2000
PROGRESS 1901 / 2000
PROGRESS 1901 / 2000
PROGRESS 1901 / 2000
FINISHED 5 4 algorithm_1 completed 583.490894
START 5 5 algorithm_1
PROGRESS 1902 / 2000
PROGRESS 1902 / 2000
FINISHED 5 1 algorithm_1 completed 675.99399
START 5 6 algorithm_1
PROGRESS 1903 / 2000
PROGRESS 1903 / 2000
running 1903 / 2000
PROGRESS 1903 / 2000
PROGRESS 1903 / 2000
PROGRESS 1903 / 2000
PROGRESS 1903 / 2000
PROGRESS 1903 / 2000
PROGRESS 1903 / 2000
PROGRESS 1903 / 2000
PROGRESS 1903 / 2000
FINISHED 5 3 algorithm_1 completed 849.707053
running 1903 / 2000
START 5 7 algorithm_1
PROGRESS 1904 / 2000
PROGRESS 1904 / 2000
PROGRESS 1904 / 2000
PROGRESS 1904 / 2000
PROGRESS 1904 / 2000
PROGRESS 1904 / 2000
PROGRESS 1904 / 2000
PROGRESS 1904 / 2000
running 1904 / 2000
PROGRESS 1904 / 2000
PROGRESS 1904 / 2000
PROGRESS 1904 / 2000
PROGRESS 1904 / 2000
PROGRESS 1904 / 2000
PROGRESS 1904 / 2000
PROGRESS 1904 / 2000
PROGRESS 1904 / 2000
running 1904 / 2000
PROGRESS 1904 / 2000
PROGRESS 1904 / 2000
PROGRESS 1904 / 2000
PROGRESS 1904 / 2000
PROGRESS 1904 / 2000
PROGRESS 1904 / 2000
PROGRESS 1904 / 2000
FINISHED 5 7 algorithm_1 completed 405.614657
START 5 8 algorithm_1
PROGRESS 1905 / 2000
running 1905 / 2000
PROGRESS 1905 / 2000
PROGRESS 1905 / 2000
PROGRESS 1905 / 2000
PROGRESS 1905 / 2000
PROGRESS 1905 / 2000
PROGRESS 1905 / 2000
PROGRESS 1905 / 2000
PROGRESS 1905 / 2000
running 1905 / 2000
PROGRESS 1905 / 2000
PROGRESS 1905 / 2000
PROGRESS 1905 / 2000
PROGRESS 1905 / 2000
PROGRESS 1905 / 2000
PROGRESS 1905 / 2000
PROGRESS 1905 / 2000
PROGRESS 1905 / 2000
running 1905 / 2000
PROGRESS 1905 / 2000
PROGRESS 1905 / 2000
PROGRESS 1905 / 2000
FINISHED 5 5 algorithm_1 completed 970.652991
START 5 9 algorithm_1
PROGRESS 1906 / 2000
PROGRESS 1906 / 2000
PROGRESS 1906 / 2000
PROGRESS 1906 / 2000
PROGRESS 1906 / 2000
running 1906 / 2000
PROGRESS 1906 / 2000
PROGRESS 1906 / 2000
PROGRESS 1906 / 2000
PROGRESS 1906 / 2000
FINISHED 5 9 algorithm_1 completed 163.482546
START 5 10 algorithm_1
PROGRESS 1907 / 2000
FINISHED 5 6 algorithm_1 completed 1110.554026
START 5 11 algorithm_1
PROGRESS 1908 / 2000
FINISHED 5 8 algorithm_1 completed 546.360439
START 5 12 algorithm_1
PROGRESS 1909 / 2000
PROGRESS 1909 / 2000
running 1909 / 2000
PROGRESS 1909 / 2000
FINISHED 5 12 algorithm_1 completed 48.356766
START 5 13 algorithm_1
PROGRESS 1910 / 2000
FINISHED 5 11 algorithm_1 completed 88.734581
START 5 14 algorithm_1
PROGRESS 1911 / 2000
PROGRESS 1911 / 2000
PROGRESS 1911 / 2000
PROGRESS 1911 / 2000
